n,T
1000,67
1000,110
1000,73
1000,69
1000,74
1000,57
1000,79
1000,80
1000,60
1000,74
1000,68
1000,66
1000,57
1000,64
1000,54
1000,63
1000,96
1000,78
1000,63
1000,60
1000,73
1000,62
1000,56
1000,71
1000,66
1000,84
1000,62
1000,68
1000,79
1000,76
1000,89
1000,67
1000,68
1000,80
1000,70
1000,65
1000,72
1000,79
1000,95
1000,52
1000,75
1000,55
1000,101
1000,68
1000,67
1000,91
1000,63
1000,72
1000,70
1000,82
2000,73
2000,75
2000,85
2000,72
2000,60
2000,67
2000,85
2000,73
2000,78
2000,78
2000,95
2000,87
2000,75
2000,69
2000,74
2000,60
2000,77
2000,82
2000,73
2000,119
2000,76
2000,76
2000,74
2000,75
2000,70
2000,77
2000,118
2000,69
2000,64
2000,61
2000,76
2000,96
2000,73
2000,80
2000,73
2000,128
2000,88
2000,73
2000,79
2000,70
2000,78
2000,80
2000,80
2000,61
2000,74
2000,72
2000,124
2000,77
2000,63
2000,77
3000,75
3000,70
3000,116
3000,92
3000,112
3000,68
3000,71
3000,70
3000,94
3000,81
3000,75
3000,84
3000,79
3000,76
3000,81
3000,89
3000,70
3000,88
3000,93
3000,86
3000,67
3000,102
3000,71
3000,82
3000,79
3000,74
3000,84
3000,83
3000,109
3000,90
3000,80
3000,74
3000,75
3000,78
3000,90
3000,80
3000,126
3000,82
3000,88
3000,90
3000,80
3000,74
3000,99
3000,74
3000,72
3000,61
3000,78
3000,83
3000,81
3000,87
4000,129
4000,124
4000,86
4000,87
4000,87
4000,87
4000,90
4000,84
4000,74
4000,71
4000,76
4000,79
4000,91
4000,93
4000,84
4000,78
4000,87
4000,95
4000,85
4000,74
4000,71
4000,76
4000,75
4000,75
4000,81
4000,69
4000,77
4000,77
4000,86
4000,88
4000,94
4000,107
4000,84
4000,72
4000,128
4000,74
4000,79
4000,77
4000,70
4000,93
4000,97
4000,88
4000,72
4000,84
4000,79
4000,75
4000,77
4000,106
4000,86
4000,93
5000,92
5000,89
5000,99
5000,83
5000,88
5000,88
5000,73
5000,93
5000,86
5000,98
5000,89
5000,114
5000,77
5000,106
5000,93
5000,109
5000,94
5000,68
5000,95
5000,113
5000,76
5000,80
5000,84
5000,99
5000,73
5000,87
5000,99
5000,87
5000,85
5000,77
5000,91
5000,96
5000,95
5000,92
5000,95
5000,84
5000,107
5000,123
5000,84
5000,82
5000,80
5000,94
5000,74
5000,75
5000,87
5000,102
5000,82
5000,83
5000,82
5000,90
6000,77
6000,73
6000,87
6000,85
6000,94
6000,87
6000,68
6000,71
6000,75
6000,68
6000,87
6000,103
6000,84
6000,90
6000,81
6000,117
6000,106
6000,91
6000,98
6000,91
6000,112
6000,82
6000,97
6000,78
6000,89
6000,86
6000,84
6000,123
6000,85
6000,116
6000,80
6000,79
6000,95
6000,106
6000,115
6000,83
6000,75
6000,91
6000,77
6000,92
6000,92
6000,80
6000,83
6000,82
6000,101
6000,95
6000,83
6000,95
6000,88
6000,103
7000,97
7000,100
7000,94
7000,93
7000,91
7000,89
7000,103
7000,97
7000,94
7000,78
7000,91
7000,93
7000,112
7000,78
7000,93
7000,93
7000,90
7000,88
7000,81
7000,92
7000,93
7000,80
7000,103
7000,87
7000,107
7000,81
7000,113
7000,73
7000,82
7000,89
7000,89
7000,87
7000,85
7000,102
7000,88
7000,80
7000,83
7000,85
7000,80
7000,84
7000,72
7000,82
7000,107
7000,125
7000,111
7000,94
7000,82
7000,80
7000,87
7000,80
8000,106
8000,84
8000,86
8000,80
8000,80
8000,89
8000,88
8000,141
8000,81
8000,103
8000,80
8000,96
8000,90
8000,89
8000,77
8000,96
8000,79
8000,88
8000,95
8000,74
8000,97
8000,112
8000,89
8000,93
8000,79
8000,82
8000,79
8000,99
8000,85
8000,113
8000,91
8000,83
8000,78
8000,119
8000,78
8000,107
8000,75
8000,103
8000,81
8000,86
8000,84
8000,105
8000,75
8000,76
8000,93
8000,86
8000,130
8000,79
8000,87
8000,81
9000,81
9000,85
9000,85
9000,87
9000,95
9000,115
9000,87
9000,88
9000,111
9000,84
9000,99
9000,79
9000,78
9000,77
9000,102
9000,102
9000,98
9000,97
9000,91
9000,77
9000,78
9000,142
9000,94
9000,75
9000,86
9000,87
9000,104
9000,101
9000,89
9000,121
9000,82
9000,91
9000,81
9000,85
9000,83
9000,82
9000,86
9000,90
9000,79
9000,89
9000,98
9000,95
9000,81
9000,85
9000,86
9000,111
9000,104
9000,94
9000,103
9000,121
10000,85
10000,95
10000,98
10000,107
10000,85
10000,82
10000,88
10000,92
10000,103
10000,90
10000,100
10000,80
10000,96
10000,91
10000,113
10000,75
10000,78
10000,86
10000,104
10000,92
10000,102
10000,97
10000,92
10000,115
10000,81
10000,105
10000,80
10000,90
10000,103
10000,91
10000,98
10000,112
10000,89
10000,82
10000,85
10000,79
10000,92
10000,89
10000,126
10000,95
10000,86
10000,94
10000,93
10000,91
10000,99
10000,87
10000,106
10000,119
10000,101
10000,89
11000,77
11000,100
11000,101
11000,81
11000,92
11000,78
11000,90
11000,106
11000,94
11000,85
11000,82
11000,84
11000,119
11000,96
11000,106
11000,92
11000,100
11000,96
11000,91
11000,81
11000,119
11000,91
11000,105
11000,106
11000,93
11000,77
11000,90
11000,81
11000,93
11000,87
11000,81
11000,84
11000,82
11000,95
11000,88
11000,83
11000,88
11000,79
11000,95
11000,95
11000,87
11000,87
11000,90
11000,113
11000,86
11000,99
11000,86
11000,97
11000,86
11000,90
12000,101
12000,109
12000,80
12000,76
12000,86
12000,94
12000,92
12000,98
12000,102
12000,86
12000,86
12000,81
12000,85
12000,92
12000,85
12000,90
12000,97
12000,86
12000,77
12000,96
12000,98
12000,92
12000,88
12000,107
12000,93
12000,103
12000,87
12000,87
12000,87
12000,106
12000,84
12000,95
12000,82
12000,99
12000,109
12000,100
12000,98
12000,105
12000,89
12000,99
12000,87
12000,87
12000,92
12000,91
12000,115
12000,100
12000,83
12000,91
12000,93
12000,94
13000,97
13000,106
13000,108
13000,94
13000,78
13000,79
13000,74
13000,92
13000,103
13000,129
13000,132
13000,97
13000,101
13000,81
13000,107
13000,94
13000,91
13000,87
13000,94
13000,91
13000,91
13000,92
13000,75
13000,96
13000,91
13000,103
13000,87
13000,104
13000,112
13000,94
13000,93
13000,101
13000,88
13000,92
13000,98
13000,95
13000,100
13000,80
13000,83
13000,84
13000,87
13000,80
13000,102
13000,79
13000,106
13000,87
13000,99
13000,126
13000,96
13000,120
14000,84
14000,89
14000,134
14000,107
14000,122
14000,121
14000,114
14000,96
14000,87
14000,85
14000,92
14000,87
14000,109
14000,94
14000,90
14000,84
14000,104
14000,98
14000,99
14000,83
14000,94
14000,96
14000,106
14000,79
14000,96
14000,107
14000,103
14000,90
14000,103
14000,98
14000,91
14000,100
14000,103
14000,89
14000,120
14000,85
14000,102
14000,110
14000,110
14000,94
14000,99
14000,122
14000,91
14000,97
14000,99
14000,88
14000,84
14000,103
14000,94
14000,88
15000,92
15000,89
15000,95
15000,114
15000,106
15000,85
15000,116
15000,97
15000,87
15000,110
15000,106
15000,129
15000,103
15000,94
15000,101
15000,110
15000,85
15000,99
15000,130
15000,93
15000,94
15000,101
15000,95
15000,95
15000,89
15000,101
15000,91
15000,85
15000,103
15000,92
15000,92
15000,90
15000,89
15000,100
15000,98
15000,82
15000,84
15000,94
15000,104
15000,88
15000,103
15000,119
15000,91
15000,83
15000,93
15000,95
15000,99
15000,98
15000,99
15000,113
16000,102
16000,102
16000,101
16000,103
16000,90
16000,96
16000,97
16000,85
16000,106
16000,90
16000,100
16000,97
16000,106
16000,113
16000,116
16000,90
16000,144
16000,122
16000,120
16000,121
16000,101
16000,82
16000,96
16000,100
16000,109
16000,113
16000,85
16000,89
16000,95
16000,90
16000,88
16000,89
16000,90
16000,110
16000,136
16000,89
16000,87
16000,110
16000,93
16000,84
16000,96
16000,91
16000,83
16000,88
16000,87
16000,89
16000,85
16000,78
16000,114
16000,102
17000,105
17000,109
17000,87
17000,105
17000,120
17000,96
17000,102
17000,77
17000,89
17000,88
17000,92
17000,99
17000,93
17000,114
17000,106
17000,89
17000,101
17000,102
17000,105
17000,87
17000,119
17000,112
17000,97
17000,90
17000,112
17000,103
17000,90
17000,77
17000,96
17000,133
17000,78
17000,85
17000,86
17000,96
17000,93
17000,99
17000,81
17000,88
17000,96
17000,87
17000,101
17000,86
17000,98
17000,90
17000,96
17000,110
17000,82
17000,109
17000,99
17000,101
18000,81
18000,92
18000,109
18000,143
18000,98
18000,98
18000,123
18000,105
18000,97
18000,99
18000,89
18000,90
18000,94
18000,102
18000,97
18000,99
18000,113
18000,88
18000,83
18000,107
18000,94
18000,105
18000,92
18000,92
18000,115
18000,83
18000,132
18000,104
18000,83
18000,110
18000,82
18000,105
18000,91
18000,95
18000,103
18000,81
18000,101
18000,97
18000,102
18000,94
18000,85
18000,98
18000,101
18000,95
18000,86
18000,113
18000,94
18000,80
18000,94
18000,82
19000,108
19000,95
19000,120
19000,85
19000,88
19000,104
19000,111
19000,88
19000,92
19000,95
19000,85
19000,89
19000,116
19000,129
19000,81
19000,90
19000,94
19000,82
19000,130
19000,87
19000,92
19000,91
19000,103
19000,94
19000,111
19000,110
19000,85
19000,109
19000,102
19000,90
19000,97
19000,99
19000,82
19000,114
19000,98
19000,160
19000,96
19000,108
19000,108
19000,90
19000,104
19000,104
19000,99
19000,94
19000,116
19000,88
19000,104
19000,99
19000,125
19000,99
20000,120
20000,96
20000,91
20000,105
20000,96
20000,93
20000,116
20000,124
20000,112
20000,88
20000,84
20000,92
20000,87
20000,88
20000,108
20000,112
20000,95
20000,115
20000,97
20000,106
20000,109
20000,101
20000,93
20000,88
20000,90
20000,98
20000,90
20000,113
20000,101
20000,94
20000,120
20000,102
20000,89
20000,97
20000,85
20000,94
20000,126
20000,87
20000,99
20000,99
20000,82
20000,111
20000,95
20000,102
20000,114
20000,115
20000,104
20000,81
20000,90
20000,99
21000,100
21000,101
21000,80
21000,117
21000,100
21000,98
21000,92
21000,87
21000,102
21000,95
21000,105
21000,94
21000,94
21000,98
21000,107
21000,103
21000,103
21000,106
21000,92
21000,89
21000,138
21000,88
21000,100
21000,93
21000,96
21000,123
21000,120
21000,102
21000,91
21000,99
21000,90
21000,120
21000,101
21000,90
21000,95
21000,85
21000,116
21000,115
21000,107
21000,96
21000,87
21000,101
21000,84
21000,95
21000,116
21000,86
21000,103
21000,105
21000,106
21000,88
22000,91
22000,91
22000,100
22000,97
22000,108
22000,99
22000,98
22000,94
22000,107
22000,111
22000,92
22000,106
22000,92
22000,99
22000,96
22000,105
22000,101
22000,107
22000,106
22000,102
22000,93
22000,103
22000,82
22000,105
22000,90
22000,85
22000,98
22000,120
22000,97
22000,91
22000,81
22000,94
22000,91
22000,120
22000,130
22000,92
22000,87
22000,93
22000,97
22000,123
22000,91
22000,90
22000,90
22000,87
22000,96
22000,129
22000,100
22000,81
22000,92
22000,97
23000,86
23000,115
23000,119
23000,106
23000,90
23000,91
23000,97
23000,98
23000,117
23000,94
23000,99
23000,86
23000,93
23000,105
23000,104
23000,86
23000,97
23000,134
23000,129
23000,106
23000,117
23000,107
23000,102
23000,93
23000,94
23000,91
23000,147
23000,113
23000,90
23000,94
23000,115
23000,90
23000,93
23000,99
23000,105
23000,91
23000,104
23000,108
23000,109
23000,84
23000,90
23000,96
23000,91
23000,93
23000,125
23000,92
23000,131
23000,115
23000,101
23000,99
24000,94
24000,88
24000,105
24000,105
24000,87
24000,95
24000,93
24000,99
24000,91
24000,102
24000,101
24000,91
24000,93
24000,99
24000,96
24000,95
24000,124
24000,97
24000,102
24000,104
24000,99
24000,115
24000,96
24000,94
24000,93
24000,95
24000,95
24000,100
24000,101
24000,90
24000,93
24000,96
24000,116
24000,89
24000,112
24000,84
24000,102
24000,94
24000,103
24000,90
24000,95
24000,90
24000,102
24000,98
24000,88
24000,96
24000,95
24000,110
24000,96
24000,91
25000,111
25000,99
25000,99
25000,138
25000,92
25000,91
25000,108
25000,111
25000,104
25000,100
25000,104
25000,95
25000,112
25000,99
25000,93
25000,99
25000,90
25000,113
25000,105
25000,118
25000,96
25000,84
25000,97
25000,102
25000,102
25000,96
25000,101
25000,103
25000,97
25000,112
25000,90
25000,96
25000,121
25000,92
25000,106
25000,91
25000,89
25000,150
25000,106
25000,100
25000,88
25000,98
25000,92
25000,124
25000,93
25000,111
25000,102
25000,110
25000,123
25000,100
26000,107
26000,129
26000,94
26000,87
26000,95
26000,98
26000,109
26000,102
26000,90
26000,90
26000,91
26000,100
26000,98
26000,114
26000,102
26000,102
26000,95
26000,101
26000,110
26000,94
26000,102
26000,115
26000,87
26000,103
26000,96
26000,103
26000,109
26000,93
26000,111
26000,91
26000,104
26000,102
26000,99
26000,112
26000,106
26000,86
26000,92
26000,116
26000,103
26000,106
26000,106
26000,120
26000,114
26000,97
26000,109
26000,118
26000,120
26000,112
26000,102
26000,96
27000,113
27000,93
27000,126
27000,84
27000,104
27000,84
27000,88
27000,118
27000,99
27000,105
27000,122
27000,108
27000,83
27000,129
27000,92
27000,97
27000,111
27000,85
27000,94
27000,112
27000,102
27000,96
27000,107
27000,101
27000,96
27000,143
27000,108
27000,95
27000,87
27000,122
27000,101
27000,103
27000,109
27000,96
27000,107
27000,97
27000,105
27000,95
27000,101
27000,97
27000,102
27000,95
27000,105
27000,96
27000,93
27000,109
27000,114
27000,97
27000,99
27000,99
28000,98
28000,105
28000,112
28000,108
28000,105
28000,95
28000,96
28000,100
28000,108
28000,96
28000,94
28000,110
28000,95
28000,93
28000,113
28000,92
28000,100
28000,108
28000,95
28000,113
28000,102
28000,109
28000,105
28000,94
28000,88
28000,97
28000,90
28000,100
28000,99
28000,96
28000,99
28000,97
28000,112
28000,90
28000,93
28000,97
28000,85
28000,113
28000,96
28000,82
28000,124
28000,96
28000,89
28000,97
28000,109
28000,97
28000,96
28000,98
28000,102
28000,88
29000,112
29000,93
29000,91
29000,117
29000,120
29000,104
29000,102
29000,96
29000,105
29000,109
29000,97
29000,119
29000,102
29000,137
29000,92
29000,96
29000,109
29000,95
29000,114
29000,106
29000,97
29000,87
29000,106
29000,105
29000,106
29000,87
29000,94
29000,106
29000,110
29000,107
29000,95
29000,93
29000,106
29000,100
29000,100
29000,112
29000,101
29000,110
29000,93
29000,97
29000,97
29000,94
29000,91
29000,93
29000,107
29000,89
29000,104
29000,106
29000,113
29000,104
30000,104
30000,110
30000,126
30000,118
30000,134
30000,106
30000,92
30000,95
30000,97
30000,109
30000,119
30000,104
30000,106
30000,114
30000,107
30000,98
30000,100
30000,97
30000,107
30000,90
30000,89
30000,109
30000,113
30000,87
30000,95
30000,95
30000,91
30000,100
30000,106
30000,99
30000,105
30000,98
30000,108
30000,106
30000,99
30000,122
30000,104
30000,109
30000,101
30000,114
30000,108
30000,113
30000,92
30000,107
30000,107
30000,96
30000,110
30000,94
30000,97
30000,94
31000,108
31000,96
31000,110
31000,89
31000,93
31000,99
31000,107
31000,102
31000,98
31000,98
31000,88
31000,107
31000,90
31000,133
31000,117
31000,107
31000,121
31000,95
31000,118
31000,118
31000,133
31000,113
31000,101
31000,94
31000,108
31000,108
31000,111
31000,105
31000,97
31000,107
31000,92
31000,85
31000,116
31000,109
31000,94
31000,109
31000,95
31000,100
31000,92
31000,88
31000,99
31000,111
31000,97
31000,111
31000,87
31000,91
31000,96
31000,103
31000,90
31000,90
32000,126
32000,116
32000,92
32000,86
32000,111
32000,130
32000,91
32000,123
32000,120
32000,103
32000,122
32000,101
32000,96
32000,97
32000,97
32000,107
32000,120
32000,112
32000,100
32000,99
32000,87
32000,111
32000,133
32000,102
32000,133
32000,104
32000,96
32000,107
32000,89
32000,93
32000,108
32000,107
32000,108
32000,98
32000,123
32000,108
32000,105
32000,97
32000,108
32000,92
32000,86
32000,117
32000,121
32000,116
32000,125
32000,99
32000,106
32000,119
32000,143
32000,101
33000,112
33000,161
33000,106
33000,93
33000,106
33000,101
33000,123
33000,111
33000,107
33000,93
33000,108
33000,90
33000,114
33000,101
33000,97
33000,90
33000,124
33000,114
33000,128
33000,92
33000,98
33000,99
33000,98
33000,113
33000,107
33000,140
33000,103
33000,96
33000,108
33000,112
33000,109
33000,93
33000,98
33000,110
33000,121
33000,96
33000,91
33000,91
33000,103
33000,109
33000,112
33000,97
33000,116
33000,91
33000,96
33000,92
33000,106
33000,96
33000,92
33000,100
34000,108
34000,91
34000,125
34000,104
34000,114
34000,91
34000,103
34000,96
34000,94
34000,113
34000,85
34000,92
34000,105
34000,99
34000,106
34000,161
34000,103
34000,111
34000,93
34000,106
34000,113
34000,109
34000,94
34000,111
34000,88
34000,93
34000,101
34000,97
34000,104
34000,112
34000,106
34000,109
34000,97
34000,108
34000,106
34000,88
34000,125
34000,99
34000,106
34000,105
34000,105
34000,104
34000,123
34000,109
34000,91
34000,100
34000,127
34000,119
34000,93
34000,117
35000,100
35000,90
35000,100
35000,102
35000,101
35000,118
35000,109
35000,100
35000,95
35000,129
35000,90
35000,124
35000,109
35000,101
35000,109
35000,99
35000,92
35000,103
35000,91
35000,89
35000,98
35000,119
35000,96
35000,138
35000,102
35000,137
35000,94
35000,92
35000,104
35000,110
35000,92
35000,103
35000,100
35000,97
35000,125
35000,126
35000,114
35000,99
35000,109
35000,110
35000,98
35000,106
35000,95
35000,96
35000,103
35000,104
35000,105
35000,125
35000,103
35000,117
36000,94
36000,107
36000,103
36000,85
36000,97
36000,99
36000,93
36000,106
36000,106
36000,108
36000,122
36000,103
36000,119
36000,105
36000,107
36000,117
36000,104
36000,114
36000,107
36000,96
36000,102
36000,95
36000,104
36000,104
36000,104
36000,118
36000,102
36000,86
36000,157
36000,95
36000,103
36000,101
36000,117
36000,104
36000,95
36000,108
36000,107
36000,91
36000,95
36000,92
36000,128
36000,97
36000,116
36000,114
36000,92
36000,118
36000,127
36000,92
36000,94
36000,99
37000,101
37000,107
37000,109
37000,93
37000,107
37000,113
37000,91
37000,119
37000,95
37000,95
37000,101
37000,105
37000,105
37000,90
37000,115
37000,102
37000,104
37000,97
37000,92
37000,96
37000,138
37000,110
37000,102
37000,93
37000,104
37000,113
37000,117
37000,104
37000,111
37000,124
37000,112
37000,93
37000,95
37000,108
37000,133
37000,107
37000,86
37000,110
37000,93
37000,98
37000,113
37000,115
37000,139
37000,99
37000,91
37000,107
37000,105
37000,111
37000,100
37000,98
38000,107
38000,113
38000,100
38000,106
38000,134
38000,86
38000,100
38000,97
38000,106
38000,101
38000,104
38000,95
38000,117
38000,100
38000,100
38000,96
38000,124
38000,101
38000,105
38000,90
38000,118
38000,99
38000,105
38000,106
38000,106
38000,142
38000,112
38000,119
38000,97
38000,101
38000,94
38000,101
38000,93
38000,113
38000,103
38000,108
38000,94
38000,94
38000,98
38000,96
38000,101
38000,104
38000,87
38000,101
38000,89
38000,104
38000,100
38000,102
38000,100
38000,99
39000,117
39000,95
39000,104
39000,96
39000,98
39000,139
39000,116
39000,88
39000,86
39000,113
39000,93
39000,99
39000,103
39000,110
39000,98
39000,198
39000,98
39000,109
39000,112
39000,107
39000,103
39000,118
39000,112
39000,138
39000,92
39000,103
39000,89
39000,84
39000,108
39000,102
39000,88
39000,103
39000,115
39000,104
39000,97
39000,112
39000,96
39000,103
39000,114
39000,182
39000,90
39000,95
39000,98
39000,109
39000,109
39000,98
39000,111
39000,96
39000,108
39000,126
40000,107
40000,97
40000,96
40000,115
40000,114
40000,95
40000,125
40000,99
40000,100
40000,96
40000,103
40000,100
40000,95
40000,118
40000,98
40000,98
40000,113
40000,104
40000,101
40000,112
40000,122
40000,108
40000,100
40000,92
40000,112
40000,121
40000,97
40000,116
40000,109
40000,121
40000,94
40000,86
40000,98
40000,117
40000,90
40000,147
40000,99
40000,91
40000,105
40000,98
40000,106
40000,111
40000,95
40000,95
40000,103
40000,93
40000,107
40000,120
40000,121
40000,103
41000,113
41000,102
41000,101
41000,122
41000,98
41000,110
41000,95
41000,116
41000,101
41000,139
41000,123
41000,108
41000,94
41000,114
41000,102
41000,86
41000,119
41000,115
41000,84
41000,92
41000,102
41000,91
41000,112
41000,98
41000,117
41000,102
41000,117
41000,102
41000,100
41000,104
41000,96
41000,105
41000,103
41000,105
41000,118
41000,90
41000,100
41000,107
41000,119
41000,97
41000,97
41000,100
41000,99
41000,119
41000,111
41000,102
41000,121
41000,111
41000,131
41000,116
42000,127
42000,110
42000,106
42000,103
42000,96
42000,105
42000,110
42000,94
42000,109
42000,113
42000,105
42000,107
42000,112
42000,99
42000,120
42000,103
42000,122
42000,110
42000,102
42000,90
42000,138
42000,115
42000,119
42000,105
42000,106
42000,131
42000,119
42000,94
42000,112
42000,112
42000,95
42000,106
42000,113
42000,97
42000,105
42000,102
42000,118
42000,98
42000,88
42000,105
42000,105
42000,120
42000,119
42000,116
42000,139
42000,94
42000,100
42000,101
42000,135
42000,112
43000,109
43000,95
43000,143
43000,104
43000,109
43000,112
43000,94
43000,109
43000,107
43000,107
43000,96
43000,93
43000,104
43000,100
43000,95
43000,115
43000,109
43000,102
43000,115
43000,105
43000,103
43000,112
43000,117
43000,86
43000,102
43000,109
43000,97
43000,104
43000,109
43000,109
43000,104
43000,106
43000,109
43000,111
43000,123
43000,109
43000,105
43000,117
43000,119
43000,91
43000,113
43000,114
43000,109
43000,104
43000,132
43000,103
43000,112
43000,98
43000,103
43000,105
44000,93
44000,120
44000,114
44000,95
44000,103
44000,122
44000,124
44000,99
44000,110
44000,94
44000,112
44000,115
44000,94
44000,114
44000,103
44000,112
44000,92
44000,110
44000,94
44000,113
44000,109
44000,138
44000,105
44000,99
44000,104
44000,102
44000,100
44000,94
44000,96
44000,96
44000,100
44000,95
44000,138
44000,101
44000,97
44000,109
44000,125
44000,93
44000,111
44000,114
44000,104
44000,108
44000,98
44000,95
44000,91
44000,116
44000,109
44000,105
44000,100
44000,99
45000,119
45000,140
45000,97
45000,101
45000,93
45000,107
45000,97
45000,109
45000,120
45000,106
45000,112
45000,96
45000,103
45000,135
45000,104
45000,95
45000,92
45000,109
45000,92
45000,119
45000,92
45000,108
45000,97
45000,98
45000,101
45000,119
45000,123
45000,116
45000,97
45000,91
45000,110
45000,111
45000,110
45000,112
45000,97
45000,121
45000,111
45000,104
45000,97
45000,118
45000,103
45000,103
45000,102
45000,124
45000,99
45000,96
45000,100
45000,102
45000,114
45000,106
46000,98
46000,118
46000,107
46000,100
46000,88
46000,111
46000,98
46000,102
46000,102
46000,107
46000,103
46000,99
46000,106
46000,117
46000,115
46000,112
46000,118
46000,109
46000,122
46000,117
46000,100
46000,111
46000,95
46000,111
46000,107
46000,98
46000,98
46000,101
46000,104
46000,105
46000,134
46000,114
46000,128
46000,120
46000,109
46000,97
46000,116
46000,105
46000,99
46000,125
46000,133
46000,89
46000,100
46000,115
46000,113
46000,126
46000,109
46000,117
46000,105
46000,95
47000,118
47000,119
47000,108
47000,107
47000,104
47000,105
47000,102
47000,114
47000,107
47000,105
47000,120
47000,107
47000,109
47000,108
47000,91
47000,97
47000,98
47000,109
47000,126
47000,131
47000,142
47000,98
47000,118
47000,112
47000,105
47000,103
47000,96
47000,95
47000,115
47000,105
47000,117
47000,109
47000,107
47000,110
47000,107
47000,105
47000,112
47000,107
47000,106
47000,129
47000,102
47000,112
47000,101
47000,119
47000,116
47000,111
47000,94
47000,124
47000,143
47000,111
48000,91
48000,109
48000,93
48000,104
48000,99
48000,118
48000,100
48000,102
48000,105
48000,101
48000,141
48000,128
48000,98
48000,116
48000,97
48000,99
48000,107
48000,118
48000,106
48000,107
48000,110
48000,99
48000,102
48000,107
48000,102
48000,93
48000,118
48000,103
48000,108
48000,110
48000,106
48000,106
48000,104
48000,104
48000,156
48000,95
48000,94
48000,107
48000,120
48000,119
48000,132
48000,106
48000,105
48000,100
48000,100
48000,105
48000,93
48000,85
48000,108
48000,93
49000,94
49000,118
49000,132
49000,115
49000,131
49000,110
49000,138
49000,105
49000,121
49000,102
49000,96
49000,93
49000,101
49000,127
49000,101
49000,96
49000,117
49000,106
49000,107
49000,94
49000,98
49000,108
49000,102
49000,98
49000,120
49000,99
49000,102
49000,95
49000,115
49000,113
49000,100
49000,116
49000,106
49000,93
49000,95
49000,97
49000,123
49000,97
49000,125
49000,112
49000,161
49000,110
49000,105
49000,95
49000,90
49000,95
49000,100
49000,108
49000,128
49000,124
50000,122
50000,107
50000,103
50000,118
50000,101
50000,94
50000,109
50000,109
50000,123
50000,131
50000,107
50000,92
50000,107
50000,118
50000,154
50000,94
50000,110
50000,136
50000,106
50000,112
50000,104
50000,150
50000,113
50000,109
50000,100
50000,119
50000,92
50000,94
50000,92
50000,149
50000,110
50000,136
50000,94
50000,92
50000,140
50000,116
50000,93
50000,106
50000,105
50000,101
50000,111
50000,128
50000,100
50000,104
50000,108
50000,101
50000,115
50000,142
50000,108
50000,126
51000,98
51000,100
51000,112
51000,113
51000,129
51000,112
51000,103
51000,94
51000,106
51000,121
51000,97
51000,134
51000,104
51000,132
51000,116
51000,97
51000,115
51000,126
51000,120
51000,104
51000,100
51000,97
51000,89
51000,107
51000,106
51000,130
51000,98
51000,94
51000,93
51000,110
51000,106
51000,99
51000,121
51000,117
51000,100
51000,110
51000,97
51000,106
51000,103
51000,104
51000,96
51000,99
51000,92
51000,108
51000,97
51000,104
51000,109
51000,111
51000,114
51000,113
52000,106
52000,104
52000,109
52000,103
52000,103
52000,98
52000,109
52000,98
52000,116
52000,111
52000,106
52000,115
52000,109
52000,115
52000,116
52000,110
52000,99
52000,114
52000,135
52000,91
52000,112
52000,135
52000,115
52000,116
52000,108
52000,105
52000,111
52000,93
52000,108
52000,145
52000,96
52000,106
52000,117
52000,130
52000,94
52000,99
52000,97
52000,98
52000,106
52000,153
52000,123
52000,118
52000,103
52000,128
52000,105
52000,112
52000,114
52000,112
52000,129
52000,107
53000,108
53000,105
53000,112
53000,116
53000,113
53000,102
53000,108
53000,126
53000,119
53000,109
53000,125
53000,110
53000,109
53000,100
53000,116
53000,122
53000,110
53000,102
53000,102
53000,92
53000,110
53000,130
53000,111
53000,108
53000,114
53000,104
53000,99
53000,117
53000,168
53000,101
53000,110
53000,118
53000,104
53000,128
53000,128
53000,121
53000,114
53000,102
53000,97
53000,96
53000,109
53000,104
53000,110
53000,92
53000,127
53000,115
53000,109
53000,105
53000,104
53000,108
54000,141
54000,106
54000,112
54000,102
54000,129
54000,110
54000,102
54000,106
54000,103
54000,139
54000,124
54000,114
54000,108
54000,107
54000,138
54000,96
54000,120
54000,96
54000,110
54000,119
54000,112
54000,121
54000,104
54000,144
54000,105
54000,96
54000,105
54000,133
54000,103
54000,106
54000,94
54000,108
54000,116
54000,141
54000,98
54000,112
54000,90
54000,99
54000,102
54000,101
54000,108
54000,96
54000,94
54000,123
54000,106
54000,96
54000,106
54000,109
54000,119
54000,116
55000,106
55000,97
55000,96
55000,111
55000,99
55000,104
55000,102
55000,94
55000,108
55000,93
55000,106
55000,141
55000,102
55000,125
55000,105
55000,95
55000,98
55000,118
55000,127
55000,113
55000,98
55000,97
55000,108
55000,95
55000,102
55000,98
55000,118
55000,122
55000,116
55000,159
55000,101
55000,102
55000,106
55000,108
55000,133
55000,105
55000,92
55000,117
55000,115
55000,150
55000,113
55000,113
55000,108
55000,112
55000,90
55000,111
55000,103
55000,101
55000,116
55000,118
56000,105
56000,109
56000,99
56000,124
56000,98
56000,93
56000,125
56000,92
56000,107
56000,110
56000,134
56000,110
56000,100
56000,109
56000,131
56000,107
56000,103
56000,98
56000,96
56000,111
56000,106
56000,108
56000,115
56000,118
56000,110
56000,128
56000,105
56000,120
56000,93
56000,91
56000,111
56000,102
56000,108
56000,118
56000,100
56000,108
56000,118
56000,105
56000,97
56000,91
56000,104
56000,99
56000,127
56000,131
56000,122
56000,115
56000,115
56000,117
56000,110
56000,94
57000,127
57000,99
57000,108
57000,110
57000,94
57000,109
57000,115
57000,106
57000,107
57000,104
57000,96
57000,108
57000,118
57000,103
57000,102
57000,106
57000,100
57000,121
57000,111
57000,98
57000,125
57000,108
57000,135
57000,126
57000,102
57000,121
57000,112
57000,112
57000,126
57000,97
57000,120
57000,118
57000,112
57000,110
57000,109
57000,153
57000,129
57000,113
57000,102
57000,112
57000,122
57000,103
57000,108
57000,123
57000,97
57000,124
57000,110
57000,92
57000,93
57000,95
58000,136
58000,126
58000,97
58000,111
58000,108
58000,106
58000,108
58000,100
58000,107
58000,107
58000,126
58000,129
58000,101
58000,114
58000,107
58000,98
58000,100
58000,102
58000,119
58000,111
58000,105
58000,105
58000,96
58000,98
58000,120
58000,101
58000,97
58000,100
58000,97
58000,117
58000,130
58000,124
58000,106
58000,97
58000,99
58000,110
58000,111
58000,124
58000,101
58000,110
58000,123
58000,95
58000,111
58000,124
58000,113
58000,131
58000,122
58000,109
58000,115
58000,126
59000,95
59000,92
59000,106
59000,108
59000,107
59000,96
59000,109
59000,97
59000,112
59000,105
59000,113
59000,118
59000,96
59000,103
59000,111
59000,128
59000,120
59000,120
59000,146
59000,112
59000,139
59000,111
59000,109
59000,98
59000,102
59000,105
59000,115
59000,92
59000,108
59000,108
59000,96
59000,126
59000,115
59000,129
59000,129
59000,118
59000,107
59000,114
59000,93
59000,133
59000,103
59000,108
59000,116
59000,105
59000,116
59000,113
59000,122
59000,125
59000,111
59000,110
60000,105
60000,87
60000,108
60000,116
60000,100
60000,116
60000,103
60000,102
60000,109
60000,114
60000,132
60000,109
60000,98
60000,94
60000,123
60000,101
60000,97
60000,104
60000,99
60000,111
60000,113
60000,113
60000,122
60000,109
60000,99
60000,103
60000,89
60000,140
60000,149
60000,99
60000,101
60000,106
60000,132
60000,89
60000,108
60000,112
60000,128
60000,104
60000,102
60000,105
60000,118
60000,115
60000,103
60000,141
60000,102
60000,89
60000,132
60000,113
60000,99
60000,117
61000,116
61000,113
61000,98
61000,107
61000,115
61000,101
61000,93
61000,95
61000,137
61000,137
61000,114
61000,118
61000,126
61000,115
61000,121
61000,125
61000,123
61000,107
61000,103
61000,108
61000,103
61000,123
61000,116
61000,129
61000,91
61000,111
61000,101
61000,120
61000,104
61000,141
61000,127
61000,94
61000,132
61000,161
61000,141
61000,108
61000,108
61000,121
61000,120
61000,102
61000,105
61000,112
61000,124
61000,105
61000,104
61000,114
61000,101
61000,121
61000,103
61000,104
62000,102
62000,98
62000,93
62000,139
62000,126
62000,112
62000,104
62000,119
62000,107
62000,138
62000,134
62000,102
62000,97
62000,104
62000,113
62000,102
62000,117
62000,111
62000,133
62000,100
62000,127
62000,131
62000,109
62000,106
62000,104
62000,104
62000,127
62000,108
62000,106
62000,109
62000,113
62000,126
62000,124
62000,100
62000,98
62000,103
62000,117
62000,117
62000,115
62000,111
62000,100
62000,109
62000,96
62000,114
62000,120
62000,104
62000,111
62000,125
62000,117
62000,102
63000,126
63000,98
63000,104
63000,103
63000,107
63000,132
63000,136
63000,102
63000,95
63000,110
63000,94
63000,100
63000,121
63000,117
63000,124
63000,92
63000,110
63000,116
63000,109
63000,104
63000,102
63000,121
63000,116
63000,150
63000,102
63000,103
63000,91
63000,107
63000,101
63000,119
63000,102
63000,109
63000,127
63000,106
63000,110
63000,110
63000,122
63000,118
63000,103
63000,101
63000,103
63000,93
63000,145
63000,101
63000,121
63000,102
63000,100
63000,104
63000,113
63000,121
64000,104
64000,96
64000,103
64000,101
64000,125
64000,127
64000,100
64000,101
64000,96
64000,101
64000,117
64000,113
64000,95
64000,121
64000,101
64000,119
64000,104
64000,122
64000,108
64000,99
64000,113
64000,106
64000,102
64000,106
64000,117
64000,103
64000,119
64000,123
64000,96
64000,106
64000,121
64000,103
64000,127
64000,108
64000,122
64000,107
64000,127
64000,107
64000,109
64000,98
64000,115
64000,93
64000,95
64000,111
64000,138
64000,98
64000,102
64000,124
64000,100
64000,108
65000,97
65000,118
65000,117
65000,98
65000,108
65000,111
65000,119
65000,107
65000,109
65000,106
65000,94
65000,111
65000,134
65000,105
65000,114
65000,102
65000,114
65000,107
65000,108
65000,107
65000,109
65000,103
65000,113
65000,128
65000,104
65000,123
65000,104
65000,108
65000,113
65000,108
65000,116
65000,92
65000,136
65000,114
65000,123
65000,114
65000,109
65000,144
65000,90
65000,118
65000,98
65000,104
65000,108
65000,102
65000,109
65000,120
65000,107
65000,123
65000,106
65000,107
66000,103
66000,130
66000,138
66000,90
66000,96
66000,121
66000,117
66000,111
66000,101
66000,129
66000,112
66000,102
66000,147
66000,107
66000,118
66000,93
66000,103
66000,120
66000,109
66000,114
66000,106
66000,135
66000,108
66000,111
66000,117
66000,94
66000,127
66000,100
66000,107
66000,110
66000,123
66000,119
66000,100
66000,127
66000,107
66000,121
66000,104
66000,92
66000,108
66000,108
66000,116
66000,99
66000,102
66000,102
66000,116
66000,100
66000,98
66000,127
66000,111
66000,130
67000,117
67000,114
67000,102
67000,118
67000,144
67000,115
67000,121
67000,100
67000,112
67000,106
67000,127
67000,95
67000,115
67000,114
67000,118
67000,113
67000,116
67000,101
67000,114
67000,128
67000,96
67000,125
67000,98
67000,103
67000,107
67000,134
67000,104
67000,110
67000,110
67000,96
67000,102
67000,103
67000,111
67000,100
67000,131
67000,137
67000,110
67000,127
67000,101
67000,122
67000,117
67000,103
67000,111
67000,140
67000,113
67000,112
67000,103
67000,103
67000,99
67000,107
68000,121
68000,132
68000,100
68000,102
68000,103
68000,101
68000,114
68000,109
68000,117
68000,117
68000,120
68000,116
68000,113
68000,115
68000,112
68000,157
68000,103
68000,95
68000,90
68000,92
68000,130
68000,118
68000,135
68000,112
68000,107
68000,130
68000,136
68000,115
68000,115
68000,96
68000,110
68000,95
68000,108
68000,115
68000,123
68000,97
68000,120
68000,105
68000,94
68000,119
68000,158
68000,113
68000,119
68000,122
68000,109
68000,97
68000,104
68000,131
68000,122
68000,94
69000,96
69000,113
69000,107
69000,117
69000,107
69000,100
69000,112
69000,146
69000,118
69000,121
69000,103
69000,120
69000,112
69000,125
69000,96
69000,103
69000,108
69000,120
69000,100
69000,112
69000,110
69000,96
69000,106
69000,96
69000,120
69000,117
69000,123
69000,96
69000,119
69000,114
69000,94
69000,119
69000,97
69000,149
69000,111
69000,106
69000,116
69000,160
69000,111
69000,127
69000,106
69000,131
69000,110
69000,116
69000,99
69000,108
69000,105
69000,112
69000,95
69000,119
70000,107
70000,111
70000,116
70000,108
70000,121
70000,116
70000,103
70000,104
70000,108
70000,111
70000,108
70000,101
70000,96
70000,129
70000,106
70000,104
70000,115
70000,115
70000,99
70000,108
70000,113
70000,121
70000,101
70000,106
70000,110
70000,124
70000,99
70000,117
70000,129
70000,134
70000,102
70000,114
70000,113
70000,114
70000,96
70000,125
70000,98
70000,99
70000,115
70000,102
70000,96
70000,95
70000,108
70000,104
70000,110
70000,110
70000,128
70000,110
70000,114
70000,101
71000,119
71000,112
71000,102
71000,106
71000,106
71000,99
71000,115
71000,113
71000,126
71000,113
71000,106
71000,113
71000,120
71000,170
71000,109
71000,97
71000,106
71000,92
71000,101
71000,110
71000,119
71000,116
71000,105
71000,110
71000,109
71000,101
71000,108
71000,98
71000,112
71000,106
71000,121
71000,125
71000,119
71000,114
71000,135
71000,133
71000,116
71000,129
71000,112
71000,124
71000,123
71000,98
71000,124
71000,108
71000,104
71000,96
71000,97
71000,102
71000,103
71000,118
72000,120
72000,135
72000,113
72000,100
72000,109
72000,131
72000,94
72000,121
72000,118
72000,101
72000,137
72000,108
72000,152
72000,98
72000,157
72000,108
72000,108
72000,115
72000,97
72000,104
72000,105
72000,101
72000,106
72000,97
72000,102
72000,109
72000,97
72000,112
72000,108
72000,104
72000,127
72000,119
72000,131
72000,121
72000,117
72000,120
72000,120
72000,151
72000,102
72000,113
72000,102
72000,108
72000,97
72000,102
72000,125
72000,100
72000,118
72000,101
72000,98
72000,106
73000,132
73000,101
73000,107
73000,132
73000,100
73000,113
73000,112
73000,112
73000,106
73000,104
73000,104
73000,119
73000,105
73000,89
73000,103
73000,97
73000,106
73000,112
73000,114
73000,115
73000,135
73000,114
73000,119
73000,111
73000,95
73000,105
73000,139
73000,104
73000,93
73000,122
73000,114
73000,121
73000,99
73000,100
73000,98
73000,108
73000,103
73000,125
73000,118
73000,109
73000,111
73000,99
73000,98
73000,118
73000,131
73000,98
73000,107
73000,108
73000,113
73000,96
74000,111
74000,114
74000,105
74000,130
74000,124
74000,105
74000,100
74000,107
74000,104
74000,118
74000,103
74000,122
74000,119
74000,104
74000,101
74000,115
74000,118
74000,94
74000,124
74000,117
74000,98
74000,132
74000,116
74000,107
74000,105
74000,103
74000,97
74000,120
74000,94
74000,131
74000,119
74000,98
74000,101
74000,121
74000,128
74000,108
74000,105
74000,107
74000,112
74000,101
74000,98
74000,110
74000,133
74000,122
74000,108
74000,102
74000,117
74000,110
74000,107
74000,124
75000,113
75000,117
75000,120
75000,97
75000,105
75000,126
75000,102
75000,110
75000,101
75000,95
75000,124
75000,114
75000,121
75000,150
75000,113
75000,113
75000,102
75000,110
75000,125
75000,106
75000,116
75000,112
75000,103
75000,111
75000,117
75000,103
75000,117
75000,102
75000,122
75000,102
75000,99
75000,102
75000,142
75000,115
75000,109
75000,112
75000,127
75000,121
75000,116
75000,101
75000,129
75000,119
75000,119
75000,113
75000,101
75000,118
75000,116
75000,150
75000,107
75000,111
76000,106
76000,100
76000,108
76000,98
76000,103
76000,111
76000,119
76000,113
76000,106
76000,133
76000,98
76000,149
76000,119
76000,104
76000,105
76000,96
76000,120
76000,100
76000,119
76000,121
76000,106
76000,115
76000,129
76000,115
76000,113
76000,122
76000,118
76000,111
76000,112
76000,110
76000,131
76000,102
76000,102
76000,120
76000,110
76000,100
76000,103
76000,100
76000,107
76000,134
76000,120
76000,104
76000,108
76000,108
76000,106
76000,104
76000,115
76000,99
76000,103
76000,106
77000,111
77000,117
77000,100
77000,99
77000,113
77000,101
77000,124
77000,110
77000,141
77000,103
77000,126
77000,102
77000,98
77000,105
77000,114
77000,99
77000,118
77000,108
77000,102
77000,127
77000,101
77000,105
77000,100
77000,93
77000,107
77000,118
77000,147
77000,102
77000,125
77000,110
77000,102
77000,109
77000,119
77000,114
77000,109
77000,105
77000,102
77000,97
77000,101
77000,119
77000,109
77000,108
77000,119
77000,111
77000,129
77000,106
77000,114
77000,103
77000,95
77000,110
78000,112
78000,104
78000,110
78000,118
78000,115
78000,108
78000,113
78000,105
78000,105
78000,111
78000,111
78000,105
78000,99
78000,128
78000,99
78000,110
78000,115
78000,113
78000,130
78000,124
78000,103
78000,112
78000,116
78000,124
78000,103
78000,122
78000,105
78000,106
78000,107
78000,102
78000,126
78000,106
78000,111
78000,101
78000,106
78000,101
78000,109
78000,113
78000,100
78000,97
78000,133
78000,107
78000,104
78000,100
78000,106
78000,128
78000,99
78000,117
78000,131
78000,101
79000,104
79000,125
79000,129
79000,118
79000,118
79000,140
79000,106
79000,101
79000,93
79000,110
79000,98
79000,115
79000,99
79000,96
79000,110
79000,134
79000,99
79000,111
79000,117
79000,116
79000,108
79000,124
79000,133
79000,106
79000,106
79000,119
79000,136
79000,124
79000,120
79000,114
79000,133
79000,107
79000,118
79000,125
79000,114
79000,130
79000,103
79000,119
79000,109
79000,103
79000,113
79000,107
79000,108
79000,105
79000,100
79000,103
79000,112
79000,145
79000,126
79000,125
80000,116
80000,125
80000,100
80000,129
80000,126
80000,117
80000,145
80000,113
80000,113
80000,110
80000,102
80000,108
80000,117
80000,110
80000,104
80000,110
80000,94
80000,108
80000,107
80000,111
80000,98
80000,108
80000,103
80000,136
80000,108
80000,116
80000,112
80000,119
80000,127
80000,122
80000,112
80000,108
80000,123
80000,117
80000,116
80000,106
80000,114
80000,106
80000,101
80000,114
80000,111
80000,109
80000,122
80000,109
80000,119
80000,102
80000,101
80000,111
80000,115
80000,127
81000,135
81000,99
81000,101
81000,118
81000,124
81000,115
81000,93
81000,98
81000,113
81000,155
81000,106
81000,102
81000,114
81000,119
81000,102
81000,127
81000,122
81000,110
81000,110
81000,114
81000,104
81000,108
81000,107
81000,105
81000,105
81000,110
81000,98
81000,111
81000,95
81000,122
81000,138
81000,117
81000,110
81000,133
81000,102
81000,110
81000,100
81000,118
81000,129
81000,99
81000,111
81000,111
81000,125
81000,106
81000,115
81000,117
81000,109
81000,114
81000,98
81000,106
82000,110
82000,106
82000,134
82000,104
82000,113
82000,108
82000,113
82000,106
82000,122
82000,95
82000,104
82000,109
82000,141
82000,107
82000,118
82000,127
82000,108
82000,99
82000,115
82000,103
82000,116
82000,102
82000,105
82000,114
82000,98
82000,135
82000,113
82000,112
82000,126
82000,116
82000,108
82000,100
82000,120
82000,106
82000,140
82000,112
82000,105
82000,105
82000,101
82000,130
82000,112
82000,103
82000,127
82000,119
82000,101
82000,103
82000,96
82000,108
82000,146
82000,126
83000,104
83000,119
83000,113
83000,94
83000,138
83000,112
83000,115
83000,110
83000,112
83000,104
83000,121
83000,115
83000,110
83000,111
83000,126
83000,146
83000,114
83000,103
83000,127
83000,120
83000,105
83000,118
83000,110
83000,115
83000,102
83000,96
83000,102
83000,113
83000,102
83000,112
83000,110
83000,105
83000,128
83000,103
83000,122
83000,115
83000,111
83000,107
83000,107
83000,100
83000,112
83000,114
83000,124
83000,107
83000,105
83000,105
83000,105
83000,102
83000,133
83000,127
84000,94
84000,113
84000,104
84000,101
84000,116
84000,112
84000,113
84000,115
84000,118
84000,155
84000,112
84000,127
84000,110
84000,115
84000,95
84000,118
84000,118
84000,120
84000,120
84000,106
84000,103
84000,157
84000,99
84000,100
84000,131
84000,100
84000,103
84000,123
84000,101
84000,95
84000,117
84000,104
84000,107
84000,115
84000,108
84000,104
84000,114
84000,119
84000,106
84000,113
84000,144
84000,110
84000,107
84000,109
84000,102
84000,112
84000,99
84000,124
84000,116
84000,101
85000,100
85000,105
85000,106
85000,134
85000,124
85000,122
85000,104
85000,103
85000,102
85000,135
85000,113
85000,103
85000,116
85000,114
85000,137
85000,101
85000,107
85000,106
85000,98
85000,108
85000,105
85000,100
85000,107
85000,113
85000,103
85000,104
85000,105
85000,121
85000,115
85000,129
85000,134
85000,123
85000,110
85000,105
85000,108
85000,114
85000,110
85000,105
85000,100
85000,124
85000,107
85000,100
85000,101
85000,97
85000,112
85000,105
85000,113
85000,127
85000,102
85000,101
86000,110
86000,116
86000,114
86000,120
86000,105
86000,94
86000,122
86000,101
86000,101
86000,128
86000,143
86000,119
86000,106
86000,115
86000,136
86000,102
86000,102
86000,112
86000,100
86000,118
86000,122
86000,107
86000,108
86000,104
86000,100
86000,117
86000,99
86000,136
86000,116
86000,127
86000,104
86000,112
86000,110
86000,114
86000,148
86000,100
86000,127
86000,148
86000,121
86000,130
86000,121
86000,114
86000,102
86000,123
86000,136
86000,111
86000,113
86000,109
86000,114
86000,118
87000,102
87000,110
87000,103
87000,112
87000,113
87000,103
87000,114
87000,111
87000,112
87000,111
87000,101
87000,111
87000,100
87000,109
87000,118
87000,104
87000,117
87000,114
87000,119
87000,121
87000,109
87000,102
87000,106
87000,125
87000,123
87000,114
87000,160
87000,107
87000,116
87000,123
87000,138
87000,134
87000,129
87000,122
87000,196
87000,113
87000,142
87000,121
87000,114
87000,125
87000,118
87000,114
87000,126
87000,109
87000,112
87000,112
87000,104
87000,114
87000,124
87000,111
88000,117
88000,106
88000,105
88000,130
88000,107
88000,111
88000,98
88000,141
88000,105
88000,131
88000,106
88000,119
88000,103
88000,111
88000,114
88000,112
88000,98
88000,112
88000,125
88000,151
88000,123
88000,125
88000,131
88000,133
88000,119
88000,103
88000,104
88000,111
88000,118
88000,97
88000,106
88000,104
88000,113
88000,125
88000,103
88000,124
88000,111
88000,109
88000,99
88000,116
88000,103
88000,105
88000,98
88000,113
88000,126
88000,110
88000,111
88000,135
88000,118
88000,101
89000,104
89000,98
89000,108
89000,105
89000,108
89000,110
89000,142
89000,101
89000,128
89000,137
89000,111
89000,108
89000,114
89000,103
89000,107
89000,108
89000,104
89000,109
89000,141
89000,116
89000,120
89000,110
89000,109
89000,138
89000,96
89000,105
89000,103
89000,111
89000,116
89000,115
89000,125
89000,143
89000,106
89000,121
89000,120
89000,107
89000,104
89000,104
89000,102
89000,120
89000,173
89000,115
89000,122
89000,110
89000,128
89000,127
89000,111
89000,130
89000,116
89000,98
90000,100
90000,109
90000,103
90000,149
90000,138
90000,123
90000,131
90000,123
90000,121
90000,108
90000,105
90000,101
90000,116
90000,110
90000,103
90000,114
90000,99
90000,109
90000,99
90000,139
90000,112
90000,122
90000,94
90000,106
90000,117
90000,97
90000,111
90000,134
90000,111
90000,96
90000,123
90000,99
90000,112
90000,97
90000,123
90000,117
90000,115
90000,111
90000,107
90000,115
90000,128
90000,101
90000,144
90000,176
90000,154
90000,114
90000,113
90000,111
90000,100
90000,108
91000,108
91000,116
91000,116
91000,107
91000,114
91000,117
91000,106
91000,126
91000,117
91000,103
91000,116
91000,109
91000,112
91000,113
91000,105
91000,103
91000,132
91000,110
91000,101
91000,128
91000,112
91000,98
91000,158
91000,107
91000,116
91000,97
91000,114
91000,147
91000,105
91000,109
91000,117
91000,144
91000,107
91000,107
91000,108
91000,95
91000,114
91000,103
91000,116
91000,118
91000,97
91000,115
91000,112
91000,123
91000,140
91000,124
91000,108
91000,108
91000,123
91000,111
92000,124
92000,110
92000,128
92000,110
92000,167
92000,135
92000,100
92000,126
92000,114
92000,105
92000,120
92000,110
92000,116
92000,107
92000,113
92000,109
92000,110
92000,118
92000,117
92000,107
92000,118
92000,113
92000,111
92000,108
92000,124
92000,106
92000,109
92000,101
92000,139
92000,107
92000,110
92000,94
92000,158
92000,124
92000,116
92000,123
92000,104
92000,133
92000,93
92000,109
92000,111
92000,109
92000,108
92000,132
92000,108
92000,126
92000,116
92000,93
92000,118
92000,104
93000,105
93000,108
93000,110
93000,95
93000,129
93000,109
93000,103
93000,104
93000,100
93000,95
93000,103
93000,109
93000,112
93000,111
93000,109
93000,131
93000,105
93000,95
93000,102
93000,127
93000,104
93000,123
93000,105
93000,129
93000,104
93000,115
93000,104
93000,133
93000,140
93000,104
93000,111
93000,121
93000,126
93000,115
93000,117
93000,117
93000,106
93000,113
93000,97
93000,113
93000,107
93000,122
93000,112
93000,108
93000,114
93000,122
93000,121
93000,119
93000,106
93000,105
94000,111
94000,121
94000,125
94000,125
94000,110
94000,129
94000,108
94000,112
94000,159
94000,114
94000,104
94000,109
94000,107
94000,125
94000,109
94000,115
94000,101
94000,126
94000,144
94000,100
94000,102
94000,100
94000,107
94000,101
94000,112
94000,112
94000,117
94000,97
94000,118
94000,124
94000,113
94000,107
94000,106
94000,127
94000,110
94000,111
94000,110
94000,117
94000,114
94000,121
94000,118
94000,110
94000,104
94000,109
94000,116
94000,102
94000,115
94000,106
94000,110
94000,113
95000,112
95000,129
95000,123
95000,114
95000,116
95000,107
95000,110
95000,120
95000,136
95000,116
95000,109
95000,112
95000,115
95000,107
95000,131
95000,116
95000,115
95000,100
95000,110
95000,109
95000,123
95000,106
95000,101
95000,108
95000,108
95000,99
95000,123
95000,109
95000,94
95000,104
95000,104
95000,128
95000,100
95000,119
95000,114
95000,109
95000,117
95000,91
95000,108
95000,116
95000,115
95000,147
95000,117
95000,107
95000,136
95000,102
95000,115
95000,128
95000,111
95000,124
96000,119
96000,112
96000,122
96000,118
96000,120
96000,105
96000,96
96000,127
96000,122
96000,109
96000,117
96000,123
96000,112
96000,113
96000,125
96000,116
96000,121
96000,120
96000,115
96000,115
96000,105
96000,120
96000,103
96000,113
96000,114
96000,114
96000,112
96000,107
96000,127
96000,105
96000,133
96000,130
96000,133
96000,115
96000,125
96000,130
96000,136
96000,122
96000,118
96000,100
96000,114
96000,103
96000,103
96000,113
96000,108
96000,133
96000,123
96000,142
96000,109
96000,101
97000,119
97000,128
97000,142
97000,104
97000,119
97000,96
97000,102
97000,113
97000,98
97000,120
97000,118
97000,121
97000,117
97000,115
97000,110
97000,107
97000,112
97000,106
97000,130
97000,122
97000,160
97000,127
97000,103
97000,117
97000,115
97000,109
97000,188
97000,115
97000,127
97000,110
97000,126
97000,115
97000,119
97000,112
97000,100
97000,127
97000,114
97000,104
97000,154
97000,123
97000,106
97000,109
97000,112
97000,110
97000,110
97000,146
97000,116
97000,101
97000,107
97000,107
98000,126
98000,118
98000,117
98000,123
98000,115
98000,124
98000,120
98000,131
98000,123
98000,105
98000,116
98000,123
98000,111
98000,133
98000,136
98000,98
98000,119
98000,106
98000,130
98000,127
98000,107
98000,102
98000,106
98000,114
98000,109
98000,102
98000,115
98000,117
98000,126
98000,133
98000,106
98000,110
98000,117
98000,108
98000,123
98000,131
98000,95
98000,102
98000,115
98000,114
98000,122
98000,123
98000,118
98000,103
98000,117
98000,97
98000,106
98000,113
98000,102
98000,96
99000,100
99000,129
99000,105
99000,139
99000,110
99000,107
99000,114
99000,101
99000,131
99000,92
99000,105
99000,103
99000,121
99000,104
99000,123
99000,113
99000,126
99000,101
99000,136
99000,108
99000,117
99000,132
99000,154
99000,104
99000,124
99000,114
99000,120
99000,108
99000,119
99000,102
99000,130
99000,113
99000,126
99000,126
99000,101
99000,96
99000,109
99000,144
99000,104
99000,175
99000,118
99000,139
99000,128
99000,110
99000,147
99000,116
99000,114
99000,101
99000,104
99000,120
100000,109
100000,99
100000,120
100000,125
100000,107
100000,103
100000,101
100000,126
100000,98
100000,103
100000,103
100000,122
100000,122
100000,119
100000,113
100000,120
100000,120
100000,122
100000,103
100000,135
100000,109
100000,103
100000,102
100000,105
100000,109
100000,124
100000,111
100000,120
100000,126
100000,115
100000,123
100000,137
100000,130
100000,112
100000,133
100000,138
100000,104
100000,100
100000,105
100000,106
100000,118
100000,98
100000,125
100000,125
100000,130
100000,104
100000,116
100000,155
100000,103
100000,111
