n,cmp
100,2615
100,2617
100,2784
100,2581
100,2559
100,2562
100,2613
100,2683
100,2625
100,2704
100,2519
100,2700
100,2469
100,2648
100,2477
100,2734
100,2804
100,2761
100,2442
100,2463
100,2705
100,2831
100,2694
100,2836
100,2460
100,2622
100,2578
100,2731
100,2672
100,2687
100,2789
100,2509
100,2699
100,2462
100,2451
100,2812
100,2328
100,2788
100,2548
100,2239
100,2784
100,2392
100,2693
100,2690
100,2551
100,2829
100,2313
100,2533
100,2126
100,2507
200,10663
200,10413
200,9819
200,9649
200,10608
200,10122
200,10693
200,10137
200,10804
200,9630
200,10830
200,9984
200,10543
200,9878
200,10133
200,10360
200,10498
200,10345
200,9725
200,10116
200,10237
200,10498
200,11153
200,10148
200,10735
200,10184
200,10194
200,10226
200,10679
200,10296
200,11191
200,10293
200,10404
200,10329
200,10281
200,10514
200,11041
200,11274
200,9841
200,9992
200,11430
200,10633
200,10316
200,9704
200,10131
200,9668
200,10372
200,10170
200,10147
200,10290
300,24010
300,22966
300,23241
300,23722
300,23062
300,23664
300,23555
300,23954
300,23999
300,22696
300,22317
300,22899
300,24401
300,22519
300,22937
300,23502
300,24185
300,22184
300,22781
300,23839
300,24088
300,22374
300,22562
300,23640
300,23276
300,21950
300,22783
300,22169
300,23609
300,23104
300,22473
300,21675
300,23230
300,23401
300,23669
300,22481
300,24576
300,23661
300,23371
300,23657
300,22380
300,23186
300,23830
300,22109
300,22778
300,22628
300,22970
300,21536
300,23278
300,23667
400,41835
400,40306
400,40553
400,41842
400,41460
400,38862
400,39774
400,41264
400,43129
400,42271
400,40059
400,44071
400,40280
400,39112
400,41881
400,41237
400,40582
400,41248
400,43538
400,41300
400,40716
400,40923
400,40645
400,38509
400,43811
400,40853
400,38999
400,40981
400,42016
400,42691
400,39615
400,40774
400,38599
400,43118
400,40044
400,43175
400,40551
400,41764
400,41967
400,41833
400,41701
400,40869
400,43280
400,43898
400,39106
400,40789
400,42560
400,41929
400,42745
400,38716
500,66121
500,65999
500,65577
500,63142
500,63534
500,60790
500,61911
500,62108
500,64088
500,65283
500,63573
500,61745
500,65584
500,64118
500,64314
500,62252
500,64463
500,62177
500,63311
500,64975
500,62093
500,67240
500,62992
500,64459
500,61094
500,62931
500,63550
500,60551
500,62115
500,64348
500,64306
500,65591
500,64368
500,64190
500,62735
500,61787
500,62929
500,62891
500,61085
500,64359
500,66314
500,65160
500,64197
500,63766
500,66084
500,65023
500,64199
500,65060
500,61816
500,63652
600,91083
600,92845
600,94248
600,90272
600,94437
600,96624
600,91214
600,88603
600,91110
600,95423
600,91487
600,92957
600,92243
600,96052
600,94541
600,93509
600,93607
600,88553
600,91661
600,95292
600,95992
600,93089
600,91996
600,92927
600,95241
600,90094
600,92405
600,92715
600,89990
600,95794
600,97156
600,91959
600,90717
600,92969
600,95473
600,89913
600,92546
600,92703
600,93575
600,88753
600,90302
600,92619
600,92396
600,95093
600,92341
600,91877
600,90090
600,90612
600,87441
600,92758
700,124851
700,127315
700,119377
700,126588
700,127107
700,127189
700,125125
700,128243
700,128694
700,126887
700,124402
700,127746
700,120938
700,128018
700,129742
700,129009
700,130209
700,123498
700,133185
700,125429
700,130153
700,119862
700,121704
700,124608
700,127193
700,125075
700,120405
700,127252
700,124383
700,129051
700,133163
700,121624
700,121378
700,125076
700,126262
700,127705
700,125354
700,128762
700,121529
700,129835
700,123734
700,129573
700,130052
700,120161
700,128478
700,125674
700,124064
700,125155
700,127568
700,127650
800,162636
800,167920
800,169283
800,166907
800,165181
800,163528
800,166476
800,158436
800,154629
800,165612
800,165640
800,162663
800,166926
800,175473
800,160854
800,167487
800,165041
800,164141
800,160119
800,165301
800,160554
800,160856
800,167660
800,161724
800,159685
800,163057
800,174804
800,162403
800,161131
800,164316
800,161105
800,162717
800,158259
800,164563
800,168252
800,163947
800,162698
800,159308
800,165280
800,162445
800,156131
800,161749
800,164894
800,169108
800,161747
800,167611
800,169007
800,163061
800,166417
800,165103
900,204744
900,209494
900,199778
900,202266
900,214982
900,206434
900,199246
900,214180
900,211869
900,200895
900,196358
900,213252
900,204030
900,204892
900,212022
900,209148
900,210043
900,205893
900,205210
900,209722
900,211277
900,211447
900,213159
900,206090
900,214253
900,206462
900,199416
900,201293
900,212238
900,203915
900,202478
900,213233
900,209764
900,213293
900,199236
900,208115
900,212660
900,205239
900,203759
900,210756
900,201842
900,212518
900,204939
900,214326
900,207861
900,199027
900,204377
900,210451
900,214891
900,218035
1000,261560
1000,267271
1000,250866
1000,258595
1000,251048
1000,257234
1000,249162
1000,257261
1000,264336
1000,256497
1000,253700
1000,267424
1000,260949
1000,260055
1000,256467
1000,256938
1000,251034
1000,260374
1000,257816
1000,260221
1000,254982
1000,259994
1000,258075
1000,261332
1000,242237
1000,256859
1000,250233
1000,257396
1000,241248
1000,254161
1000,256143
1000,263136
1000,256716
1000,261464
1000,247994
1000,253140
1000,250222
1000,256093
1000,254123
1000,254828
1000,252488
1000,255802
1000,254878
1000,253934
1000,259002
1000,258216
1000,250869
1000,255972
1000,258169
1000,257229
1100,308847
1100,308563
1100,302420
1100,316942
1100,303320
1100,321699
1100,309192
1100,308286
1100,308204
1100,315943
1100,306693
1100,316491
1100,301088
1100,310758
1100,306474
1100,304015
1100,311714
1100,317796
1100,302757
1100,310872
1100,308642
1100,308976
1100,302568
1100,299757
1100,311376
1100,311990
1100,312327
1100,321781
1100,310983
1100,297301
1100,319518
1100,308522
1100,316058
1100,304494
1100,315509
1100,298178
1100,308822
1100,301314
1100,306276
1100,311356
1100,309749
1100,307344
1100,311589
1100,312029
1100,303809
1100,315710
1100,317425
1100,296878
1100,292474
1100,305560
1200,361416
1200,371103
1200,370835
1200,367460
1200,366981
1200,368568
1200,376860
1200,371511
1200,369071
1200,358066
1200,367825
1200,358356
1200,366326
1200,356897
1200,345612
1200,372936
1200,375500
1200,362797
1200,361257
1200,367394
1200,377295
1200,366861
1200,373213
1200,369784
1200,365583
1200,372398
1200,357310
1200,362304
1200,356032
1200,372923
1200,367717
1200,370543
1200,360883
1200,355876
1200,378357
1200,360391
1200,368761
1200,369540
1200,378832
1200,374033
1200,365648
1200,382245
1200,373363
1200,368461
1200,376455
1200,363090
1200,360462
1200,364586
1200,363436
1200,365478
1300,436472
1300,426387
1300,437051
1300,442188
1300,436539
1300,435828
1300,437145
1300,425841
1300,432124
1300,437000
1300,438522
1300,431135
1300,423472
1300,425305
1300,422957
1300,425614
1300,419709
1300,438781
1300,418494
1300,430747
1300,445733
1300,446071
1300,425522
1300,430020
1300,437817
1300,438547
1300,438994
1300,436835
1300,426978
1300,439127
1300,448940
1300,431228
1300,424878
1300,424022
1300,430518
1300,432299
1300,436906
1300,427516
1300,436862
1300,414784
1300,431356
1300,422236
1300,437636
1300,431993
1300,436344
1300,434389
1300,432144
1300,439310
1300,435968
1300,431506
1400,499306
1400,503450
1400,485633
1400,503562
1400,492520
1400,501937
1400,485176
1400,515731
1400,508585
1400,508158
1400,494733
1400,501415
1400,508901
1400,492153
1400,508722
1400,510892
1400,501723
1400,500401
1400,509151
1400,512738
1400,497604
1400,509393
1400,495841
1400,516169
1400,487759
1400,512688
1400,500639
1400,496239
1400,495300
1400,492458
1400,484536
1400,496713
1400,496225
1400,506624
1400,510206
1400,492575
1400,493107
1400,499750
1400,494483
1400,502133
1400,512718
1400,496372
1400,490743
1400,501820
1400,506963
1400,498924
1400,501050
1400,483856
1400,512853
1400,491889
1500,566743
1500,570412
1500,552360
1500,580274
1500,567247
1500,568886
1500,570969
1500,569382
1500,585776
1500,573662
1500,566137
1500,589661
1500,576388
1500,584236
1500,555742
1500,584603
1500,580572
1500,564875
1500,557705
1500,571188
1500,592384
1500,565486
1500,580612
1500,576125
1500,557872
1500,568157
1500,576532
1500,595503
1500,569678
1500,573673
1500,570608
1500,580102
1500,588529
1500,564972
1500,569804
1500,551894
1500,556027
1500,549568
1500,571932
1500,575709
1500,572498
1500,565197
1500,557878
1500,565949
1500,585097
1500,593884
1500,581501
1500,584557
1500,586445
1500,563992
1600,659320
1600,669633
1600,664945
1600,634267
1600,634698
1600,641995
1600,665834
1600,653853
1600,648374
1600,651742
1600,646728
1600,668735
1600,648329
1600,661395
1600,672610
1600,653196
1600,656634
1600,646663
1600,646337
1600,666627
1600,657882
1600,660506
1600,656112
1600,665640
1600,649239
1600,664936
1600,654976
1600,642544
1600,656018
1600,648147
1600,663162
1600,659515
1600,640789
1600,649381
1600,654176
1600,669910
1600,651336
1600,654171
1600,653887
1600,687869
1600,647309
1600,642205
1600,665434
1600,677377
1600,650838
1600,648999
1600,637589
1600,670688
1600,652709
1600,645223
1700,753891
1700,735225
1700,729382
1700,744582
1700,731473
1700,745956
1700,739821
1700,735619
1700,736144
1700,754430
1700,740018
1700,736348
1700,735208
1700,742874
1700,746576
1700,749179
1700,741607
1700,749098
1700,730538
1700,726474
1700,730971
1700,753056
1700,752015
1700,747768
1700,713451
1700,713226
1700,741089
1700,740494
1700,754453
1700,735886
1700,756124
1700,736881
1700,732779
1700,752726
1700,757131
1700,729163
1700,729768
1700,742421
1700,760847
1700,731846
1700,736819
1700,745990
1700,720774
1700,724007
1700,730483
1700,749695
1700,731438
1700,738391
1700,733362
1700,736394
1800,829517
1800,845210
1800,830248
1800,827961
1800,823159
1800,812533
1800,824664
1800,825607
1800,815662
1800,851215
1800,818398
1800,816277
1800,840846
1800,821524
1800,815924
1800,838041
1800,840675
1800,848886
1800,824968
1800,827924
1800,818126
1800,825084
1800,848879
1800,825647
1800,806725
1800,839605
1800,810687
1800,829982
1800,802737
1800,840167
1800,807786
1800,820702
1800,830712
1800,819894
1800,811234
1800,816736
1800,843936
1800,820137
1800,833317
1800,838052
1800,811353
1800,826164
1800,837039
1800,821573
1800,844773
1800,845650
1800,841958
1800,808878
1800,841401
1800,828357
1900,926836
1900,918122
1900,925411
1900,913870
1900,910687
1900,931263
1900,904731
1900,896390
1900,921791
1900,904313
1900,943239
1900,942046
1900,904402
1900,912686
1900,928076
1900,916679
1900,947056
1900,921740
1900,912152
1900,930589
1900,930179
1900,892676
1900,904726
1900,938845
1900,952493
1900,929433
1900,918602
1900,908986
1900,927167
1900,936458
1900,910152
1900,915371
1900,914652
1900,910043
1900,925186
1900,931336
1900,927029
1900,915085
1900,931849
1900,912379
1900,917694
1900,932060
1900,944844
1900,920387
1900,917706
1900,938396
1900,939588
1900,883306
1900,905938
1900,916805
2000,1019867
2000,1035927
2000,1039347
2000,1027719
2000,1003653
2000,1031197
2000,1008573
2000,1036212
2000,1013753
2000,1008434
2000,1026199
2000,1008563
2000,1022518
2000,1025870
2000,1011652
2000,1035580
2000,1017806
2000,1046461
2000,1038065
2000,1045356
2000,1017669
2000,1012074
2000,1014713
2000,1021172
2000,1025499
2000,1025696
2000,1016791
2000,1036442
2000,1038936
2000,1019669
2000,1017360
2000,1031102
2000,1035334
2000,1019162
2000,1030824
2000,1036467
2000,1056788
2000,1026048
2000,1026057
2000,1026418
2000,1030249
2000,1026555
2000,1022667
2000,1009011
2000,1036100
2000,1028386
2000,1017391
2000,1000263
2000,1030101
2000,1020198
2100,1117111
2100,1117941
2100,1126208
2100,1131178
2100,1108098
2100,1105463
2100,1116179
2100,1105006
2100,1115256
2100,1113986
2100,1110041
2100,1143665
2100,1141752
2100,1134831
2100,1114730
2100,1104056
2100,1130372
2100,1125006
2100,1099620
2100,1127494
2100,1148976
2100,1137680
2100,1099551
2100,1113069
2100,1154635
2100,1133789
2100,1126648
2100,1138533
2100,1129475
2100,1140515
2100,1119249
2100,1132475
2100,1145750
2100,1137850
2100,1136962
2100,1126114
2100,1151025
2100,1114769
2100,1103029
2100,1149007
2100,1116359
2100,1123554
2100,1142053
2100,1090420
2100,1140155
2100,1112168
2100,1121852
2100,1120646
2100,1130056
2100,1146498
2200,1230490
2200,1213705
2200,1265929
2200,1250330
2200,1213035
2200,1244802
2200,1252395
2200,1233429
2200,1224385
2200,1261953
2200,1212064
2200,1225796
2200,1214376
2200,1265635
2200,1263640
2200,1220940
2200,1244102
2200,1243458
2200,1249685
2200,1244195
2200,1222422
2200,1245151
2200,1227696
2200,1237352
2200,1243487
2200,1247325
2200,1247153
2200,1233730
2200,1233148
2200,1238454
2200,1234087
2200,1240693
2200,1228930
2200,1235695
2200,1260183
2200,1266982
2200,1258754
2200,1238891
2200,1243380
2200,1226205
2200,1244321
2200,1228650
2200,1226861
2200,1258624
2200,1214848
2200,1235220
2200,1234332
2200,1253265
2200,1261499
2200,1222876
2300,1360020
2300,1318936
2300,1327226
2300,1318231
2300,1363342
2300,1371587
2300,1382928
2300,1330696
2300,1366380
2300,1336235
2300,1319544
2300,1373749
2300,1335410
2300,1374952
2300,1330190
2300,1347678
2300,1355999
2300,1345787
2300,1311517
2300,1362534
2300,1381209
2300,1369227
2300,1356618
2300,1362395
2300,1351245
2300,1352694
2300,1356153
2300,1364182
2300,1340895
2300,1344443
2300,1340596
2300,1368452
2300,1299595
2300,1340747
2300,1371327
2300,1354601
2300,1357530
2300,1362295
2300,1345137
2300,1337969
2300,1372408
2300,1345955
2300,1387934
2300,1321035
2300,1364331
2300,1359178
2300,1345323
2300,1345089
2300,1367037
2300,1390523
2400,1507535
2400,1486219
2400,1483348
2400,1495609
2400,1455818
2400,1448322
2400,1435463
2400,1449035
2400,1484571
2400,1494608
2400,1483248
2400,1455817
2400,1444028
2400,1481990
2400,1456321
2400,1498544
2400,1464239
2400,1502095
2400,1430970
2400,1496096
2400,1486827
2400,1472893
2400,1442796
2400,1473520
2400,1460331
2400,1465181
2400,1476685
2400,1439197
2400,1471354
2400,1480846
2400,1466196
2400,1433002
2400,1513506
2400,1491587
2400,1441390
2400,1455004
2400,1460366
2400,1480140
2400,1461167
2400,1455251
2400,1456624
2400,1475345
2400,1440072
2400,1446384
2400,1481711
2400,1470630
2400,1499884
2400,1484916
2400,1440699
2400,1440249
2500,1624029
2500,1592790
2500,1621406
2500,1602222
2500,1573487
2500,1605912
2500,1572117
2500,1620399
2500,1583307
2500,1599374
2500,1569895
2500,1600705
2500,1593904
2500,1611820
2500,1603016
2500,1584051
2500,1601820
2500,1611097
2500,1639500
2500,1585951
2500,1585396
2500,1580482
2500,1605662
2500,1584906
2500,1595685
2500,1588172
2500,1627632
2500,1632708
2500,1634441
2500,1567800
2500,1581095
2500,1608917
2500,1614890
2500,1590585
2500,1602417
2500,1614951
2500,1602520
2500,1603527
2500,1602574
2500,1597573
2500,1588732
2500,1644575
2500,1590923
2500,1600420
2500,1593514
2500,1569664
2500,1585139
2500,1599632
2500,1576620
2500,1562235
2600,1740950
2600,1728642
2600,1766131
2600,1743460
2600,1720193
2600,1711055
2600,1711709
2600,1697224
2600,1731653
2600,1725781
2600,1706439
2600,1702902
2600,1708441
2600,1723869
2600,1724364
2600,1707749
2600,1716137
2600,1734838
2600,1726481
2600,1731337
2600,1751247
2600,1720895
2600,1753930
2600,1717106
2600,1722956
2600,1690100
2600,1686020
2600,1712391
2600,1730646
2600,1742489
2600,1731442
2600,1738096
2600,1757735
2600,1753791
2600,1729169
2600,1734245
2600,1739274
2600,1709571
2600,1733270
2600,1728410
2600,1750579
2600,1750113
2600,1711856
2600,1742950
2600,1753867
2600,1712692
2600,1725764
2600,1727374
2600,1698238
2600,1719981
2700,1870126
2700,1884644
2700,1865521
2700,1864224
2700,1865662
2700,1847407
2700,1859739
2700,1850189
2700,1943603
2700,1874553
2700,1859768
2700,1862406
2700,1826575
2700,1837353
2700,1850429
2700,1877617
2700,1850680
2700,1876179
2700,1855800
2700,1820791
2700,1869471
2700,1910718
2700,1854570
2700,1871792
2700,1870160
2700,1871306
2700,1865096
2700,1885884
2700,1873197
2700,1873777
2700,1856948
2700,1855425
2700,1868325
2700,1841716
2700,1865430
2700,1856275
2700,1881628
2700,1831531
2700,1818880
2700,1805132
2700,1867966
2700,1850314
2700,1857563
2700,1892661
2700,1848375
2700,1843080
2700,1828031
2700,1838278
2700,1888277
2700,1884890
2800,1996289
2800,2015747
2800,2046749
2800,2011192
2800,1993573
2800,1953973
2800,2004251
2800,2014592
2800,1979640
2800,2004468
2800,2030307
2800,2013931
2800,1961901
2800,2041982
2800,2007634
2800,1986277
2800,1993427
2800,1996586
2800,1984614
2800,2028179
2800,2040145
2800,1999155
2800,1983744
2800,2050384
2800,1954217
2800,1988582
2800,1995974
2800,2045469
2800,2015304
2800,1975866
2800,2011781
2800,1954634
2800,2006389
2800,1992589
2800,2033749
2800,2005298
2800,2001645
2800,1959802
2800,2032584
2800,2016680
2800,1982332
2800,1996464
2800,2028299
2800,1993794
2800,2066076
2800,2049478
2800,1994902
2800,1993153
2800,2000634
2800,1994108
2900,2147418
2900,2136495
2900,2151904
2900,2153577
2900,2183177
2900,2193402
2900,2186693
2900,2141024
2900,2125150
2900,2166027
2900,2132012
2900,2188032
2900,2148832
2900,2124761
2900,2152808
2900,2132635
2900,2162647
2900,2193866
2900,2141509
2900,2178343
2900,2154515
2900,2139686
2900,2142089
2900,2121487
2900,2124759
2900,2192937
2900,2155013
2900,2174690
2900,2102467
2900,2146767
2900,2118095
2900,2153395
2900,2165857
2900,2168028
2900,2167448
2900,2106983
2900,2136587
2900,2155348
2900,2159379
2900,2106057
2900,2195687
2900,2154819
2900,2141817
2900,2174100
2900,2113586
2900,2145952
2900,2171285
2900,2147110
2900,2138111
2900,2129050
3000,2303255
3000,2282672
3000,2303114
3000,2290885
3000,2294047
3000,2326391
3000,2278387
3000,2352211
3000,2314856
3000,2266287
3000,2310951
3000,2286091
3000,2333743
3000,2344711
3000,2350745
3000,2279492
3000,2283579
3000,2327940
3000,2285413
3000,2281972
3000,2285474
3000,2267318
3000,2231783
3000,2287055
3000,2318676
3000,2294526
3000,2319920
3000,2290636
3000,2297076
3000,2299920
3000,2289314
3000,2345250
3000,2322010
3000,2313967
3000,2315008
3000,2301590
3000,2252918
3000,2246873
3000,2322244
3000,2275670
3000,2280646
3000,2255273
3000,2314907
3000,2274084
3000,2301189
3000,2307014
3000,2260659
3000,2299341
3000,2318595
3000,2322817
3100,2384562
3100,2495858
3100,2499338
3100,2442851
3100,2430795
3100,2448276
3100,2466667
3100,2457921
3100,2502680
3100,2442322
3100,2463205
3100,2479973
3100,2422887
3100,2464268
3100,2421990
3100,2467907
3100,2490177
3100,2418477
3100,2439004
3100,2440553
3100,2462696
3100,2426201
3100,2494954
3100,2396811
3100,2447666
3100,2436652
3100,2462541
3100,2473687
3100,2454889
3100,2474640
3100,2486667
3100,2444942
3100,2464559
3100,2461656
3100,2489759
3100,2408200
3100,2426145
3100,2474393
3100,2438365
3100,2390337
3100,2459394
3100,2428619
3100,2434562
3100,2436981
3100,2447321
3100,2490622
3100,2499202
3100,2469055
3100,2453967
3100,2453001
3200,2623461
3200,2639474
3200,2648887
3200,2617786
3200,2596163
3200,2583701
3200,2619317
3200,2609144
3200,2607229
3200,2566353
3200,2628412
3200,2598378
3200,2658217
3200,2641216
3200,2595967
3200,2528905
3200,2599464
3200,2634717
3200,2597513
3200,2607886
3200,2576446
3200,2600617
3200,2609853
3200,2600353
3200,2579970
3200,2625050
3200,2560605
3200,2582403
3200,2646996
3200,2650495
3200,2569124
3200,2604418
3200,2611297
3200,2625744
3200,2574411
3200,2613003
3200,2578723
3200,2633220
3200,2633782
3200,2643134
3200,2634271
3200,2594138
3200,2618502
3200,2617518
3200,2682175
3200,2616699
3200,2578026
3200,2644593
3200,2604742
3200,2635577
3300,2813116
3300,2762361
3300,2785700
3300,2783043
3300,2788988
3300,2792833
3300,2776056
3300,2746133
3300,2807816
3300,2801073
3300,2778445
3300,2764570
3300,2768885
3300,2798063
3300,2793590
3300,2770036
3300,2746934
3300,2789798
3300,2780588
3300,2808534
3300,2864823
3300,2757880
3300,2809363
3300,2796900
3300,2771229
3300,2775399
3300,2747317
3300,2759673
3300,2833218
3300,2759782
3300,2729920
3300,2867515
3300,2759551
3300,2739376
3300,2787645
3300,2782721
3300,2768357
3300,2753608
3300,2810551
3300,2759385
3300,2729743
3300,2794715
3300,2748001
3300,2801341
3300,2776339
3300,2741514
3300,2795857
3300,2803114
3300,2814807
3300,2782981
3400,2954062
3400,2966325
3400,2906845
3400,2984359
3400,2959726
3400,2915383
3400,2972970
3400,2891917
3400,2950139
3400,2978311
3400,2956839
3400,3034403
3400,2970660
3400,2938409
3400,2986530
3400,2972782
3400,2940850
3400,2989469
3400,2964788
3400,2960179
3400,2913414
3400,2867610
3400,2931319
3400,2931547
3400,2903126
3400,3022290
3400,2924418
3400,2941482
3400,2997820
3400,2999636
3400,2917992
3400,2968478
3400,3043188
3400,2971763
3400,2957929
3400,2940510
3400,2997321
3400,2967220
3400,2982930
3400,2979106
3400,2954845
3400,2918757
3400,2965030
3400,2931903
3400,2931078
3400,2981107
3400,2934794
3400,2945887
3400,2922330
3400,2972749
3500,3160165
3500,3126128
3500,3141364
3500,3133200
3500,3134982
3500,3128614
3500,3177108
3500,3117427
3500,3144781
3500,3113602
3500,3123902
3500,3135646
3500,3096308
3500,3174458
3500,3121211
3500,3173521
3500,3108007
3500,3148929
3500,3115917
3500,3148948
3500,3117649
3500,3130446
3500,3141425
3500,3174311
3500,3182318
3500,3114207
3500,3095717
3500,3112137
3500,3035881
3500,3060657
3500,3144630
3500,3171293
3500,3136006
3500,3155030
3500,3091118
3500,3118823
3500,3132127
3500,3134009
3500,3137275
3500,3109991
3500,3130333
3500,3091863
3500,3118244
3500,3133311
3500,3047071
3500,3106034
3500,3113675
3500,3110491
3500,3067541
3500,3065210
3600,3325927
3600,3317452
3600,3262969
3600,3293348
3600,3249832
3600,3310559
3600,3350354
3600,3276555
3600,3276099
3600,3317912
3600,3306989
3600,3277771
3600,3391211
3600,3286154
3600,3258530
3600,3331173
3600,3326890
3600,3286624
3600,3276617
3600,3330469
3600,3316489
3600,3271219
3600,3364428
3600,3243934
3600,3318135
3600,3335604
3600,3330582
3600,3265367
3600,3321121
3600,3334538
3600,3252105
3600,3306806
3600,3248251
3600,3351897
3600,3405618
3600,3289010
3600,3346838
3600,3331127
3600,3300825
3600,3343287
3600,3283979
3600,3284228
3600,3271854
3600,3351039
3600,3356836
3600,3227997
3600,3261334
3600,3265011
3600,3348679
3600,3318210
3700,3516652
3700,3479796
3700,3493138
3700,3483229
3700,3517219
3700,3464430
3700,3484976
3700,3514791
3700,3442071
3700,3483638
3700,3494732
3700,3539826
3700,3502531
3700,3503319
3700,3502361
3700,3468623
3700,3468259
3700,3503857
3700,3594859
3700,3460634
3700,3422643
3700,3565915
3700,3463110
3700,3502317
3700,3551590
3700,3535726
3700,3574596
3700,3458603
3700,3457669
3700,3468004
3700,3534524
3700,3523580
3700,3532740
3700,3464974
3700,3578332
3700,3538017
3700,3517374
3700,3456767
3700,3513964
3700,3496432
3700,3540395
3700,3457675
3700,3558611
3700,3448292
3700,3427023
3700,3511209
3700,3492219
3700,3512407
3700,3491156
3700,3518762
3800,3647210
3800,3738705
3800,3668011
3800,3664904
3800,3715469
3800,3736061
3800,3713497
3800,3715837
3800,3688733
3800,3672366
3800,3674918
3800,3729327
3800,3685542
3800,3678143
3800,3683656
3800,3622081
3800,3702194
3800,3583916
3800,3723381
3800,3623911
3800,3756008
3800,3704609
3800,3738706
3800,3679253
3800,3594368
3800,3678176
3800,3730904
3800,3599264
3800,3722698
3800,3681744
3800,3634995
3800,3650260
3800,3720903
3800,3663785
3800,3669402
3800,3729584
3800,3699122
3800,3650823
3800,3671298
3800,3697575
3800,3682172
3800,3744261
3800,3681518
3800,3628273
3800,3672802
3800,3675446
3800,3610672
3800,3675655
3800,3744332
3800,3658757
3900,3872947
3900,3864131
3900,3907686
3900,3860263
3900,3931179
3900,3863952
3900,3881325
3900,3913006
3900,3862743
3900,3813260
3900,3784078
3900,3955717
3900,3849196
3900,3897103
3900,3844114
3900,3882716
3900,3848164
3900,3865803
3900,3958338
3900,3903337
3900,3965343
3900,3905434
3900,3868526
3900,3893465
3900,3973826
3900,3895871
3900,3931425
3900,3870918
3900,3889349
3900,3886531
3900,3880683
3900,3962534
3900,3884904
3900,3802423
3900,3925014
3900,3922341
3900,3844980
3900,3917061
3900,3878684
3900,3926347
3900,3856829
3900,3982168
3900,3879870
3900,3821122
3900,3896326
3900,3971706
3900,3895560
3900,3902316
3900,3836184
3900,3895313
4000,4034430
4000,4097189
4000,4052510
4000,4082720
4000,4055828
4000,4043184
4000,4059921
4000,4068355
4000,4090844
4000,4088770
4000,4068417
4000,4123552
4000,4065698
4000,4001430
4000,4108757
4000,4054966
4000,4038599
4000,4032704
4000,4115340
4000,4112154
4000,4085615
4000,4148295
4000,4098772
4000,4099644
4000,4044395
4000,4070780
4000,4132984
4000,4048311
4000,4086646
4000,4058451
4000,4038638
4000,4023475
4000,4017953
4000,4050746
4000,4072700
4000,4165014
4000,4086673
4000,4172630
4000,4089100
4000,4089932
4000,4059114
4000,4063732
4000,4132701
4000,4068536
4000,4042671
4000,4121384
4000,4024679
4000,4116144
4000,4107906
4000,4110438
4100,4305989
4100,4291270
4100,4248200
4100,4374408
4100,4257180
4100,4235786
4100,4222713
4100,4259589
4100,4291513
4100,4326041
4100,4260574
4100,4288821
4100,4254517
4100,4260614
4100,4262228
4100,4353267
4100,4315102
4100,4202171
4100,4286271
4100,4302537
4100,4254159
4100,4313081
4100,4282597
4100,4286771
4100,4355852
4100,4291360
4100,4297226
4100,4258667
4100,4326061
4100,4259854
4100,4278147
4100,4228888
4100,4317380
4100,4282251
4100,4263893
4100,4323551
4100,4240423
4100,4275586
4100,4330669
4100,4344527
4100,4286722
4100,4270958
4100,4268287
4100,4324577
4100,4189207
4100,4335641
4100,4278064
4100,4338972
4100,4266051
4100,4275060
4200,4471104
4200,4473602
4200,4506133
4200,4478163
4200,4567920
4200,4564395
4200,4559571
4200,4405060
4200,4483687
4200,4489713
4200,4469407
4200,4502114
4200,4482562
4200,4472512
4200,4539319
4200,4440686
4200,4459031
4200,4531680
4200,4465333
4200,4542781
4200,4435173
4200,4488869
4200,4460258
4200,4576417
4200,4489523
4200,4545318
4200,4565238
4200,4414074
4200,4463042
4200,4526347
4200,4536055
4200,4546258
4200,4459208
4200,4536435
4200,4511635
4200,4481675
4200,4557312
4200,4495374
4200,4548013
4200,4506795
4200,4435193
4200,4441271
4200,4477701
4200,4501470
4200,4556966
4200,4447400
4200,4429469
4200,4584001
4200,4488435
4200,4522670
4300,4748836
4300,4657988
4300,4701274
4300,4776566
4300,4657271
4300,4655118
4300,4673925
4300,4723626
4300,4738538
4300,4657358
4300,4816666
4300,4740854
4300,4716041
4300,4764079
4300,4697353
4300,4742721
4300,4663078
4300,4777436
4300,4721723
4300,4753758
4300,4709279
4300,4631398
4300,4672264
4300,4719080
4300,4713664
4300,4634808
4300,4628743
4300,4711141
4300,4743100
4300,4788405
4300,4745423
4300,4810644
4300,4771738
4300,4685673
4300,4772127
4300,4753918
4300,4689454
4300,4726201
4300,4743241
4300,4772680
4300,4743338
4300,4737654
4300,4709754
4300,4745548
4300,4655640
4300,4739135
4300,4719774
4300,4716922
4300,4713259
4300,4667141
4400,4930567
4400,4919399
4400,4944154
4400,4955010
4400,5068539
4400,4925980
4400,4914784
4400,4905115
4400,4898214
4400,4954785
4400,5027853
4400,4878514
4400,4917372
4400,4999533
4400,4873214
4400,4942038
4400,4946014
4400,4971094
4400,5096503
4400,4926506
4400,4984880
4400,4934802
4400,4943968
4400,4924243
4400,4928386
4400,4909408
4400,4943023
4400,4959650
4400,4942589
4400,4876455
4400,4953839
4400,4965875
4400,4885515
4400,4928304
4400,4932682
4400,4930452
4400,4995278
4400,4992035
4400,4983344
4400,4969866
4400,4933100
4400,4894608
4400,4904306
4400,4910450
4400,4969449
4400,5030614
4400,5011531
4400,4917559
4400,4919710
4400,4904185
4500,5055092
4500,5127911
4500,5182229
4500,5129289
4500,5176487
4500,5142504
4500,5163243
4500,5039216
4500,5191691
4500,5247704
4500,5143698
4500,5194202
4500,5162720
4500,5193718
4500,5201127
4500,5266248
4500,5093189
4500,5215039
4500,5160507
4500,5188534
4500,5087837
4500,5150582
4500,5201012
4500,5069020
4500,5137465
4500,5184258
4500,5216661
4500,5266960
4500,5163384
4500,5119359
4500,5147094
4500,5166743
4500,5226899
4500,5271299
4500,5163922
4500,5169717
4500,5157986
4500,5099826
4500,5146818
4500,5185684
4500,5264205
4500,5115343
4500,5138527
4500,5152017
4500,5189366
4500,5161644
4500,5096347
4500,5099132
4500,5167089
4500,5162127
4600,5430517
4600,5402195
4600,5418435
4600,5263036
4600,5435142
4600,5472333
4600,5415191
4600,5336859
4600,5348011
4600,5441814
4600,5373300
4600,5384031
4600,5379887
4600,5412062
4600,5417186
4600,5383153
4600,5455751
4600,5304095
4600,5335797
4600,5429187
4600,5455028
4600,5444609
4600,5434591
4600,5508347
4600,5399828
4600,5307367
4600,5431273
4600,5380081
4600,5450326
4600,5478955
4600,5444691
4600,5422915
4600,5397858
4600,5391008
4600,5427438
4600,5380140
4600,5304636
4600,5381917
4600,5400051
4600,5429262
4600,5376492
4600,5377908
4600,5482431
4600,5376718
4600,5352168
4600,5451527
4600,5371157
4600,5350970
4600,5454426
4600,5421079
4700,5607671
4700,5576094
4700,5610705
4700,5648174
4700,5716275
4700,5698877
4700,5619406
4700,5618301
4700,5650678
4700,5645394
4700,5664653
4700,5512536
4700,5628733
4700,5651333
4700,5634191
4700,5616562
4700,5641793
4700,5664430
4700,5537700
4700,5649579
4700,5647478
4700,5696771
4700,5647441
4700,5616455
4700,5602073
4700,5668860
4700,5609462
4700,5604231
4700,5609156
4700,5578786
4700,5485068
4700,5670279
4700,5674662
4700,5592868
4700,5580406
4700,5582818
4700,5737315
4700,5635047
4700,5626683
4700,5610136
4700,5661442
4700,5681133
4700,5675004
4700,5633680
4700,5686241
4700,5635262
4700,5630160
4700,5559229
4700,5643567
4700,5624480
4800,5931049
4800,5914277
4800,5862768
4800,5955577
4800,6020671
4800,5879001
4800,5837456
4800,5898306
4800,5867120
4800,5785515
4800,5891122
4800,5930508
4800,5758185
4800,5846399
4800,5828498
4800,5876637
4800,5816071
4800,5914425
4800,5869001
4800,5873184
4800,5933410
4800,5944217
4800,5979977
4800,5780407
4800,5850214
4800,5902380
4800,5940506
4800,5920993
4800,5942728
4800,5811727
4800,5881666
4800,6000555
4800,5938744
4800,5761303
4800,5885495
4800,5873275
4800,5897259
4800,5973198
4800,5811574
4800,5909348
4800,5928056
4800,5837788
4800,5823574
4800,5915849
4800,5854423
4800,5910905
4800,6044184
4800,5859048
4800,5834364
4800,5882412
4900,6216825
4900,6048901
4900,6204727
4900,6167031
4900,6099729
4900,6090452
4900,6046976
4900,6148471
4900,6133294
4900,6098276
4900,6135466
4900,6004243
4900,6104618
4900,6222255
4900,6045333
4900,6123810
4900,6126776
4900,6025111
4900,6140831
4900,6011848
4900,6122887
4900,6040458
4900,6121496
4900,6151720
4900,6188203
4900,6205199
4900,6070204
4900,6056953
4900,6162041
4900,6053594
4900,6108507
4900,6151582
4900,6136557
4900,6104921
4900,6104535
4900,6047192
4900,6122872
4900,6023892
4900,6133266
4900,6062917
4900,6142925
4900,6104937
4900,6264031
4900,6106576
4900,6189340
4900,6041628
4900,6112470
4900,6145508
4900,6137327
4900,6167824
5000,6484523
5000,6440646
5000,6371410
5000,6420091
5000,6388358
5000,6328847
5000,6363452
5000,6354513
5000,6359513
5000,6314732
5000,6455457
5000,6400319
5000,6415531
5000,6406543
5000,6442939
5000,6269406
5000,6324801
5000,6364775
5000,6352291
5000,6409616
5000,6311828
5000,6277276
5000,6264647
5000,6470223
5000,6438570
5000,6411398
5000,6370358
5000,6391877
5000,6406830
5000,6449967
5000,6371364
5000,6393301
5000,6375033
5000,6304725
5000,6407807
5000,6514505
5000,6449045
5000,6324520
5000,6350274
5000,6427650
5000,6371251
5000,6311873
5000,6373993
5000,6413069
5000,6392522
5000,6440481
5000,6451284
5000,6383725
5000,6304200
5000,6409321
5100,6599809
5100,6723913
5100,6578139
5100,6635556
5100,6614450
5100,6635828
5100,6664958
5100,6682432
5100,6674470
5100,6637723
5100,6593950
5100,6653926
5100,6587049
5100,6699913
5100,6677597
5100,6641088
5100,6662916
5100,6604733
5100,6700738
5100,6554349
5100,6689913
5100,6685097
5100,6722179
5100,6783101
5100,6684866
5100,6664782
5100,6686347
5100,6763469
5100,6589890
5100,6684547
5100,6676483
5100,6583254
5100,6508907
5100,6550850
5100,6593600
5100,6542733
5100,6535473
5100,6740594
5100,6618453
5100,6630769
5100,6636928
5100,6624854
5100,6722314
5100,6665875
5100,6678579
5100,6658090
5100,6644167
5100,6582420
5100,6617681
5100,6697749
5200,6906191
5200,6936473
5200,6899422
5200,6791468
5200,7015421
5200,6924486
5200,6882842
5200,6917929
5200,6840267
5200,6829979
5200,6859428
5200,6894082
5200,6908291
5200,6918582
5200,6935620
5200,6779234
5200,6808171
5200,6886132
5200,6840773
5200,6992359
5200,6922271
5200,7005429
5200,6872795
5200,6945453
5200,6874323
5200,6801628
5200,6825136
5200,6914302
5200,6839973
5200,6895204
5200,6803214
5200,6828834
5200,6948410
5200,6943786
5200,6852797
5200,6802269
5200,6786022
5200,7013709
5200,6898314
5200,7065767
5200,6877613
5200,6974275
5200,6967032
5200,6932703
5200,6914768
5200,6882126
5200,6849323
5200,6865759
5200,7010986
5200,6844512
5300,7194896
5300,7159188
5300,7155976
5300,7093676
5300,7314598
5300,7063420
5300,7195526
5300,7195356
5300,7205932
5300,7085477
5300,7082489
5300,7114229
5300,7027952
5300,7147430
5300,7114230
5300,7135263
5300,7179178
5300,7166431
5300,7185303
5300,7106525
5300,7112796
5300,7287651
5300,7279830
5300,7152254
5300,7170082
5300,7214266
5300,7222806
5300,7056054
5300,7111944
5300,7171354
5300,7184195
5300,7140124
5300,7155743
5300,7164326
5300,7229217
5300,7091061
5300,7133207
5300,7111984
5300,7209125
5300,7248825
5300,7290679
5300,7082529
5300,7237953
5300,7124150
5300,7115166
5300,7190050
5300,7290089
5300,7071057
5300,7161700
5300,7086456
5400,7407790
5400,7453027
5400,7338434
5400,7501925
5400,7305229
5400,7398741
5400,7390440
5400,7490648
5400,7403383
5400,7404348
5400,7483168
5400,7472229
5400,7426281
5400,7445525
5400,7501673
5400,7477812
5400,7575767
5400,7399751
5400,7478780
5400,7429854
5400,7462538
5400,7502579
5400,7409597
5400,7428885
5400,7517080
5400,7487446
5400,7445317
5400,7499469
5400,7463013
5400,7524490
5400,7554579
5400,7434496
5400,7426938
5400,7462794
5400,7363704
5400,7548186
5400,7481578
5400,7509400
5400,7442743
5400,7483503
5400,7305985
5400,7575337
5400,7358794
5400,7341430
5400,7503788
5400,7444701
5400,7396186
5400,7390373
5400,7408416
5400,7497019
5500,7732154
5500,7773885
5500,7712827
5500,7639470
5500,7630092
5500,7712498
5500,7767934
5500,7635326
5500,7608338
5500,7687790
5500,7778141
5500,7702098
5500,7773556
5500,7796336
5500,7708080
5500,7711001
5500,7634290
5500,7692105
5500,7836133
5500,7657734
5500,7732122
5500,7650636
5500,7729733
5500,7713375
5500,7826933
5500,7736213
5500,7621872
5500,7698110
5500,7740599
5500,7680959
5500,7700053
5500,7839730
5500,7664901
5500,7756612
5500,7804231
5500,7764231
5500,7641009
5500,7656399
5500,7733317
5500,7707846
5500,7693893
5500,7665586
5500,7720325
5500,7802990
5500,7762023
5500,7707551
5500,7621078
5500,7730805
5500,7719709
5500,7693790
5600,8056290
5600,7991596
5600,7965038
5600,7923567
5600,7968537
5600,7970556
5600,8032592
5600,7949999
5600,8075000
5600,8042248
5600,8147601
5600,8083278
5600,7921632
5600,7972455
5600,8057190
5600,7975306
5600,7993692
5600,7925200
5600,7951110
5600,7931220
5600,7913204
5600,8153992
5600,7965004
5600,8034957
5600,8064394
5600,8055822
5600,8136110
5600,8045162
5600,7915938
5600,8029306
5600,7842698
5600,7982918
5600,7947908
5600,8046187
5600,8067979
5600,8111190
5600,7969525
5600,7902826
5600,7919835
5600,8056762
5600,8011403
5600,7993280
5600,7959496
5600,8052098
5600,8097787
5600,7984529
5600,7996059
5600,7993738
5600,7948391
5600,8026804
5700,8355087
5700,8331382
5700,8189551
5700,8212047
5700,8253960
5700,8232413
5700,8238128
5700,8189339
5700,8472887
5700,8282759
5700,8309401
5700,8317649
5700,8320695
5700,8385858
5700,8301099
5700,8446432
5700,8341817
5700,8205691
5700,8254701
5700,8211729
5700,8443850
5700,8256844
5700,8226892
5700,8313464
5700,8175748
5700,8254073
5700,8466956
5700,8292042
5700,8111312
5700,8323813
5700,8218774
5700,8221049
5700,8329902
5700,8293250
5700,8234986
5700,8338439
5700,8286381
5700,8298982
5700,8387319
5700,8308696
5700,8214197
5700,8290014
5700,8198742
5700,8403888
5700,8350711
5700,8252982
5700,8232748
5700,8231793
5700,8276417
5700,8318953
5800,8670523
5800,8694369
5800,8520536
5800,8594089
5800,8612438
5800,8555288
5800,8619539
5800,8551406
5800,8664219
5800,8668317
5800,8463657
5800,8472053
5800,8540480
5800,8515251
5800,8483506
5800,8498972
5800,8549881
5800,8676082
5800,8588848
5800,8554034
5800,8700347
5800,8534100
5800,8672610
5800,8541720
5800,8595359
5800,8728218
5800,8592665
5800,8636053
5800,8566012
5800,8564647
5800,8626680
5800,8506045
5800,8535852
5800,8667404
5800,8574721
5800,8605675
5800,8478205
5800,8574833
5800,8601939
5800,8426843
5800,8577546
5800,8510117
5800,8673203
5800,8620263
5800,8702667
5800,8663344
5800,8516724
5800,8570936
5800,8499160
5800,8514804
5900,8882852
5900,8813374
5900,8966994
5900,8925221
5900,9010999
5900,8845977
5900,8877299
5900,8846381
5900,8920765
5900,9025707
5900,8850729
5900,8879329
5900,8653488
5900,8749908
5900,8814247
5900,8811215
5900,9019298
5900,8871227
5900,8950376
5900,8894033
5900,8922417
5900,8911760
5900,8998409
5900,8933163
5900,8850712
5900,8901817
5900,8823591
5900,8738479
5900,8921859
5900,8950028
5900,8919398
5900,8935003
5900,8853279
5900,9004613
5900,8965864
5900,8960348
5900,8954606
5900,8821354
5900,9003188
5900,8890780
5900,8834211
5900,8830797
5900,8829372
5900,8885109
5900,9011421
5900,9016396
5900,8751002
5900,8858580
5900,8823256
5900,8902409
6000,9195223
6000,9242329
6000,9150369
6000,9215968
6000,9060055
6000,9130175
6000,9131494
6000,9307248
6000,9219330
6000,9205771
6000,9305740
6000,9259935
6000,9218084
6000,9093435
6000,9157283
6000,9250266
6000,9040121
6000,9179358
6000,9201753
6000,9124630
6000,9301810
6000,9019225
6000,9211105
6000,9075417
6000,9214609
6000,9290341
6000,9135768
6000,9306986
6000,9210274
6000,9091693
6000,9114213
6000,9120908
6000,9128688
6000,9205899
6000,9146933
6000,9120108
6000,9258961
6000,9158590
6000,8992675
6000,9254949
6000,9357506
6000,9261708
6000,9120478
6000,9114188
6000,9168810
6000,9298904
6000,9178089
6000,9276399
6000,9201416
6000,9348687
6100,9407839
6100,9461156
6100,9534353
6100,9453061
6100,9526746
6100,9553836
6100,9502160
6100,9410086
6100,9648153
6100,9476632
6100,9542299
6100,9505853
6100,9488480
6100,9442051
6100,9343148
6100,9496898
6100,9451505
6100,9390220
6100,9561588
6100,9444282
6100,9577087
6100,9412815
6100,9423902
6100,9460013
6100,9455955
6100,9479065
6100,9461593
6100,9349733
6100,9497551
6100,9509750
6100,9346098
6100,9361040
6100,9481715
6100,9318954
6100,9545124
6100,9468194
6100,9422197
6100,9501068
6100,9571887
6100,9583114
6100,9549544
6100,9515039
6100,9471763
6100,9507940
6100,9402495
6100,9536117
6100,9484362
6100,9420777
6100,9645242
6100,9448788
6200,9937007
6200,9841974
6200,10036809
6200,9691024
6200,9810503
6200,9925046
6200,9917826
6200,9823606
6200,9741919
6200,9911866
6200,9796057
6200,9711245
6200,9872332
6200,9743943
6200,9892281
6200,9825257
6200,9821772
6200,9657541
6200,9824073
6200,9780647
6200,9676504
6200,10018910
6200,9770280
6200,9731319
6200,9709601
6200,9722787
6200,9827246
6200,9807461
6200,9698713
6200,9817584
6200,9864941
6200,9798649
6200,9917725
6200,9740673
6200,9842522
6200,9741605
6200,9821519
6200,9786817
6200,9765927
6200,9799246
6200,9789521
6200,9817601
6200,9951347
6200,9860278
6200,9735091
6200,9910154
6200,9776793
6200,9878925
6200,9810416
6200,9825445
6300,10073075
6300,10115168
6300,10203760
6300,9960846
6300,10223372
6300,10306733
6300,10245757
6300,10109458
6300,10057334
6300,10212937
6300,10255803
6300,10159636
6300,10091432
6300,10171910
6300,10064313
6300,10076886
6300,10105489
6300,10052600
6300,10151668
6300,10040832
6300,10214336
6300,10053737
6300,10099407
6300,10147524
6300,10157368
6300,10056170
6300,10217239
6300,10027682
6300,10213811
6300,10231736
6300,10141829
6300,10082521
6300,10128321
6300,10085072
6300,10180568
6300,10098832
6300,10133735
6300,10100811
6300,10221101
6300,9975281
6300,10078174
6300,10145141
6300,10000256
6300,10179540
6300,9992311
6300,10130815
6300,10122948
6300,10209352
6300,10144440
6300,10106140
6400,10325297
6400,10443623
6400,10454348
6400,10477951
6400,10347241
6400,10362364
6400,10502258
6400,10432895
6400,10414105
6400,10278338
6400,10483236
6400,10491188
6400,10421331
6400,10469511
6400,10444004
6400,10466260
6400,10463774
6400,10464073
6400,10460793
6400,10299686
6400,10554474
6400,10440744
6400,10506012
6400,10532073
6400,10562656
6400,10425409
6400,10592512
6400,10552295
6400,10450837
6400,10426963
6400,10395110
6400,10491195
6400,10390874
6400,10618404
6400,10489456
6400,10431461
6400,10379303
6400,10465393
6400,10447013
6400,10361330
6400,10384230
6400,10351962
6400,10505105
6400,10405378
6400,10533782
6400,10309353
6400,10354649
6400,10453228
6400,10377460
6400,10467958
6500,10731660
6500,10833818
6500,10773679
6500,10771943
6500,10672871
6500,10849616
6500,10823052
6500,10722841
6500,10755878
6500,10834934
6500,10757284
6500,10813061
6500,10813387
6500,10849085
6500,10763161
6500,10802527
6500,10817375
6500,10940104
6500,10775928
6500,10810855
6500,10771693
6500,10728883
6500,10852113
6500,10735812
6500,10778037
6500,10914061
6500,10798450
6500,10788137
6500,10893752
6500,10867640
6500,10810594
6500,10816644
6500,10696102
6500,10874357
6500,10796933
6500,10709632
6500,10622761
6500,10748740
6500,10774011
6500,10662285
6500,10645028
6500,10811199
6500,10866117
6500,10768056
6500,10727990
6500,10748207
6500,10870784
6500,10824887
6500,10704740
6500,10718319
6600,11115252
6600,11060060
6600,11175694
6600,11150001
6600,11143242
6600,11204837
6600,11158996
6600,11003592
6600,11299462
6600,11092852
6600,11133377
6600,11267721
6600,11163440
6600,10973121
6600,11130653
6600,11140017
6600,11183110
6600,11013127
6600,11270569
6600,11169103
6600,10894931
6600,11074499
6600,11060695
6600,11191445
6600,11027974
6600,11054134
6600,11111962
6600,10997467
6600,11275330
6600,10945337
6600,11179883
6600,11112898
6600,11207432
6600,11230264
6600,11203968
6600,11204406
6600,11091701
6600,11073491
6600,11084005
6600,11272602
6600,11139961
6600,11157578
6600,11001931
6600,11035946
6600,11029696
6600,10959222
6600,10906261
6600,10879410
6600,11228160
6600,11219225
6700,11405091
6700,11577208
6700,11594716
6700,11509854
6700,11488279
6700,11303226
6700,11356981
6700,11292159
6700,11480889
6700,11318338
6700,11539498
6700,11533826
6700,11335911
6700,11359184
6700,11417943
6700,11270192
6700,11459778
6700,11403987
6700,11564653
6700,11485552
6700,11484216
6700,11361694
6700,11413653
6700,11531225
6700,11433734
6700,11466335
6700,11524576
6700,11462576
6700,11420261
6700,11358182
6700,11516921
6700,11449551
6700,11571595
6700,11484224
6700,11355045
6700,11459531
6700,11373245
6700,11361469
6700,11489174
6700,11356589
6700,11552062
6700,11676107
6700,11481674
6700,11535848
6700,11458232
6700,11564044
6700,11418007
6700,11358889
6700,11348746
6700,11312279
6800,11723474
6800,11853919
6800,11839833
6800,11764306
6800,11866653
6800,11989596
6800,11833474
6800,11861728
6800,11763198
6800,11714884
6800,11919921
6800,11698201
6800,11854782
6800,11623558
6800,11814092
6800,11769840
6800,11798691
6800,11802569
6800,11661123
6800,11852867
6800,11719373
6800,11745405
6800,11970496
6800,11858956
6800,11750994
6800,11806407
6800,11781160
6800,11909834
6800,11960384
6800,11797671
6800,11879806
6800,11781015
6800,11740943
6800,11781370
6800,11953757
6800,11779114
6800,11982892
6800,11675491
6800,11826940
6800,11798486
6800,11841770
6800,11677193
6800,11893981
6800,11765647
6800,11566722
6800,11876192
6800,11909848
6800,11757944
6800,11750014
6800,11880396
6900,12056916
6900,12271783
6900,12186539
6900,12253487
6900,12162564
6900,12193853
6900,12256052
6900,12046960
6900,12140536
6900,12066221
6900,12330318
6900,12029285
6900,12123231
6900,12093044
6900,12159249
6900,11811681
6900,12366917
6900,12228982
6900,12136096
6900,12115513
6900,12023182
6900,12093969
6900,12166220
6900,12175695
6900,12224264
6900,12142565
6900,12040684
6900,12114937
6900,11969195
6900,12015016
6900,12273174
6900,12229425
6900,12151189
6900,12082092
6900,12237574
6900,12271372
6900,12202644
6900,12081225
6900,12020292
6900,12119743
6900,12263612
6900,12130829
6900,11964943
6900,12187712
6900,12048293
6900,11971196
6900,12333536
6900,12160905
6900,12162147
6900,12195979
7000,12333595
7000,12455331
7000,12558440
7000,12557098
7000,12424257
7000,12678497
7000,12264449
7000,12553358
7000,12417655
7000,12382253
7000,12476907
7000,12611569
7000,12369852
7000,12434911
7000,12402750
7000,12404140
7000,12349176
7000,12538909
7000,12502462
7000,12508858
7000,12628244
7000,12356306
7000,12438532
7000,12566567
7000,12692021
7000,12514491
7000,12474444
7000,12500998
7000,12334457
7000,12433782
7000,12360853
7000,12511519
7000,12433535
7000,12425265
7000,12370571
7000,12508747
7000,12502402
7000,12310294
7000,12738228
7000,12450997
7000,12568133
7000,12530304
7000,12457506
7000,12416136
7000,12675219
7000,12366381
7000,12558432
7000,12582470
7000,12437026
7000,12454151
7100,12912967
7100,12822073
7100,12916012
7100,12850072
7100,12805324
7100,12847972
7100,12809886
7100,12830708
7100,13004713
7100,12795573
7100,12952236
7100,12789106
7100,12939566
7100,12880789
7100,13184828
7100,13085721
7100,12798442
7100,12785296
7100,12682738
7100,12917192
7100,13023006
7100,12922480
7100,12826738
7100,12731221
7100,12824749
7100,12955423
7100,12725106
7100,12920092
7100,12831262
7100,12953544
7100,12903495
7100,12781094
7100,12924658
7100,12982005
7100,12660015
7100,12949299
7100,12852062
7100,12869578
7100,12850933
7100,12924317
7100,13002131
7100,12857375
7100,12762203
7100,12780373
7100,13045877
7100,12725067
7100,12871242
7100,12863069
7100,12894894
7100,12848853
7200,13201933
7200,13127620
7200,13274313
7200,13386796
7200,13245983
7200,13296312
7200,13296346
7200,13087519
7200,13225854
7200,13179893
7200,13162796
7200,13355871
7200,13271839
7200,13131133
7200,13165198
7200,13194462
7200,13226530
7200,13256295
7200,13104480
7200,13340597
7200,13249262
7200,13208636
7200,13186108
7200,13194851
7200,13068656
7200,13470986
7200,13482878
7200,13362224
7200,13196093
7200,13035178
7200,13273313
7200,13243417
7200,13199991
7200,13110587
7200,13423399
7200,13312439
7200,13093496
7200,13294361
7200,13205270
7200,13282387
7200,13236706
7200,13180606
7200,13344085
7200,13232180
7200,13161406
7200,13195053
7200,13360829
7200,13206160
7200,13504619
7200,13197076
7300,13651730
7300,13576043
7300,13749943
7300,13690707
7300,13614779
7300,13550686
7300,13668781
7300,13527269
7300,13487631
7300,13609837
7300,13650392
7300,13490304
7300,13757509
7300,13530228
7300,13735564
7300,13647807
7300,13639504
7300,13635972
7300,13511786
7300,13707065
7300,13639277
7300,13630789
7300,13620664
7300,13911123
7300,13533453
7300,13387004
7300,13643694
7300,13509451
7300,13617653
7300,13456738
7300,13674187
7300,13632340
7300,13630240
7300,13652224
7300,13591254
7300,13485137
7300,13813562
7300,13779815
7300,13708796
7300,13703320
7300,13610643
7300,13669823
7300,13803721
7300,13504671
7300,13342193
7300,13670826
7300,13580873
7300,13714675
7300,13539353
7300,13505493
7400,14027833
7400,14111255
7400,13739664
7400,14018842
7400,13969437
7400,14005840
7400,14053691
7400,13954397
7400,13967154
7400,14034089
7400,13838165
7400,13859249
7400,13948493
7400,14073031
7400,14010777
7400,14090326
7400,14172987
7400,13865672
7400,13877523
7400,13944365
7400,14303070
7400,13828012
7400,13985684
7400,13970161
7400,13920059
7400,13938780
7400,14095726
7400,14093504
7400,14118499
7400,14105059
7400,14046057
7400,13943445
7400,14169156
7400,14156148
7400,14070486
7400,13915824
7400,13838720
7400,13993877
7400,13855484
7400,14006241
7400,13867915
7400,13734826
7400,13833673
7400,13962469
7400,14003252
7400,13950905
7400,14112488
7400,14058990
7400,14054913
7400,14040435
7500,14356259
7500,14397691
7500,14402014
7500,14194151
7500,14428273
7500,14406338
7500,14462483
7500,14330278
7500,14385008
7500,14281395
7500,14240084
7500,14302801
7500,14550233
7500,14461675
7500,14364841
7500,14383213
7500,14326586
7500,14448682
7500,14539517
7500,14387702
7500,14259344
7500,14486577
7500,14214480
7500,14279258
7500,14438060
7500,14350921
7500,14456776
7500,14488232
7500,14304980
7500,14475746
7500,14466322
7500,14519744
7500,14376918
7500,14369798
7500,14433173
7500,14246353
7500,14334195
7500,14253261
7500,14322868
7500,14058879
7500,14290176
7500,14395445
7500,14463484
7500,14340117
7500,14366920
7500,14436878
7500,14270215
7500,14489042
7500,14167379
7500,14338550
7600,14643660
7600,14674423
7600,14693036
7600,14919376
7600,14802565
7600,14820940
7600,15059868
7600,14769847
7600,14640948
7600,14787528
7600,14657604
7600,14609088
7600,14646899
7600,14661261
7600,14618242
7600,14811254
7600,14568914
7600,14887439
7600,14796687
7600,14608409
7600,14733235
7600,14814725
7600,14973717
7600,14876681
7600,14613349
7600,14707416
7600,14678794
7600,14765202
7600,14694534
7600,14743836
7600,14572067
7600,14800060
7600,14809545
7600,14876365
7600,14563383
7600,14710323
7600,14883620
7600,14739010
7600,14746978
7600,14767913
7600,14688539
7600,14886522
7600,14721534
7600,14585666
7600,14686708
7600,14756280
7600,14792521
7600,14879835
7600,14897427
7600,14867799
7700,15211093
7700,15023175
7700,15239657
7700,15192226
7700,15144305
7700,15014965
7700,15156088
7700,15145570
7700,15086968
7700,15270093
7700,15420171
7700,15238889
7700,15149360
7700,14930465
7700,14853768
7700,14973800
7700,15151334
7700,15080913
7700,15041475
7700,15149487
7700,14978953
7700,14920368
7700,15177905
7700,15099415
7700,15039310
7700,15069199
7700,15082357
7700,15109411
7700,15385244
7700,15166296
7700,14792839
7700,15104525
7700,15026414
7700,15289105
7700,15100088
7700,15139390
7700,15230379
7700,15108278
7700,15099077
7700,15216703
7700,14976704
7700,15128781
7700,15096835
7700,14684462
7700,15157279
7700,15089149
7700,15275198
7700,15000988
7700,15028778
7700,15302467
7800,15535762
7800,15495580
7800,15576353
7800,15566476
7800,15493137
7800,15645012
7800,15709943
7800,15540927
7800,15491614
7800,15625195
7800,15560538
7800,15640366
7800,15460246
7800,15486065
7800,15488014
7800,15548107
7800,15419260
7800,15517810
7800,15685817
7800,15646576
7800,15634821
7800,15396370
7800,15573584
7800,15487100
7800,15470832
7800,15447106
7800,15479647
7800,15420926
7800,15677770
7800,15549578
7800,15604102
7800,15537680
7800,15358576
7800,15542413
7800,15392357
7800,15478735
7800,15579599
7800,15478485
7800,15517758
7800,15473246
7800,15492899
7800,15723889
7800,15395035
7800,15412908
7800,15755159
7800,15376314
7800,15490299
7800,15421147
7800,15487923
7800,15618561
7900,15784118
7900,16045352
7900,16109338
7900,15947528
7900,16044754
7900,15870203
7900,15809629
7900,16023205
7900,15813073
7900,15718502
7900,16045137
7900,15957705
7900,15930560
7900,16052058
7900,16013311
7900,15864904
7900,15724281
7900,15990095
7900,15838470
7900,16023617
7900,15898347
7900,16117261
7900,15973102
7900,15882645
7900,15725552
7900,15869252
7900,16000337
7900,15897830
7900,15794882
7900,16021394
7900,15898012
7900,15967413
7900,16084269
7900,15913197
7900,15763337
7900,16063630
7900,15791643
7900,15904359
7900,15961299
7900,15972068
7900,15815193
7900,15722809
7900,15740881
7900,16059306
7900,15720832
7900,15757828
7900,16005590
7900,15863388
7900,15855208
7900,16047653
8000,16420060
8000,16042486
8000,16275389
8000,16407235
8000,16221832
8000,16343658
8000,16200453
8000,16343592
8000,16440668
8000,16318224
8000,16203479
8000,16362455
8000,16298219
8000,16455261
8000,16420622
8000,16299112
8000,16553523
8000,16577662
8000,16486445
8000,16465749
8000,16304974
8000,16288272
8000,16183064
8000,16384773
8000,16254165
8000,16336462
8000,16208824
8000,16340671
8000,16332222
8000,16196329
8000,16228500
8000,16346001
8000,16379255
8000,16355941
8000,16184106
8000,16479439
8000,16274635
8000,16184642
8000,16299551
8000,16320459
8000,16520679
8000,16187013
8000,16474783
8000,16337815
8000,16306751
8000,16461537
8000,16274471
8000,16233913
8000,16136421
8000,16429919
8100,16777368
8100,16630098
8100,16528184
8100,16810350
8100,16913415
8100,16814228
8100,16723422
8100,16978057
8100,16602165
8100,16981872
8100,16883520
8100,16758027
8100,16684379
8100,16745031
8100,16414592
8100,16795128
8100,16626805
8100,16793252
8100,16813421
8100,16745177
8100,16768488
8100,16855829
8100,16696621
8100,16858997
8100,16827317
8100,16518949
8100,16679685
8100,16728299
8100,16649116
8100,16717028
8100,16680746
8100,16768901
8100,16880136
8100,16830382
8100,16668478
8100,16897491
8100,16866951
8100,16598336
8100,16673350
8100,16864946
8100,16841706
8100,16825708
8100,16794050
8100,16801609
8100,16703424
8100,16921026
8100,16795916
8100,16645227
8100,16846878
8100,16652440
8200,17212377
8200,17205353
8200,17288752
8200,17339550
8200,17185923
8200,17371269
8200,17183128
8200,17185795
8200,17244018
8200,17072368
8200,17224056
8200,17308138
8200,17107436
8200,17183840
8200,17285289
8200,17128667
8200,17064577
8200,16931138
8200,17151830
8200,17202605
8200,17242227
8200,17302674
8200,17087000
8200,17304680
8200,17208896
8200,17275039
8200,17242452
8200,17156564
8200,16934982
8200,17287862
8200,17187903
8200,17240307
8200,17041624
8200,17130032
8200,17270083
8200,17147694
8200,17135240
8200,17351458
8200,17204718
8200,17022820
8200,17171564
8200,17233780
8200,17198543
8200,17099280
8200,16898572
8200,17370430
8200,17253262
8200,17116765
8200,17235872
8200,17253020
8300,17430806
8300,17606322
8300,17501992
8300,17616143
8300,17604977
8300,17408938
8300,17651452
8300,17640097
8300,17638598
8300,17755706
8300,17617901
8300,17347868
8300,17492936
8300,17763771
8300,17501513
8300,17694604
8300,17608496
8300,17739211
8300,17442666
8300,17639201
8300,17691606
8300,17558168
8300,17693841
8300,17594756
8300,17422694
8300,17474725
8300,17567171
8300,17633811
8300,17532180
8300,17602683
8300,17619966
8300,17556074
8300,17812885
8300,17532278
8300,17725346
8300,17385971
8300,17601274
8300,17573802
8300,17590497
8300,17434300
8300,17627740
8300,17640259
8300,17648173
8300,17462115
8300,17617241
8300,17619917
8300,17524590
8300,17542673
8300,17603845
8300,17448787
8400,17856256
8400,17912276
8400,18159283
8400,18161339
8400,17823031
8400,18034323
8400,18116476
8400,18119291
8400,17980363
8400,17843714
8400,17781596
8400,18002857
8400,17949561
8400,17997030
8400,18036386
8400,18210234
8400,17979911
8400,17798754
8400,18023970
8400,18026506
8400,18041300
8400,17989090
8400,18056374
8400,17978185
8400,18079997
8400,17863526
8400,18219095
8400,17913792
8400,17830564
8400,17841294
8400,17957525
8400,18069816
8400,17900029
8400,18004612
8400,18011781
8400,18318929
8400,18112403
8400,18158268
8400,17972856
8400,18058936
8400,17698536
8400,18071373
8400,18013332
8400,17947908
8400,17977599
8400,17799764
8400,17890076
8400,18058783
8400,17939017
8400,18019554
8500,18466250
8500,18325389
8500,18373923
8500,18404289
8500,18377912
8500,18311564
8500,18313892
8500,18509276
8500,18532530
8500,18266568
8500,18534865
8500,18539385
8500,18439514
8500,18379652
8500,18435787
8500,18423380
8500,18462224
8500,18489694
8500,18306735
8500,18175924
8500,18354899
8500,18495999
8500,18516857
8500,18459576
8500,18429921
8500,18325468
8500,18310199
8500,18481333
8500,18643922
8500,18390130
8500,18306536
8500,18425761
8500,18475452
8500,18203473
8500,18343094
8500,18251441
8500,18498853
8500,18397331
8500,18459924
8500,18545905
8500,18478383
8500,18406416
8500,18498321
8500,18192792
8500,18300355
8500,18529352
8500,18399300
8500,18384419
8500,18401610
8500,18316574
8600,18799973
8600,19123802
8600,18678048
8600,18852254
8600,18979434
8600,18821326
8600,18924774
8600,18856153
8600,18987242
8600,18832615
8600,18675079
8600,18835213
8600,18994057
8600,18832874
8600,18693083
8600,18989677
8600,18823383
8600,18892947
8600,18890669
8600,18827619
8600,19011138
8600,18734019
8600,18841488
8600,18826169
8600,18790722
8600,18918457
8600,18773959
8600,18700359
8600,18653194
8600,18842967
8600,18781209
8600,18710636
8600,18899713
8600,18697802
8600,18997248
8600,18886106
8600,18964694
8600,18690877
8600,18760454
8600,18795057
8600,18934097
8600,18938291
8600,18926602
8600,19138056
8600,18758123
8600,18849551
8600,18753234
8600,18878120
8600,18874829
8600,19071735
8700,19152828
8700,19316392
8700,19083845
8700,19382179
8700,19343867
8700,19440660
8700,19200893
8700,19217644
8700,19629029
8700,19266425
8700,19375907
8700,19248043
8700,19302133
8700,19176603
8700,19263042
8700,19207315
8700,19083551
8700,19409511
8700,19294401
8700,19262436
8700,19371548
8700,19299098
8700,19567425
8700,19293893
8700,19261127
8700,19239488
8700,19371073
8700,19260654
8700,19175657
8700,19450528
8700,19454555
8700,19386568
8700,19376148
8700,19341284
8700,19356739
8700,19181434
8700,19289998
8700,19259892
8700,19237306
8700,19320940
8700,19368019
8700,19290839
8700,19284980
8700,19278473
8700,19385120
8700,19115678
8700,19441965
8700,19248011
8700,19478545
8700,19195243
8800,19617427
8800,19814723
8800,19758948
8800,19769510
8800,19710641
8800,19580292
8800,19854066
8800,19666918
8800,19649632
8800,19505689
8800,19467891
8800,19544244
8800,19798696
8800,19566874
8800,19578523
8800,19734687
8800,19859292
8800,19769810
8800,19900221
8800,19838453
8800,19799480
8800,19753744
8800,19721092
8800,19621788
8800,19722766
8800,19691027
8800,19846970
8800,19883199
8800,19651262
8800,19842074
8800,19535497
8800,19605272
8800,19862980
8800,19861005
8800,19735706
8800,19729086
8800,19690606
8800,19640872
8800,19617827
8800,19705474
8800,19727918
8800,20100186
8800,19622350
8800,19761564
8800,19795625
8800,19599066
8800,19979707
8800,19876975
8800,19953394
8800,19931528
8900,20184982
8900,20239903
8900,20327243
8900,20117275
8900,20203124
8900,20308422
8900,20296429
8900,20206522
8900,20142642
8900,20181652
8900,20257908
8900,20312377
8900,20124548
8900,20121014
8900,20170331
8900,20262576
8900,20385139
8900,19873419
8900,20214186
8900,19980147
8900,20211280
8900,20205444
8900,20259786
8900,20198918
8900,20095544
8900,20263481
8900,20282383
8900,20074259
8900,20354436
8900,20168273
8900,20141360
8900,20023289
8900,20214222
8900,20270015
8900,20030914
8900,20387747
8900,20386263
8900,20406280
8900,20292215
8900,20088641
8900,19927584
8900,20186705
8900,20285391
8900,20078439
8900,20317687
8900,20296839
8900,20350899
8900,20260581
8900,20309099
8900,20348052
9000,20770956
9000,20606969
9000,20672366
9000,20558203
9000,20645597
9000,20611930
9000,20618655
9000,20613327
9000,20690292
9000,20743602
9000,20631365
9000,20496136
9000,20673599
9000,20591746
9000,20787141
9000,20773069
9000,20722221
9000,20768271
9000,20607079
9000,20599804
9000,20496782
9000,20494626
9000,20794422
9000,20568396
9000,20585543
9000,20684663
9000,20591589
9000,20604329
9000,20816005
9000,20529129
9000,20547101
9000,20768398
9000,20670437
9000,20691330
9000,20611579
9000,20861497
9000,20834732
9000,20724294
9000,20702061
9000,20432043
9000,20476724
9000,20507925
9000,20779769
9000,20719717
9000,20849195
9000,20730975
9000,20506112
9000,20691140
9000,20495784
9000,20737594
9100,21294837
9100,21099464
9100,21060328
9100,21430946
9100,21187242
9100,21321644
9100,21386779
9100,21116145
9100,20928291
9100,20942034
9100,21090209
9100,21326291
9100,21327820
9100,20868344
9100,21109222
9100,21314641
9100,21155655
9100,21028228
9100,21017278
9100,21058728
9100,21120216
9100,21124494
9100,21245814
9100,21251491
9100,20952295
9100,20997942
9100,21154143
9100,20981250
9100,21221246
9100,21145921
9100,21040127
9100,21031354
9100,21062667
9100,21184188
9100,21134231
9100,21078730
9100,20989653
9100,21341586
9100,21002663
9100,21169224
9100,21441812
9100,21193488
9100,21002614
9100,20952066
9100,21104248
9100,21154681
9100,21200288
9100,21182411
9100,21278434
9100,21283030
9200,21868740
9200,21608121
9200,21548364
9200,21709404
9200,21291296
9200,21532874
9200,21783707
9200,21611480
9200,21811937
9200,21658858
9200,21439130
9200,21646230
9200,21722252
9200,21628718
9200,21813391
9200,21505652
9200,21716293
9200,21598942
9200,21396321
9200,21561964
9200,21370189
9200,21534227
9200,21480374
9200,21479907
9200,21407200
9200,21675968
9200,21853350
9200,21784386
9200,21671668
9200,21599580
9200,21561265
9200,21597678
9200,21532599
9200,21474723
9200,21739248
9200,21445505
9200,21388063
9200,21807566
9200,21558169
9200,21730435
9200,21769217
9200,21735544
9200,21488157
9200,21420238
9200,21672223
9200,21758380
9200,21740774
9200,21572136
9200,21607770
9200,21397587
9300,21898776
9300,22208123
9300,22010559
9300,22244094
9300,22406773
9300,21968634
9300,21838785
9300,22227579
9300,22109293
9300,22262414
9300,22406888
9300,22107939
9300,22148860
9300,21996173
9300,22105893
9300,22119866
9300,22165033
9300,21906297
9300,22032546
9300,22207937
9300,22058553
9300,22137949
9300,22079984
9300,22305356
9300,22134043
9300,22291644
9300,22134986
9300,21966202
9300,22020543
9300,22009918
9300,22197083
9300,22051763
9300,22045951
9300,22192098
9300,21872775
9300,21798687
9300,22178503
9300,21877815
9300,21922394
9300,22250282
9300,21916247
9300,22112248
9300,22094772
9300,22145878
9300,21931081
9300,22010383
9300,21913721
9300,22170195
9300,22129526
9300,22350647
9400,22550105
9400,22334618
9400,22477948
9400,22756517
9400,22517442
9400,22437816
9400,22451144
9400,22596513
9400,22476152
9400,22379914
9400,22559908
9400,22801564
9400,22304937
9400,22419997
9400,22703526
9400,22320203
9400,22517172
9400,22421483
9400,22413017
9400,22673249
9400,22496632
9400,22542296
9400,22359886
9400,22522482
9400,22687404
9400,22673860
9400,22349444
9400,22476512
9400,22382855
9400,22795507
9400,22691057
9400,22483665
9400,22378482
9400,22391439
9400,22424114
9400,22398618
9400,22526381
9400,22394358
9400,22262126
9400,22612645
9400,22562355
9400,22613155
9400,22389207
9400,22363123
9400,22336657
9400,22550430
9400,22470698
9400,22405115
9400,22677568
9400,22133143
9500,23274438
9500,22749840
9500,23002101
9500,23197620
9500,23181878
9500,22893124
9500,22965477
9500,22828974
9500,23188884
9500,23077080
9500,22735972
9500,23335547
9500,22882027
9500,22982623
9500,22792881
9500,22740671
9500,23399422
9500,22898257
9500,23065648
9500,23116241
9500,22896492
9500,23106317
9500,23188896
9500,23098813
9500,23146909
9500,23128458
9500,23079145
9500,22988828
9500,23044634
9500,22770911
9500,22867948
9500,23008446
9500,23075622
9500,23352301
9500,23081855
9500,23023037
9500,23113890
9500,22980541
9500,23360805
9500,23218136
9500,22880170
9500,23183038
9500,23097296
9500,23115793
9500,23076685
9500,23205163
9500,22887821
9500,22895718
9500,22878901
9500,22987728
9600,23593256
9600,23615178
9600,23251878
9600,23517466
9600,23426485
9600,23437247
9600,23584584
9600,23285129
9600,23731507
9600,23010767
9600,23417870
9600,23603290
9600,23463864
9600,23642593
9600,23468025
9600,23795880
9600,23263898
9600,23607573
9600,23618615
9600,23537452
9600,23312369
9600,23523656
9600,23382511
9600,23144065
9600,23539785
9600,23777680
9600,23501583
9600,23516596
9600,23481711
9600,23498056
9600,23612596
9600,23316619
9600,23563345
9600,23628541
9600,23299292
9600,23524068
9600,23594037
9600,23631094
9600,23509728
9600,23659805
9600,23584346
9600,23387447
9600,23461994
9600,23466907
9600,23647495
9600,23691024
9600,23446489
9600,23551671
9600,23666871
9600,23392439
9700,24231532
9700,24292220
9700,23859613
9700,24294042
9700,24012052
9700,24049270
9700,24115703
9700,23761634
9700,23841815
9700,23936048
9700,23966737
9700,24060463
9700,23812951
9700,24087572
9700,24102117
9700,23852103
9700,24132149
9700,23856535
9700,24143699
9700,23970105
9700,23863158
9700,24162243
9700,24086203
9700,23840730
9700,24160726
9700,24017926
9700,23677340
9700,23978279
9700,24168812
9700,24038396
9700,23933186
9700,24015387
9700,24145679
9700,23986170
9700,24154406
9700,24054497
9700,23939474
9700,23693674
9700,24021578
9700,23754594
9700,24166391
9700,23876284
9700,24088160
9700,24214640
9700,23849241
9700,24129109
9700,23835823
9700,23930443
9700,24103645
9700,23927348
9800,24680281
9800,24216866
9800,24436469
9800,24335853
9800,24625485
9800,24534419
9800,24268206
9800,24096744
9800,24475434
9800,24373435
9800,24636376
9800,24700990
9800,24673154
9800,24496166
9800,24489353
9800,24235954
9800,24409823
9800,24242565
9800,24672498
9800,24827638
9800,24608282
9800,24700940
9800,24430195
9800,24355036
9800,24719977
9800,24488593
9800,24533411
9800,24769433
9800,24495551
9800,24407869
9800,24546868
9800,24503561
9800,24483123
9800,24294817
9800,24509092
9800,24367387
9800,24604804
9800,24333300
9800,24435406
9800,24671828
9800,24243957
9800,24475695
9800,24550679
9800,24469132
9800,24489088
9800,24233655
9800,24429617
9800,24612506
9800,24814526
9800,24703949
9900,25040468
9900,24673360
9900,25138866
9900,25294100
9900,24865579
9900,25004820
9900,25334345
9900,24838759
9900,24967807
9900,25088452
9900,25125629
9900,24790551
9900,24954148
9900,25378671
9900,25055945
9900,25098612
9900,24699238
9900,25094342
9900,24979344
9900,24987286
9900,25135024
9900,25308109
9900,24880158
9900,25039405
9900,25281701
9900,25183087
9900,25211479
9900,24935193
9900,25091482
9900,25255917
9900,24960082
9900,25215339
9900,25112170
9900,24941711
9900,24909757
9900,25145440
9900,24831131
9900,24920584
9900,24962088
9900,24993827
9900,25260265
9900,25113119
9900,25096516
9900,24934377
9900,24976036
9900,25319073
9900,25112344
9900,25140296
9900,24913604
9900,24973721
10000,25524656
10000,25430883
10000,25820102
10000,25452815
10000,25324436
10000,25492423
10000,25312027
10000,25487980
10000,25610684
10000,25645649
10000,25460081
10000,25617822
10000,25491075
10000,25428165
10000,25604140
10000,25612031
10000,25541004
10000,25346050
10000,25292256
10000,25521763
10000,25512355
10000,25464860
10000,25240833
10000,25564615
10000,25625698
10000,25405520
10000,25612419
10000,25457776
10000,25667242
10000,25618701
10000,25750202
10000,25464061
10000,25203864
10000,25507215
10000,25631900
10000,25745438
10000,25535002
10000,25296453
10000,25468069
10000,25710057
10000,25549878
10000,25156891
10000,25583388
10000,25453171
10000,25701167
10000,25072504
10000,25216121
10000,25669728
10000,25510743
10000,25548708
