n,s
100,2516
100,2520
100,2688
100,2486
100,2462
100,2464
100,2514
100,2585
100,2528
100,2609
100,2421
100,2606
100,2373
100,2551
100,2381
100,2640
100,2704
100,2664
100,2346
100,2368
100,2613
100,2735
100,2599
100,2740
100,2363
100,2525
100,2483
100,2633
100,2577
100,2593
100,2693
100,2412
100,2605
100,2365
100,2352
100,2718
100,2232
100,2692
100,2453
100,2145
100,2688
100,2298
100,2597
100,2599
100,2453
100,2734
100,2219
100,2437
100,2029
100,2408
200,10467
200,10219
200,9620
200,9453
200,10412
200,9924
200,10497
200,9943
200,10611
200,9435
200,10633
200,9787
200,10346
200,9681
200,9938
200,10165
200,10301
200,10150
200,9529
200,9919
200,10041
200,10302
200,10957
200,9955
200,10540
200,9989
200,9997
200,10029
200,10481
200,10100
200,10996
200,10096
200,10207
200,10135
200,10088
200,10317
200,10843
200,11079
200,9641
200,9795
200,11233
200,10439
200,10116
200,9510
200,9937
200,9473
200,10175
200,9972
200,9952
200,10092
300,23709
300,22668
300,22944
300,23422
300,22767
300,23369
300,23258
300,23658
300,23705
300,22402
300,22019
300,22604
300,24106
300,22223
300,22642
300,23206
300,23885
300,21886
300,22483
300,23546
300,23791
300,22078
300,22267
300,23343
300,22975
300,21654
300,22483
300,21873
300,23310
300,22807
300,22176
300,21377
300,22932
300,23102
300,23372
300,22182
300,24279
300,23367
300,23076
300,23359
300,22079
300,22895
300,23536
300,21817
300,22482
300,22332
300,22674
300,21237
300,22976
300,23369
400,41440
400,39907
400,40155
400,41446
400,41060
400,38467
400,39382
400,40867
400,42732
400,41872
400,39663
400,43673
400,39883
400,38716
400,41488
400,40838
400,40184
400,40848
400,43138
400,40902
400,40316
400,40528
400,40250
400,38111
400,43412
400,40455
400,38597
400,40583
400,41614
400,42297
400,39214
400,40376
400,38201
400,42717
400,39645
400,42782
400,40150
400,41367
400,41571
400,41436
400,41309
400,40472
400,42880
400,43499
400,38710
400,40397
400,42163
400,41530
400,42347
400,38317
500,65623
500,65502
500,65079
500,62640
500,63040
500,60290
500,61412
500,61608
500,63592
500,64781
500,63073
500,61246
500,65084
500,63622
500,63817
500,61753
500,63969
500,61679
500,62811
500,64474
500,61595
500,66744
500,62494
500,63963
500,60595
500,62430
500,63048
500,60053
500,61614
500,63849
500,63808
500,65090
500,63868
500,63694
500,62236
500,61291
500,62432
500,62392
500,60588
500,63863
500,65816
500,64662
500,63699
500,63267
500,65587
500,64529
500,63698
500,64566
500,61320
500,63156
600,90480
600,92249
600,93649
600,89673
600,93839
600,96022
600,90615
600,88007
600,90519
600,94825
600,90887
600,92357
600,91643
600,95455
600,93942
600,92907
600,93008
600,87954
600,91064
600,94689
600,95394
600,92488
600,91399
600,92326
600,94641
600,89494
600,91805
600,92116
600,89393
600,95197
600,96557
600,91360
600,90118
600,92370
600,94875
600,89315
600,91947
600,92102
600,92973
600,88151
600,89700
600,92020
600,91796
600,94494
600,91740
600,91281
600,89494
600,90012
600,86843
600,92157
700,124152
700,126613
700,118675
700,125887
700,126405
700,126487
700,124425
700,127544
700,127991
700,126187
700,123702
700,127049
700,120239
700,127318
700,129040
700,128312
700,129508
700,122800
700,132486
700,124729
700,129459
700,119158
700,121003
700,123907
700,126491
700,124376
700,119705
700,126555
700,123680
700,128351
700,132465
700,120921
700,120678
700,124376
700,125561
700,127008
700,124654
700,128061
700,120831
700,129133
700,123033
700,128873
700,129354
700,119457
700,127779
700,124971
700,123363
700,124454
700,126869
700,126948
800,161835
800,167120
800,168482
800,166107
800,164378
800,162726
800,165677
800,157637
800,153830
800,164814
800,164837
800,161865
800,166122
800,174670
800,160058
800,166684
800,164239
800,163347
800,159318
800,164496
800,159750
800,160054
800,166859
800,160922
800,158886
800,162255
800,174003
800,161602
800,160327
800,163515
800,160305
800,161915
800,157458
800,163764
800,167449
800,163144
800,161900
800,158507
800,164479
800,161642
800,155330
800,160947
800,164091
800,168311
800,160945
800,166814
800,168210
800,162260
800,165615
800,164300
900,203841
900,208592
900,198879
900,201363
900,214078
900,205534
900,198343
900,213278
900,210964
900,199993
900,195457
900,212347
900,203125
900,203987
900,211120
900,208246
900,209139
900,204989
900,204308
900,208819
900,210374
900,210546
900,212257
900,205187
900,213351
900,205558
900,198512
900,200391
900,211334
900,203019
900,201577
900,212330
900,208864
900,212390
900,198332
900,207213
900,211756
900,204332
900,202863
900,209855
900,200943
900,211614
900,204038
900,213425
900,206959
900,198127
900,203477
900,209549
900,213992
900,217132
1000,260554
1000,266272
1000,249862
1000,257595
1000,250043
1000,256238
1000,248160
1000,256261
1000,263335
1000,255492
1000,252698
1000,266421
1000,259948
1000,259051
1000,255463
1000,255934
1000,250031
1000,259375
1000,256816
1000,259220
1000,253981
1000,258994
1000,257074
1000,260329
1000,241232
1000,255862
1000,249229
1000,256396
1000,240249
1000,253158
1000,255142
1000,262137
1000,255716
1000,260462
1000,246991
1000,252137
1000,249216
1000,255089
1000,253123
1000,253824
1000,251482
1000,254798
1000,253876
1000,252930
1000,258000
1000,257209
1000,249865
1000,254966
1000,257167
1000,256225
1100,307743
1100,307460
1100,301315
1100,315839
1100,302217
1100,320601
1100,308087
1100,307183
1100,307103
1100,314838
1100,305590
1100,315387
1100,299984
1100,309650
1100,305370
1100,302914
1100,310609
1100,316690
1100,301653
1100,309767
1100,307540
1100,307873
1100,301470
1100,298654
1100,310273
1100,310886
1100,311223
1100,320674
1100,309878
1100,296198
1100,318416
1100,307418
1100,314954
1100,303390
1100,314402
1100,297076
1100,307717
1100,300210
1100,305172
1100,310252
1100,308642
1100,306237
1100,310486
1100,310926
1100,302705
1100,314607
1100,316323
1100,295774
1100,291370
1100,304458
1200,360211
1200,369899
1200,369626
1200,366254
1200,365779
1200,367363
1200,375655
1200,370306
1200,367864
1200,356864
1200,366624
1200,357155
1200,365119
1200,355694
1200,344408
1200,371733
1200,374297
1200,361593
1200,360054
1200,366192
1200,376091
1200,365658
1200,372009
1200,368579
1200,364377
1200,371192
1200,356105
1200,361099
1200,354827
1200,371720
1200,366513
1200,369338
1200,359679
1200,354677
1200,377150
1200,359190
1200,367557
1200,368338
1200,377627
1200,372828
1200,364444
1200,381045
1200,372155
1200,367254
1200,375253
1200,361889
1200,359256
1200,363381
1200,362230
1200,364274
1300,435166
1300,425077
1300,435743
1300,440882
1300,435234
1300,434522
1300,435842
1300,424533
1300,430819
1300,435699
1300,437216
1300,429829
1300,422166
1300,423998
1300,421652
1300,424309
1300,418402
1300,437479
1300,417192
1300,429438
1300,444426
1300,444768
1300,424218
1300,428716
1300,436511
1300,437250
1300,437686
1300,435533
1300,425671
1300,437822
1300,447630
1300,429923
1300,423574
1300,422716
1300,429213
1300,430991
1300,435598
1300,426208
1300,435556
1300,413481
1300,430051
1300,420930
1300,436327
1300,430688
1300,435040
1300,433083
1300,430835
1300,438004
1300,434657
1300,430202
1400,497899
1400,502043
1400,484225
1400,502159
1400,491110
1400,500533
1400,483771
1400,514326
1400,507180
1400,506757
1400,493326
1400,500003
1400,507496
1400,490750
1400,507319
1400,509483
1400,500316
1400,498995
1400,507744
1400,511332
1400,496204
1400,507986
1400,494432
1400,514761
1400,486351
1400,511283
1400,499236
1400,494833
1400,493892
1400,491050
1400,483133
1400,495308
1400,494822
1400,505217
1400,508799
1400,491167
1400,491704
1400,498344
1400,493078
1400,500725
1400,511313
1400,494966
1400,489333
1400,500413
1400,505558
1400,497517
1400,499642
1400,482451
1400,511447
1400,490485
1500,565233
1500,568901
1500,550854
1500,578769
1500,565737
1500,567376
1500,569461
1500,567874
1500,584269
1500,572157
1500,564630
1500,588153
1500,574882
1500,582733
1500,554236
1500,583096
1500,579066
1500,563367
1500,556195
1500,569677
1500,590878
1500,563974
1500,579108
1500,574619
1500,556362
1500,566648
1500,575025
1500,593998
1500,568167
1500,572167
1500,569101
1500,578595
1500,587029
1500,563465
1500,568298
1500,550388
1500,554519
1500,548066
1500,570421
1500,574200
1500,570988
1500,563693
1500,556369
1500,564439
1500,583591
1500,592379
1500,579995
1500,583049
1500,584938
1500,562485
1600,657711
1600,668023
1600,663343
1600,632660
1600,633091
1600,640386
1600,664223
1600,652241
1600,646763
1600,650138
1600,645118
1600,667130
1600,646717
1600,659787
1600,671004
1600,651590
1600,655027
1600,645062
1600,644731
1600,665018
1600,656278
1600,658894
1600,654500
1600,664030
1600,647634
1600,663326
1600,653372
1600,640937
1600,654412
1600,646541
1600,661554
1600,657913
1600,639182
1600,647770
1600,652569
1600,668306
1600,649729
1600,652567
1600,652279
1600,686258
1600,645702
1600,640597
1600,663825
1600,675766
1600,649230
1600,647394
1600,635980
1600,669082
1600,651099
1600,643619
1700,752181
1700,733518
1700,727671
1700,742871
1700,729765
1700,744244
1700,738111
1700,733913
1700,734435
1700,752722
1700,738311
1700,734639
1700,733497
1700,741170
1700,744872
1700,747476
1700,739898
1700,747388
1700,728831
1700,724766
1700,729259
1700,751348
1700,750309
1700,746059
1700,711746
1700,711517
1700,739384
1700,738786
1700,752751
1700,734178
1700,754412
1700,735168
1700,731068
1700,751013
1700,755420
1700,727453
1700,728060
1700,740710
1700,759140
1700,730137
1700,735108
1700,744283
1700,719060
1700,722297
1700,728773
1700,747989
1700,729728
1700,736682
1700,731655
1700,734686
1800,827706
1800,843402
1800,828439
1800,826151
1800,821349
1800,810719
1800,822855
1800,823797
1800,813854
1800,849407
1800,816587
1800,814467
1800,839038
1800,819718
1800,814117
1800,836232
1800,838865
1800,847077
1800,823156
1800,826115
1800,816316
1800,823272
1800,847070
1800,823835
1800,804917
1800,837794
1800,808879
1800,828170
1800,800925
1800,838355
1800,805975
1800,818889
1800,828900
1800,818082
1800,809420
1800,814925
1800,842131
1800,818326
1800,831506
1800,836243
1800,809544
1800,824353
1800,835230
1800,819765
1800,842962
1800,843840
1800,840150
1800,807068
1800,839590
1800,826547
1900,924926
1900,916210
1900,923500
1900,911960
1900,908773
1900,929352
1900,902817
1900,894482
1900,919882
1900,902408
1900,941332
1900,940133
1900,902491
1900,910778
1900,926163
1900,914766
1900,945153
1900,919827
1900,910244
1900,928676
1900,928268
1900,890761
1900,902815
1900,936934
1900,950577
1900,927521
1900,916697
1900,907077
1900,925252
1900,934548
1900,908240
1900,913461
1900,912744
1900,908129
1900,923276
1900,929424
1900,925117
1900,913181
1900,929939
1900,910469
1900,915780
1900,930148
1900,942933
1900,918476
1900,915794
1900,936485
1900,937676
1900,881391
1900,904028
1900,914896
2000,1017856
2000,1033914
2000,1037338
2000,1025708
2000,1001638
2000,1029186
2000,1006562
2000,1034200
2000,1011743
2000,1006422
2000,1024185
2000,1006551
2000,1020506
2000,1023858
2000,1009641
2000,1033572
2000,1015794
2000,1044450
2000,1036050
2000,1043340
2000,1015656
2000,1010061
2000,1012698
2000,1019164
2000,1023487
2000,1023683
2000,1014784
2000,1034427
2000,1036922
2000,1017661
2000,1015349
2000,1029092
2000,1033326
2000,1017146
2000,1028813
2000,1034457
2000,1054780
2000,1024037
2000,1024046
2000,1024408
2000,1028239
2000,1024540
2000,1020658
2000,1006997
2000,1034094
2000,1026372
2000,1015382
2000,998248
2000,1028088
2000,1018182
2100,1115002
2100,1115829
2100,1124097
2100,1129066
2100,1105981
2100,1103347
2100,1114063
2100,1102894
2100,1113143
2100,1111873
2100,1107931
2100,1141548
2100,1139641
2100,1132718
2100,1112613
2100,1101942
2100,1128262
2100,1122893
2100,1097506
2100,1125379
2100,1146863
2100,1135567
2100,1097437
2100,1110959
2100,1152519
2100,1131672
2100,1124531
2100,1136420
2100,1127364
2100,1138400
2100,1117136
2100,1130359
2100,1143639
2100,1135741
2100,1134848
2100,1124004
2100,1148914
2100,1112657
2100,1100916
2100,1146895
2100,1114248
2100,1121440
2100,1139940
2100,1088309
2100,1138044
2100,1110057
2100,1119736
2100,1118530
2100,1127942
2100,1144383
2200,1228276
2200,1211491
2200,1263715
2200,1248114
2200,1210818
2200,1242590
2200,1250178
2200,1231215
2200,1222170
2200,1259741
2200,1209850
2200,1223584
2200,1212160
2200,1263425
2200,1261428
2200,1218726
2200,1241891
2200,1241244
2200,1247468
2200,1241984
2200,1220205
2200,1242939
2200,1225480
2200,1235135
2200,1241276
2200,1245112
2200,1244940
2200,1231518
2200,1230932
2200,1236240
2200,1231870
2200,1238481
2200,1226716
2200,1233482
2200,1257970
2200,1264768
2200,1256544
2200,1236680
2200,1241167
2200,1223993
2200,1242104
2200,1226437
2200,1224646
2200,1256413
2200,1212631
2200,1233007
2200,1232116
2200,1251051
2200,1259287
2200,1220664
2300,1357708
2300,1316618
2300,1324913
2300,1315916
2300,1361026
2300,1369273
2300,1380616
2300,1328379
2300,1364066
2300,1333917
2300,1317230
2300,1371434
2300,1333095
2300,1372637
2300,1327870
2300,1345363
2300,1353684
2300,1343471
2300,1309199
2300,1360222
2300,1378897
2300,1366913
2300,1354308
2300,1360082
2300,1348935
2300,1350378
2300,1353841
2300,1361869
2300,1338580
2300,1342128
2300,1338282
2300,1366136
2300,1297283
2300,1338427
2300,1369012
2300,1352283
2300,1355214
2300,1359980
2300,1342819
2300,1335652
2300,1370091
2300,1343641
2300,1385623
2300,1318721
2300,1362015
2300,1356863
2300,1343009
2300,1342771
2300,1364725
2300,1388210
2400,1505119
2400,1483805
2400,1480935
2400,1493194
2400,1453408
2400,1445910
2400,1433048
2400,1446617
2400,1482152
2400,1492194
2400,1480831
2400,1453401
2400,1441614
2400,1479574
2400,1453904
2400,1496129
2400,1461828
2400,1499676
2400,1428552
2400,1493678
2400,1484415
2400,1470477
2400,1440383
2400,1471101
2400,1457913
2400,1462765
2400,1474275
2400,1436780
2400,1468934
2400,1478428
2400,1463783
2400,1430585
2400,1511093
2400,1489173
2400,1438974
2400,1452592
2400,1457946
2400,1477724
2400,1458753
2400,1452835
2400,1454214
2400,1472929
2400,1437656
2400,1443972
2400,1479300
2400,1468213
2400,1497466
2400,1482500
2400,1438285
2400,1437837
2500,1621511
2500,1590272
2500,1618887
2500,1599706
2500,1570973
2500,1603396
2500,1569599
2500,1617880
2500,1580793
2500,1596858
2500,1567376
2500,1598191
2500,1591389
2500,1609303
2500,1600503
2500,1581538
2500,1599304
2500,1608578
2500,1636983
2500,1583433
2500,1582879
2500,1577967
2500,1603146
2500,1582388
2500,1593167
2500,1585654
2500,1625118
2500,1630194
2500,1631926
2500,1565283
2500,1578573
2500,1606398
2500,1612371
2500,1588069
2500,1599898
2500,1612432
2500,1600005
2500,1601010
2500,1600056
2500,1595056
2500,1586211
2500,1642055
2500,1588408
2500,1597904
2500,1590996
2500,1567144
2500,1582626
2500,1597112
2500,1574105
2500,1559714
2600,1738329
2600,1726021
2600,1763512
2600,1740843
2600,1717580
2600,1708438
2600,1709088
2600,1694606
2600,1729037
2600,1723165
2600,1703822
2600,1700289
2600,1705828
2600,1721251
2600,1721751
2600,1705132
2600,1713518
2600,1732221
2600,1723868
2600,1728723
2600,1748629
2600,1718277
2600,1751314
2600,1714485
2600,1720337
2600,1687483
2600,1683399
2600,1709773
2600,1728029
2600,1739869
2600,1728820
2600,1735474
2600,1755116
2600,1751173
2600,1726551
2600,1731626
2600,1736658
2600,1706952
2600,1730654
2600,1725795
2600,1747957
2600,1747494
2600,1709240
2600,1740333
2600,1751247
2600,1710071
2600,1723143
2600,1724758
2600,1695620
2600,1717363
2700,1867407
2700,1881930
2700,1862801
2700,1861505
2700,1862946
2700,1844688
2700,1857018
2700,1847467
2700,1940885
2700,1871836
2700,1857046
2700,1859687
2700,1823855
2700,1834632
2700,1847706
2700,1874900
2700,1847958
2700,1873456
2700,1853082
2700,1818071
2700,1866753
2700,1908000
2700,1851852
2700,1869072
2700,1867443
2700,1868588
2700,1862379
2700,1883161
2700,1870483
2700,1871056
2700,1854230
2700,1852710
2700,1865605
2700,1838996
2700,1862711
2700,1853557
2700,1878911
2700,1828811
2700,1816159
2700,1802414
2700,1865247
2700,1847598
2700,1854846
2700,1889949
2700,1845651
2700,1840360
2700,1825316
2700,1835566
2700,1885557
2700,1882171
2800,1993470
2800,2012927
2800,2043926
2800,2008379
2800,1990755
2800,1951151
2800,2001437
2800,2011774
2800,1976821
2800,2001650
2800,2027485
2800,2011110
2800,1959082
2800,2039161
2800,2004812
2800,1983451
2800,1990608
2800,1993773
2800,1981793
2800,2025360
2800,2037324
2800,1996336
2800,1980923
2800,2047563
2800,1951398
2800,1985759
2800,1993157
2800,2042656
2800,2012488
2800,1973048
2800,2008962
2800,1951811
2800,2003567
2800,1989771
2800,2030928
2800,2002482
2800,1998831
2800,1956982
2800,2029766
2800,2013861
2800,1979518
2800,1993649
2800,2025480
2800,1990973
2800,2063259
2800,2046652
2800,1992083
2800,1990331
2800,1997817
2800,1991288
2900,2144494
2900,2133575
2900,2148983
2900,2150652
2900,2180257
2900,2190478
2900,2183771
2900,2138105
2900,2122229
2900,2163105
2900,2129090
2900,2185113
2900,2145913
2900,2121841
2900,2149891
2900,2129712
2900,2159724
2900,2190944
2900,2138593
2900,2175422
2900,2151593
2900,2136768
2900,2139168
2900,2118573
2900,2121835
2900,2190016
2900,2152093
2900,2171768
2900,2099547
2900,2143840
2900,2115177
2900,2150476
2900,2162937
2900,2165106
2900,2164530
2900,2104058
2900,2133669
2900,2152429
2900,2156463
2900,2103138
2900,2192769
2900,2151903
2900,2138897
2900,2171180
2900,2110672
2900,2143029
2900,2168364
2900,2144187
2900,2135193
2900,2126126
3000,2300234
3000,2279651
3000,2300097
3000,2287864
3000,2291022
3000,2323371
3000,2275364
3000,2349190
3000,2311832
3000,2263265
3000,2307933
3000,2283066
3000,2330725
3000,2341688
3000,2347728
3000,2276470
3000,2280559
3000,2324919
3000,2282390
3000,2278950
3000,2282455
3000,2264292
3000,2228762
3000,2284030
3000,2315654
3000,2291507
3000,2316898
3000,2287612
3000,2294054
3000,2296901
3000,2286293
3000,2342226
3000,2318987
3000,2310947
3000,2311985
3000,2298569
3000,2249897
3000,2243853
3000,2319224
3000,2272649
3000,2277626
3000,2252250
3000,2311887
3000,2271064
3000,2298166
3000,2303997
3000,2257639
3000,2296320
3000,2315569
3000,2319794
3100,2381443
3100,2492736
3100,2496220
3100,2439726
3100,2427673
3100,2445154
3100,2463544
3100,2454798
3100,2499558
3100,2439201
3100,2460085
3100,2476851
3100,2419765
3100,2461144
3100,2418871
3100,2464785
3100,2487055
3100,2415351
3100,2435881
3100,2437435
3100,2459573
3100,2423079
3100,2491834
3100,2393686
3100,2444544
3100,2433534
3100,2459418
3100,2470561
3100,2451767
3100,2471516
3100,2483544
3100,2441818
3100,2461439
3100,2458533
3100,2486637
3100,2405079
3100,2423024
3100,2471271
3100,2435241
3100,2387214
3100,2456272
3100,2425498
3100,2431436
3100,2433858
3100,2444198
3100,2487502
3100,2496079
3100,2465930
3100,2450839
3100,2449883
3200,2620239
3200,2636250
3200,2645664
3200,2614561
3200,2592938
3200,2580478
3200,2616103
3200,2605920
3200,2604004
3200,2563131
3200,2625188
3200,2595158
3200,2654992
3200,2637994
3200,2592743
3200,2525681
3200,2596241
3200,2631494
3200,2594290
3200,2604660
3200,2573225
3200,2597393
3200,2606632
3200,2597131
3200,2576747
3200,2621823
3200,2557384
3200,2579181
3200,2643773
3200,2647269
3200,2565904
3200,2601196
3200,2608072
3200,2622525
3200,2571189
3200,2609779
3200,2575497
3200,2629995
3200,2630560
3200,2639909
3200,2631046
3200,2590913
3200,2615279
3200,2614295
3200,2678951
3200,2613474
3200,2574805
3200,2641369
3200,2601516
3200,2632358
3300,2809794
3300,2759041
3300,2782373
3300,2779717
3300,2785661
3300,2789510
3300,2772729
3300,2742806
3300,2804490
3300,2797745
3300,2775118
3300,2761251
3300,2765559
3300,2794737
3300,2790269
3300,2766708
3300,2743609
3300,2786473
3300,2777264
3300,2805209
3300,2861500
3300,2754559
3300,2806036
3300,2793580
3300,2767904
3300,2772073
3300,2743991
3300,2756350
3300,2829896
3300,2756454
3300,2726593
3300,2864187
3300,2756233
3300,2736052
3300,2784321
3300,2779398
3300,2765028
3300,2750283
3300,2807225
3300,2756063
3300,2726417
3300,2791388
3300,2744680
3300,2798017
3300,2773015
3300,2738188
3300,2792530
3300,2799787
3300,2811487
3300,2779658
3400,2950641
3400,2962902
3400,2903419
3400,2980938
3400,2956300
3400,2911957
3400,2969544
3400,2888490
3400,2946708
3400,2974884
3400,2953413
3400,3030977
3400,2967239
3400,2934982
3400,2983102
3400,2969360
3400,2937430
3400,2986046
3400,2961365
3400,2956755
3400,2909984
3400,2864185
3400,2927895
3400,2928125
3400,2899701
3400,3018865
3400,2920995
3400,2938051
3400,2994390
3400,2996214
3400,2914567
3400,2965050
3400,3039763
3400,2968343
3400,2954502
3400,2937090
3400,2993896
3400,2963797
3400,2979502
3400,2975680
3400,2951419
3400,2915331
3400,2961611
3400,2928479
3400,2927654
3400,2977679
3400,2931371
3400,2942464
3400,2918900
3400,2969325
3500,3156638
3500,3122604
3500,3137836
3500,3129674
3500,3131451
3500,3125083
3500,3173589
3500,3113898
3500,3141256
3500,3110077
3500,3120376
3500,3132115
3500,3092787
3500,3170935
3500,3117680
3500,3169998
3500,3104483
3500,3145406
3500,3112390
3500,3145432
3500,3114119
3500,3126916
3500,3137895
3500,3170790
3500,3178790
3500,3110678
3500,3092191
3500,3108610
3500,3032352
3500,3057134
3500,3141102
3500,3167765
3500,3132481
3500,3151500
3500,3087594
3500,3115293
3500,3128597
3500,3130488
3500,3133753
3500,3106466
3500,3126805
3500,3088335
3500,3114716
3500,3129784
3500,3043544
3500,3102513
3500,3110150
3500,3106964
3500,3064015
3500,3061685
3600,3322301
3600,3313827
3600,3259340
3600,3289721
3600,3246204
3600,3306935
3600,3346725
3600,3272930
3600,3272471
3600,3314289
3600,3303359
3600,3274142
3600,3387584
3600,3282530
3600,3254901
3600,3327546
3600,3323266
3600,3282995
3600,3272991
3600,3326842
3600,3312860
3600,3267588
3600,3360796
3600,3240303
3600,3314506
3600,3331977
3600,3326954
3600,3261738
3600,3317496
3600,3330910
3600,3248473
3600,3303174
3600,3244621
3600,3348273
3600,3401991
3600,3285379
3600,3343208
3600,3327495
3600,3297202
3600,3339656
3600,3280348
3600,3280597
3600,3268225
3600,3347410
3600,3353205
3600,3224370
3600,3257706
3600,3261387
3600,3345049
3600,3314586
3700,3512924
3700,3476066
3700,3489412
3700,3479507
3700,3513490
3700,3460704
3700,3481245
3700,3511063
3700,3438342
3700,3479911
3700,3491002
3700,3536096
3700,3498804
3700,3499594
3700,3498631
3700,3464891
3700,3464531
3700,3500134
3700,3591131
3700,3456904
3700,3418915
3700,3562183
3700,3459377
3700,3498589
3700,3547862
3700,3532002
3700,3570861
3700,3454871
3700,3453938
3700,3464275
3700,3530797
3700,3519849
3700,3529012
3700,3461247
3700,3574605
3700,3534290
3700,3513643
3700,3453035
3700,3510233
3700,3492706
3700,3536667
3700,3453947
3700,3554885
3700,3444563
3700,3423298
3700,3507484
3700,3488486
3700,3508682
3700,3487424
3700,3515033
3800,3643381
3800,3734877
3800,3664182
3800,3661075
3800,3711634
3800,3732231
3800,3709669
3800,3712008
3800,3684905
3800,3668546
3800,3671090
3800,3725502
3800,3681713
3800,3674312
3800,3679824
3800,3618251
3800,3698364
3800,3580087
3800,3719552
3800,3620079
3800,3752178
3800,3700781
3800,3734881
3800,3675420
3800,3590536
3800,3674347
3800,3727074
3800,3595432
3800,3718872
3800,3677916
3800,3631163
3800,3646432
3800,3717077
3800,3659955
3800,3665576
3800,3725757
3800,3695291
3800,3646992
3800,3667467
3800,3693742
3800,3678342
3800,3740428
3800,3677689
3800,3624444
3800,3668975
3800,3671613
3800,3606843
3800,3671821
3800,3740500
3800,3654927
3900,3869017
3900,3860198
3900,3903756
3900,3856337
3900,3927249
3900,3860021
3900,3877393
3900,3909076
3900,3858811
3900,3809332
3900,3780146
3900,3951792
3900,3845265
3900,3893175
3900,3840183
3900,3878786
3900,3844230
3900,3861873
3900,3954411
3900,3899406
3900,3961418
3900,3901507
3900,3864595
3900,3889539
3900,3969899
3900,3891939
3900,3927496
3900,3866987
3900,3885415
3900,3882596
3900,3876752
3900,3958601
3900,3880968
3900,3798494
3900,3921079
3900,3918409
3900,3841054
3900,3913133
3900,3874756
3900,3922415
3900,3852898
3900,3978243
3900,3875936
3900,3817195
3900,3892399
3900,3967774
3900,3891628
3900,3898389
3900,3832255
3900,3891383
4000,4030402
4000,4093159
4000,4048476
4000,4078694
4000,4051790
4000,4039152
4000,4055891
4000,4064322
4000,4086812
4000,4084737
4000,4064383
4000,4119520
4000,4061665
4000,3997402
4000,4104724
4000,4050937
4000,4034565
4000,4028680
4000,4111311
4000,4108126
4000,4081582
4000,4144262
4000,4094738
4000,4095616
4000,4040364
4000,4066750
4000,4128953
4000,4044282
4000,4082612
4000,4054420
4000,4034604
4000,4019446
4000,4013919
4000,4046713
4000,4068664
4000,4160983
4000,4082642
4000,4168598
4000,4085067
4000,4085900
4000,4055081
4000,4059699
4000,4128666
4000,4064509
4000,4038640
4000,4117351
4000,4020647
4000,4112112
4000,4103874
4000,4106408
4100,4301858
4100,4287139
4100,4244066
4100,4370278
4100,4253045
4100,4231661
4100,4218580
4100,4255457
4100,4287383
4100,4321908
4100,4256441
4100,4284690
4100,4250389
4100,4256482
4100,4258095
4100,4349134
4100,4310972
4100,4198039
4100,4282139
4100,4298403
4100,4250026
4100,4308946
4100,4278464
4100,4282636
4100,4351718
4100,4287225
4100,4293093
4100,4254538
4100,4321929
4100,4255724
4100,4274017
4100,4224756
4100,4313247
4100,4278118
4100,4259759
4100,4319419
4100,4236289
4100,4271454
4100,4326540
4100,4340397
4100,4282590
4100,4266824
4100,4264156
4100,4320441
4100,4185079
4100,4331508
4100,4273929
4100,4334839
4100,4261918
4100,4270929
4200,4466868
4200,4469368
4200,4501898
4200,4473927
4200,4563690
4200,4560163
4200,4555339
4200,4400828
4200,4479454
4200,4485481
4200,4465177
4200,4497878
4200,4478328
4200,4468277
4200,4535086
4200,4436456
4200,4454804
4200,4527448
4200,4461100
4200,4538548
4200,4430938
4200,4484639
4200,4456024
4200,4572180
4200,4485290
4200,4541088
4200,4561001
4200,4409841
4200,4458805
4200,4522116
4200,4531818
4200,4542026
4200,4454975
4200,4532200
4200,4507395
4200,4477445
4200,4553075
4200,4491142
4200,4543781
4200,4502567
4200,4430961
4200,4437037
4200,4473467
4200,4497238
4200,4552730
4200,4443167
4200,4425238
4200,4579764
4200,4484201
4200,4518439
4300,4744500
4300,4653656
4300,4696937
4300,4772234
4300,4652934
4300,4650785
4300,4669594
4300,4719292
4300,4734205
4300,4653023
4300,4812332
4300,4736518
4300,4711711
4300,4759742
4300,4693021
4300,4738387
4300,4658747
4300,4773105
4300,4717383
4300,4749422
4300,4704946
4300,4627063
4300,4667930
4300,4714743
4300,4709331
4300,4630477
4300,4624409
4300,4706810
4300,4738762
4300,4784069
4300,4741090
4300,4806307
4300,4767406
4300,4681339
4300,4767793
4300,4749584
4300,4685124
4300,4721870
4300,4738905
4300,4768347
4300,4739005
4300,4733318
4300,4705416
4300,4741215
4300,4651304
4300,4734802
4300,4715440
4300,4712593
4300,4708924
4300,4662804
4400,4926130
4400,4914966
4400,4939718
4400,4950577
4400,5064103
4400,4921545
4400,4910350
4400,4900678
4400,4893778
4400,4950350
4400,5023420
4400,4874078
4400,4912934
4400,4995100
4400,4868775
4400,4937603
4400,4941576
4400,4966661
4400,5092068
4400,4922072
4400,4980447
4400,4930374
4400,4939531
4400,4919809
4400,4923951
4400,4904969
4400,4938584
4400,4955212
4400,4938151
4400,4872019
4400,4949401
4400,4961446
4400,4881084
4400,4923867
4400,4928247
4400,4926021
4400,4990842
4400,4987598
4400,4978916
4400,4965433
4400,4928662
4400,4890170
4400,4899867
4400,4906015
4400,4965012
4400,5026179
4400,5007101
4400,4913127
4400,4915272
4400,4899751
4500,5050554
4500,5123379
4500,5177693
4500,5124755
4500,5171953
4500,5137972
4500,5158709
4500,5034679
4500,5187152
4500,5243169
4500,5139166
4500,5189667
4500,5158193
4500,5189184
4500,5196590
4500,5261714
4500,5088648
4500,5210505
4500,5155969
4500,5183995
4500,5083305
4500,5146046
4500,5196475
4500,5064481
4500,5132923
4500,5179727
4500,5212126
4500,5262421
4500,5158845
4500,5114820
4500,5142553
4500,5162204
4500,5222362
4500,5266761
4500,5159385
4500,5165187
4500,5153447
4500,5095289
4500,5142286
4500,5181150
4500,5259669
4500,5110805
4500,5133987
4500,5147480
4500,5184828
4500,5157111
4500,5091812
4500,5094594
4500,5162553
4500,5157592
4600,5425878
4600,5397558
4600,5413795
4600,5258399
4600,5430503
4600,5467699
4600,5410550
4600,5332227
4600,5343375
4600,5437181
4600,5368661
4600,5379393
4600,5375253
4600,5407426
4600,5412547
4600,5378514
4600,5451109
4600,5299457
4600,5331160
4600,5424550
4600,5450388
4600,5439970
4600,5429959
4600,5503713
4600,5395193
4600,5302737
4600,5426633
4600,5375440
4600,5445688
4600,5474316
4600,5440054
4600,5418278
4600,5393220
4600,5386373
4600,5422805
4600,5375502
4600,5299998
4600,5377282
4600,5395416
4600,5424622
4600,5371856
4600,5373270
4600,5477798
4600,5372083
4600,5347527
4600,5446889
4600,5366516
4600,5346336
4600,5449788
4600,5416444
4700,5602930
4700,5571351
4700,5605964
4700,5643440
4700,5711546
4700,5694137
4700,5614667
4700,5613566
4700,5645937
4700,5640657
4700,5659912
4700,5507798
4700,5623997
4700,5646595
4700,5629453
4700,5611823
4700,5637057
4700,5659691
4700,5532960
4700,5644845
4700,5642739
4700,5692040
4700,5642703
4700,5611719
4700,5597339
4700,5664122
4700,5604726
4700,5599495
4700,5604422
4700,5574052
4700,5480328
4700,5665541
4700,5669923
4700,5588128
4700,5575666
4700,5578084
4700,5732574
4700,5630311
4700,5621950
4700,5605396
4700,5656701
4700,5676400
4700,5670271
4700,5628943
4700,5681507
4700,5630525
4700,5625419
4700,5554492
4700,5638823
4700,5619741
4800,5926210
4800,5909437
4800,5857928
4800,5950737
4800,6015833
4800,5874161
4800,5832619
4800,5893468
4800,5862284
4800,5780675
4800,5886284
4800,5925665
4800,5753343
4800,5841559
4800,5823656
4800,5871793
4800,5811233
4800,5909587
4800,5864162
4800,5868341
4800,5928567
4800,5939377
4800,5975138
4800,5775566
4800,5845374
4800,5897535
4800,5935669
4800,5916153
4800,5937892
4800,5806889
4800,5876823
4800,5995720
4800,5933903
4800,5756464
4800,5880656
4800,5868436
4800,5892426
4800,5968358
4800,5806739
4800,5904509
4800,5923221
4800,5832945
4800,5818735
4800,5911006
4800,5849584
4800,5906066
4800,6039344
4800,5854212
4800,5829528
4800,5877569
4900,6211883
4900,6043957
4900,6199790
4900,6162094
4900,6094787
4900,6085510
4900,6042042
4900,6143534
4900,6128355
4900,6093333
4900,6130522
4900,5999307
4900,6099679
4900,6217315
4900,6040393
4900,6118874
4900,6121833
4900,6020168
4900,6135889
4900,6006911
4900,6117944
4900,6035513
4900,6116554
4900,6146783
4900,6183259
4900,6200259
4900,6065259
4900,6052011
4900,6157096
4900,6048654
4900,6103569
4900,6146641
4900,6131619
4900,6099979
4900,6099594
4900,6042252
4900,6117934
4900,6018952
4900,6128326
4900,6057972
4900,6137988
4900,6100001
4900,6259089
4900,6101634
4900,6184401
4900,6036692
4900,6107532
4900,6140570
4900,6132388
4900,6162883
5000,6479483
5000,6435604
5000,6366372
5000,6415052
5000,6383316
5000,6323814
5000,6358417
5000,6349472
5000,6354473
5000,6309693
5000,6450417
5000,6395276
5000,6410490
5000,6401500
5000,6437899
5000,6264365
5000,6319758
5000,6359734
5000,6347251
5000,6404574
5000,6306788
5000,6272235
5000,6259605
5000,6465192
5000,6433533
5000,6406359
5000,6365317
5000,6386838
5000,6401791
5000,6444928
5000,6366326
5000,6388260
5000,6369994
5000,6299685
5000,6402767
5000,6509463
5000,6444003
5000,6319479
5000,6345232
5000,6422608
5000,6366214
5000,6306830
5000,6368954
5000,6408029
5000,6387489
5000,6435437
5000,6446240
5000,6378686
5000,6299156
5000,6404284
5100,6594664
5100,6718771
5100,6573001
5100,6630409
5100,6609309
5100,6630683
5100,6659816
5100,6677287
5100,6669329
5100,6632582
5100,6588806
5100,6648788
5100,6581905
5100,6694779
5100,6672455
5100,6635942
5100,6657773
5100,6599588
5100,6695598
5100,6549210
5100,6684774
5100,6679957
5100,6717038
5100,6777959
5100,6679725
5100,6659645
5100,6681210
5100,6758330
5100,6584747
5100,6679412
5100,6671342
5100,6578115
5100,6503766
5100,6545710
5100,6588458
5100,6537592
5100,6530331
5100,6735451
5100,6613309
5100,6625627
5100,6631784
5100,6619716
5100,6717171
5100,6660736
5100,6673436
5100,6652951
5100,6639025
5100,6577277
5100,6612540
5100,6692606
5200,6900950
5200,6931233
5200,6894178
5200,6786225
5200,7010179
5200,6919244
5200,6877595
5200,6912686
5200,6835027
5200,6824733
5200,6854182
5200,6888841
5200,6903045
5200,6913339
5200,6930379
5200,6773994
5200,6802925
5200,6880887
5200,6835529
5200,6987117
5200,6917026
5200,7000189
5200,6867557
5200,6940208
5200,6869081
5200,6796382
5200,6819896
5200,6909058
5200,6834727
5200,6889959
5200,6797968
5200,6823589
5200,6943169
5200,6938545
5200,6847553
5200,6797021
5200,6780782
5200,7008465
5200,6893069
5200,7060521
5200,6872370
5200,6969036
5200,6961789
5200,6927461
5200,6909521
5200,6876881
5200,6844077
5200,6860523
5200,7005744
5200,6839268
5300,7189551
5300,7153843
5300,7150634
5300,7088335
5300,7309254
5300,7058081
5300,7190183
5300,7190011
5300,7200588
5300,7080133
5300,7077148
5300,7108882
5300,7022615
5300,7142084
5300,7108885
5300,7129924
5300,7173835
5300,7161089
5300,7179965
5300,7101180
5300,7107454
5300,7282307
5300,7274484
5300,7146910
5300,7164738
5300,7208921
5300,7217458
5300,7050707
5300,7106600
5300,7166015
5300,7178855
5300,7134783
5300,7150402
5300,7158982
5300,7223872
5300,7085716
5300,7127863
5300,7106642
5300,7203780
5300,7243479
5300,7285336
5300,7077183
5300,7232609
5300,7118804
5300,7109822
5300,7184705
5300,7284747
5300,7065712
5300,7156356
5300,7081111
5400,7402350
5400,7447580
5400,7332987
5400,7496478
5400,7299785
5400,7393296
5400,7384999
5400,7485203
5400,7397946
5400,7398903
5400,7477726
5400,7466781
5400,7420833
5400,7440079
5400,7496227
5400,7472365
5400,7570325
5400,7394313
5400,7473337
5400,7424409
5400,7457092
5400,7497134
5400,7404149
5400,7423440
5400,7511639
5400,7482004
5400,7439872
5400,7494025
5400,7457566
5400,7519045
5400,7549134
5400,7429049
5400,7421494
5400,7457348
5400,7358257
5400,7542736
5400,7476137
5400,7503954
5400,7437300
5400,7478057
5400,7300538
5400,7569888
5400,7353348
5400,7335988
5400,7498344
5400,7439258
5400,7390740
5400,7384931
5400,7402971
5400,7491574
5500,7726606
5500,7768338
5500,7707280
5500,7633924
5500,7624542
5500,7706953
5500,7762390
5500,7629781
5500,7602788
5500,7682249
5500,7772596
5500,7696551
5500,7768007
5500,7790787
5500,7702530
5500,7705457
5500,7628743
5500,7686556
5500,7830584
5500,7652191
5500,7726577
5500,7645092
5500,7724189
5500,7707831
5500,7821390
5500,7730667
5500,7616332
5500,7692562
5500,7735053
5500,7675412
5500,7694508
5500,7834189
5500,7659358
5500,7751067
5500,7798688
5500,7758697
5500,7635466
5500,7650856
5500,7727775
5500,7702297
5500,7688348
5500,7660044
5500,7714780
5500,7797446
5500,7756475
5500,7702006
5500,7615529
5500,7725257
5500,7714158
5500,7688243
5600,8050648
5600,7985957
5600,7959392
5600,7917925
5600,7962889
5600,7964908
5600,8026943
5600,7944350
5600,8069356
5600,8036601
5600,8141959
5600,8077627
5600,7915980
5600,7966805
5600,8051544
5600,7969660
5600,7988046
5600,7919555
5600,7945465
5600,7925578
5600,7907557
5600,8148347
5600,7959361
5600,8029312
5600,8058745
5600,8050174
5600,8130459
5600,8039520
5600,7910288
5600,8023659
5600,7837056
5600,7977278
5600,7942260
5600,8040548
5600,8062333
5600,8105546
5600,7963879
5600,7897179
5600,7914189
5600,8051117
5600,8005753
5600,7987629
5600,7953850
5600,8046453
5600,8092139
5600,7978886
5600,7990413
5600,7988090
5600,7942748
5600,8021157
5700,8349339
5700,8325639
5700,8183806
5700,8206298
5700,8248208
5700,8226668
5700,8232380
5700,8183588
5700,8467134
5700,8277015
5700,8303653
5700,8311899
5700,8314946
5700,8380108
5700,8295349
5700,8440683
5700,8336066
5700,8199944
5700,8248954
5700,8205980
5700,8438109
5700,8251098
5700,8221145
5700,8307721
5700,8170000
5700,8248326
5700,8461203
5700,8286293
5700,8105560
5700,8318066
5700,8213025
5700,8215305
5700,8324154
5700,8287499
5700,8229236
5700,8332690
5700,8280628
5700,8293235
5700,8381578
5700,8302949
5700,8208453
5700,8284269
5700,8192994
5700,8398141
5700,8344959
5700,8247231
5700,8227005
5700,8226051
5700,8270672
5700,8313205
5800,8664672
5800,8688518
5800,8514687
5800,8588238
5800,8606591
5800,8549439
5800,8613691
5800,8545561
5800,8658367
5800,8662467
5800,8457806
5800,8466205
5800,8534630
5800,8509400
5800,8477656
5800,8493127
5800,8544034
5800,8670232
5800,8583005
5800,8548184
5800,8694498
5800,8528250
5800,8666760
5800,8535869
5800,8589512
5800,8722366
5800,8586820
5800,8630208
5800,8560162
5800,8558795
5800,8620829
5800,8500194
5800,8530004
5800,8661556
5800,8568871
5800,8599825
5800,8472359
5800,8568985
5800,8596089
5800,8420996
5800,8571696
5800,8504269
5800,8667349
5800,8614414
5800,8696818
5800,8657496
5800,8510879
5800,8565087
5800,8493309
5800,8508955
5900,8876899
5900,8807425
5900,8961038
5900,8919279
5900,9005053
5900,8840027
5900,8871348
5900,8840431
5900,8914814
5900,9019757
5900,8844777
5900,8873376
5900,8647535
5900,8743954
5900,8808303
5900,8805268
5900,9013344
5900,8865279
5900,8944425
5900,8888083
5900,8916465
5900,8905806
5900,8992456
5900,8927210
5900,8844760
5900,8895865
5900,8817642
5900,8732526
5900,8915911
5900,8944080
5900,8913441
5900,8929052
5900,8847325
5900,8998669
5900,8959913
5900,8954400
5900,8948650
5900,8815402
5900,8997241
5900,8884826
5900,8828266
5900,8824848
5900,8823421
5900,8879157
5900,9005472
5900,9010450
5900,8745052
5900,8852629
5900,8817303
5900,8896457
6000,9189173
6000,9236280
6000,9144321
6000,9209916
6000,9054006
6000,9124123
6000,9125447
6000,9301203
6000,9213279
6000,9199722
6000,9299690
6000,9253888
6000,9212029
6000,9087386
6000,9151228
6000,9244214
6000,9034076
6000,9173308
6000,9195703
6000,9118577
6000,9295759
6000,9013173
6000,9205057
6000,9069363
6000,9208557
6000,9284290
6000,9129717
6000,9300932
6000,9204218
6000,9085645
6000,9108158
6000,9114854
6000,9122635
6000,9199844
6000,9140881
6000,9114057
6000,9252910
6000,9152540
6000,8986621
6000,9248898
6000,9351459
6000,9255656
6000,9114426
6000,9108138
6000,9162755
6000,9292850
6000,9172042
6000,9270345
6000,9195369
6000,9342635
6100,9401691
6100,9455005
6100,9528197
6100,9446908
6100,9520594
6100,9547681
6100,9496005
6100,9403937
6100,9642003
6100,9470478
6100,9536149
6100,9499699
6100,9482330
6100,9435896
6100,9336994
6100,9490747
6100,9445354
6100,9384071
6100,9555441
6100,9438127
6100,9570937
6100,9406663
6100,9417752
6100,9453862
6100,9449805
6100,9472914
6100,9455441
6100,9343574
6100,9491397
6100,9503598
6100,9339945
6100,9354885
6100,9475562
6100,9312804
6100,9538976
6100,9462043
6100,9416044
6100,9494916
6100,9565738
6100,9576960
6100,9543395
6100,9508889
6100,9465610
6100,9501788
6100,9396345
6100,9529962
6100,9478209
6100,9414626
6100,9639087
6100,9442639
6200,9930753
6200,9835723
6200,10030557
6200,9684774
6200,9804249
6200,9918791
6200,9911575
6200,9817354
6200,9735662
6200,9905616
6200,9789806
6200,9704990
6200,9866078
6200,9737688
6200,9886028
6200,9819005
6200,9815520
6200,9651292
6200,9817817
6200,9774395
6200,9670253
6200,10012659
6200,9764028
6200,9725066
6200,9703349
6200,9716534
6200,9820992
6200,9801208
6200,9692455
6200,9811336
6200,9858691
6200,9792397
6200,9911474
6200,9734424
6200,9836268
6200,9735351
6200,9815265
6200,9780563
6200,9759677
6200,9792996
6200,9783266
6200,9811352
6200,9945097
6200,9854023
6200,9728841
6200,9903904
6200,9770550
6200,9872672
6200,9804160
6200,9819191
6300,10066719
6300,10108816
6300,10197406
6300,9954486
6300,10217017
6300,10300385
6300,10239401
6300,10103108
6300,10050978
6300,10206581
6300,10249448
6300,10153281
6300,10085080
6300,10165555
6300,10057957
6300,10070530
6300,10099134
6300,10046247
6300,10145315
6300,10034476
6300,10207983
6300,10047380
6300,10093053
6300,10141173
6300,10151013
6300,10049814
6300,10210886
6300,10021325
6300,10207459
6300,10225386
6300,10135475
6300,10076170
6300,10121970
6300,10078722
6300,10174209
6300,10092478
6300,10127386
6300,10094461
6300,10214748
6300,9968931
6300,10071820
6300,10138792
6300,9993905
6300,10173189
6300,9985954
6300,10124457
6300,10116599
6300,10203001
6300,10138086
6300,10099788
6400,10318839
6400,10437173
6400,10447895
6400,10471496
6400,10340786
6400,10355906
6400,10495805
6400,10426440
6400,10407646
6400,10271881
6400,10476782
6400,10484734
6400,10414881
6400,10463055
6400,10437548
6400,10459802
6400,10457316
6400,10457616
6400,10454333
6400,10293231
6400,10548021
6400,10434290
6400,10499555
6400,10525613
6400,10556201
6400,10418954
6400,10586055
6400,10545841
6400,10444382
6400,10420511
6400,10388657
6400,10484742
6400,10384419
6400,10611948
6400,10483002
6400,10425003
6400,10372848
6400,10458943
6400,10440557
6400,10354876
6400,10377773
6400,10345507
6400,10498649
6400,10398922
6400,10527324
6400,10302899
6400,10348196
6400,10446773
6400,10371008
6400,10461503
6500,10725103
6500,10827261
6500,10767123
6500,10765386
6500,10666314
6500,10843061
6500,10816492
6500,10716285
6500,10749319
6500,10828378
6500,10750726
6500,10806505
6500,10806830
6500,10842528
6500,10756604
6500,10795974
6500,10810823
6500,10933546
6500,10769372
6500,10804298
6500,10765144
6500,10722326
6500,10845556
6500,10729262
6500,10771482
6500,10907506
6500,10791895
6500,10781584
6500,10887191
6500,10861082
6500,10804038
6500,10810093
6500,10689541
6500,10867806
6500,10790378
6500,10703077
6500,10616205
6500,10742182
6500,10767454
6500,10655731
6500,10638471
6500,10804642
6500,10859560
6500,10761505
6500,10721431
6500,10741652
6500,10864226
6500,10818329
6500,10698180
6500,10711760
6600,11108597
6600,11053397
6600,11169040
6600,11143345
6600,11136588
6600,11198178
6600,11152339
6600,10996935
6600,11292805
6600,11086192
6600,11126721
6600,11261071
6600,11156788
6600,10966467
6600,11123994
6600,11133356
6600,11176455
6600,11006468
6600,11263911
6600,11162443
6600,10888270
6600,11067845
6600,11054036
6600,11184790
6600,11021321
6600,11047477
6600,11105303
6600,10990813
6600,11268672
6600,10938679
6600,11173225
6600,11106244
6600,11200774
6600,11223607
6600,11197313
6600,11197750
6600,11085041
6600,11066837
6600,11077353
6600,11265942
6600,11133303
6600,11150922
6600,10995277
6600,11029284
6600,11023036
6600,10952570
6600,10899602
6600,10872752
6600,11221508
6600,11212565
6700,11398335
6700,11570447
6700,11587956
6700,11503098
6700,11481529
6700,11296465
6700,11350219
6700,11285404
6700,11474126
6700,11311578
6700,11532741
6700,11527071
6700,11329154
6700,11352425
6700,11411186
6700,11263436
6700,11453019
6700,11397228
6700,11557894
6700,11478789
6700,11477457
6700,11354938
6700,11406897
6700,11524471
6700,11426976
6700,11459575
6700,11517816
6700,11455818
6700,11413506
6700,11351425
6700,11510166
6700,11442790
6700,11564831
6700,11477465
6700,11348287
6700,11452773
6700,11366489
6700,11354709
6700,11482414
6700,11349836
6700,11545308
6700,11669349
6700,11474921
6700,11529092
6700,11451476
6700,11557288
6700,11411249
6700,11352131
6700,11341993
6700,11305517
6800,11716615
6800,11847059
6800,11832974
6800,11757444
6800,11859797
6800,11982734
6800,11826618
6800,11854869
6800,11756337
6800,11708024
6800,11913061
6800,11691337
6800,11847927
6800,11616700
6800,11807228
6800,11762980
6800,11791836
6800,11795713
6800,11654263
6800,11846008
6800,11712510
6800,11738551
6800,11963640
6800,11852096
6800,11744139
6800,11799552
6800,11774303
6800,11902974
6800,11953526
6800,11790812
6800,11872949
6800,11774156
6800,11734083
6800,11774509
6800,11946899
6800,11772255
6800,11976035
6800,11668636
6800,11820083
6800,11791625
6800,11834910
6800,11670331
6800,11887127
6800,11758788
6800,11559865
6800,11869331
6800,11902988
6800,11751087
6800,11743156
6800,11873536
6900,12049957
6900,12264820
6900,12179582
6900,12246528
6900,12155604
6900,12186896
6900,12249094
6900,12039999
6900,12133574
6900,12059261
6900,12323356
6900,12022331
6900,12116273
6900,12086085
6900,12152289
6900,11804722
6900,12359960
6900,12222021
6900,12129130
6900,12108553
6900,12016224
6900,12087009
6900,12159255
6900,12168737
6900,12217304
6900,12135607
6900,12033727
6900,12107979
6900,11962236
6900,12008058
6900,12266211
6900,12222466
6900,12144229
6900,12075132
6900,12230614
6900,12264409
6900,12195683
6900,12074267
6900,12013330
6900,12112782
6900,12256652
6900,12123873
6900,11957980
6900,12180752
6900,12041331
6900,11964239
6900,12326574
6900,12153943
6900,12155187
6900,12189017
7000,12326536
7000,12448270
7000,12551380
7000,12550040
7000,12417201
7000,12671442
7000,12257394
7000,12546295
7000,12410592
7000,12375193
7000,12469848
7000,12604511
7000,12362794
7000,12427850
7000,12395685
7000,12397081
7000,12342115
7000,12531848
7000,12495398
7000,12501800
7000,12621180
7000,12349248
7000,12431474
7000,12559510
7000,12684957
7000,12507431
7000,12467385
7000,12493939
7000,12327394
7000,12426721
7000,12353791
7000,12504459
7000,12426476
7000,12418204
7000,12363512
7000,12501685
7000,12495343
7000,12303240
7000,12731167
7000,12443933
7000,12561068
7000,12523241
7000,12450446
7000,12409077
7000,12668156
7000,12359329
7000,12551372
7000,12575409
7000,12429967
7000,12447089
7100,12905809
7100,12814910
7100,12908853
7100,12842908
7100,12798159
7100,12840811
7100,12802721
7100,12823544
7100,12997549
7100,12788410
7100,12945069
7100,12781946
7100,12932407
7100,12873626
7100,13177663
7100,13078567
7100,12791280
7100,12778132
7100,12675571
7100,12910034
7100,13015843
7100,12915316
7100,12819572
7100,12724058
7100,12817587
7100,12948255
7100,12717943
7100,12912934
7100,12824099
7100,12946385
7100,12896335
7100,12773936
7100,12917496
7100,12974843
7100,12652854
7100,12942136
7100,12844897
7100,12862422
7100,12843769
7100,12917156
7100,12994968
7100,12850210
7100,12755041
7100,12773211
7100,13038715
7100,12717908
7100,12864080
7100,12855909
7100,12887731
7100,12841689
7200,13194670
7200,13120360
7200,13267054
7200,13379534
7200,13238722
7200,13289049
7200,13289090
7200,13080257
7200,13218591
7200,13172631
7200,13155534
7200,13348609
7200,13264578
7200,13123866
7200,13157935
7200,13187199
7200,13219266
7200,13249030
7200,13097216
7200,13333335
7200,13241996
7200,13201380
7200,13178852
7200,13187587
7200,13061396
7200,13463733
7200,13475619
7200,13354962
7200,13188826
7200,13027915
7200,13266056
7200,13236152
7200,13192727
7200,13103326
7200,13416140
7200,13305180
7200,13086235
7200,13287094
7200,13198013
7200,13275122
7200,13229446
7200,13173341
7200,13336822
7200,13224918
7200,13154140
7200,13187791
7200,13353570
7200,13198902
7200,13497358
7200,13189815
7300,13644368
7300,13568684
7300,13742580
7300,13683342
7300,13607416
7300,13543324
7300,13661414
7300,13519908
7300,13480269
7300,13602474
7300,13643030
7300,13482942
7300,13750151
7300,13522865
7300,13728203
7300,13640442
7300,13632137
7300,13628608
7300,13504423
7300,13699704
7300,13631914
7300,13623425
7300,13613299
7300,13903759
7300,13526092
7300,13379644
7300,13636333
7300,13502089
7300,13610290
7300,13449382
7300,13666822
7300,13624978
7300,13622880
7300,13644869
7300,13583888
7300,13477775
7300,13806200
7300,13772450
7300,13701432
7300,13695950
7300,13603280
7300,13662463
7300,13796353
7300,13497306
7300,13334829
7300,13663461
7300,13573516
7300,13707308
7300,13531990
7300,13498132
7400,14020372
7400,14103787
7400,13732199
7400,14011379
7400,13961973
7400,13998375
7400,14046231
7400,13946935
7400,13959690
7400,14026622
7400,13830708
7400,13851784
7400,13941026
7400,14065569
7400,14003313
7400,14082866
7400,14165526
7400,13858212
7400,13870058
7400,13936907
7400,14295608
7400,13820550
7400,13978220
7400,13962697
7400,13912593
7400,13931316
7400,14088259
7400,14086040
7400,14111035
7400,14097597
7400,14038590
7400,13935979
7400,14161694
7400,14148683
7400,14063024
7400,13908359
7400,13831258
7400,13986413
7400,13848018
7400,13998783
7400,13860452
7400,13727359
7400,13826208
7400,13955005
7400,13995786
7400,13943440
7400,14105023
7400,14051526
7400,14047442
7400,14032967
7500,14348693
7500,14390122
7500,14394451
7500,14186586
7500,14420705
7500,14398774
7500,14454919
7500,14322711
7500,14377441
7500,14273831
7500,14232516
7500,14295233
7500,14542667
7500,14454113
7500,14357281
7500,14375647
7500,14319021
7500,14441120
7500,14531952
7500,14380135
7500,14251783
7500,14479012
7500,14206921
7500,14271688
7500,14430496
7500,14343351
7500,14449216
7500,14480668
7500,14297415
7500,14468183
7500,14458753
7500,14512177
7500,14369352
7500,14362230
7500,14425605
7500,14238786
7500,14326629
7500,14245695
7500,14315303
7500,14051311
7500,14282610
7500,14387881
7500,14455918
7500,14332550
7500,14359355
7500,14429313
7500,14262651
7500,14481475
7500,14159810
7500,14330987
7600,14635994
7600,14666757
7600,14685367
7600,14911716
7600,14794897
7600,14813274
7600,15052203
7600,14762182
7600,14633281
7600,14779862
7600,14649938
7600,14601417
7600,14639230
7600,14653595
7600,14610573
7600,14803587
7600,14561250
7600,14879770
7600,14789019
7600,14600743
7600,14725567
7600,14807054
7600,14966053
7600,14869011
7600,14605691
7600,14699750
7600,14671126
7600,14757531
7600,14686864
7600,14736167
7600,14564401
7600,14792393
7600,14801875
7600,14868697
7600,14555724
7600,14702654
7600,14875955
7600,14731350
7600,14739314
7600,14760248
7600,14680869
7600,14878859
7600,14713868
7600,14578005
7600,14679036
7600,14748613
7600,14784850
7600,14872164
7600,14889758
7600,14860136
7700,15203329
7700,15015405
7700,15231889
7700,15184462
7700,15136536
7700,15007197
7700,15148319
7700,15137801
7700,15079199
7700,15262328
7700,15412408
7700,15231125
7700,15141602
7700,14922696
7700,14846004
7700,14966034
7700,15143567
7700,15073147
7700,15033710
7700,15141721
7700,14971180
7700,14912597
7700,15170137
7700,15091648
7700,15031545
7700,15061429
7700,15074592
7700,15101640
7700,15377475
7700,15158525
7700,14785068
7700,15096756
7700,15018646
7700,15281335
7700,15092323
7700,15131622
7700,15222608
7700,15100514
7700,15091317
7700,15208937
7700,14968931
7700,15121014
7700,15089068
7700,14676700
7700,15149513
7700,15081376
7700,15267433
7700,14993223
7700,15021006
7700,15294697
7800,15527897
7800,15487713
7800,15568486
7800,15558607
7800,15485265
7800,15637150
7800,15702080
7800,15533054
7800,15483742
7800,15617329
7800,15552669
7800,15632504
7800,15452374
7800,15478198
7800,15480150
7800,15540243
7800,15411392
7800,15509940
7800,15677947
7800,15638709
7800,15626955
7800,15388497
7800,15565717
7800,15479230
7800,15462961
7800,15439239
7800,15471778
7800,15413055
7800,15669905
7800,15541709
7800,15596236
7800,15529814
7800,15350710
7800,15534541
7800,15384490
7800,15470867
7800,15571730
7800,15470612
7800,15509893
7800,15465374
7800,15485032
7800,15716016
7800,15387165
7800,15405041
7800,15747290
7800,15368447
7800,15482427
7800,15413278
7800,15480053
7800,15610690
7900,15776151
7900,16037379
7900,16101366
7900,15939560
7900,16036784
7900,15862231
7900,15801660
7900,16015235
7900,15805103
7900,15710529
7900,16037163
7900,15949738
7900,15922592
7900,16044093
7900,16005343
7900,15856934
7900,15716311
7900,15982122
7900,15830501
7900,16015647
7900,15890374
7900,16109295
7900,15965137
7900,15874673
7900,15717582
7900,15861284
7900,15992365
7900,15889861
7900,15786911
7900,16013426
7900,15890046
7900,15959442
7900,16076301
7900,15905225
7900,15755370
7900,16055655
7900,15783674
7900,15896389
7900,15953332
7900,15964097
7900,15807228
7900,15714840
7900,15732910
7900,16051337
7900,15712861
7900,15749859
7900,15997618
7900,15855417
7900,15847235
7900,16039684
8000,16411988
8000,16034415
8000,16267321
8000,16399164
8000,16213761
8000,16335583
8000,16192379
8000,16335527
8000,16432591
8000,16310153
8000,16195406
8000,16354386
8000,16290146
8000,16447192
8000,16412556
8000,16291038
8000,16545452
8000,16569593
8000,16478372
8000,16457680
8000,16296909
8000,16280196
8000,16174993
8000,16376703
8000,16246097
8000,16328389
8000,16200757
8000,16332597
8000,16324154
8000,16188255
8000,16220430
8000,16337930
8000,16371185
8000,16347867
8000,16176036
8000,16471370
8000,16266565
8000,16176571
8000,16291483
8000,16312390
8000,16512605
8000,16178940
8000,16466708
8000,16329743
8000,16298682
8000,16453462
8000,16266403
8000,16225843
8000,16128350
8000,16421847
8100,16769193
8100,16621927
8100,16520011
8100,16802174
8100,16905241
8100,16806053
8100,16715248
8100,16969886
8100,16594000
8100,16973703
8100,16875346
8100,16749854
8100,16676206
8100,16736860
8100,16406419
8100,16786957
8100,16618633
8100,16785082
8100,16805252
8100,16737004
8100,16760314
8100,16847659
8100,16688451
8100,16850825
8100,16819147
8100,16510779
8100,16671515
8100,16720132
8100,16640941
8100,16708859
8100,16672578
8100,16760734
8100,16871963
8100,16822212
8100,16660308
8100,16889315
8100,16858779
8100,16590162
8100,16665179
8100,16856775
8100,16833538
8100,16817536
8100,16785880
8100,16793437
8100,16695252
8100,16912855
8100,16787739
8100,16637054
8100,16838712
8100,16644266
8200,17204108
8200,17197076
8200,17280475
8200,17331277
8200,17177650
8200,17363006
8200,17174858
8200,17177523
8200,17235747
8200,17064098
8200,17215791
8200,17299863
8200,17099162
8200,17175567
8200,17277019
8200,17120398
8200,17056307
8200,16922869
8200,17143561
8200,17194334
8200,17233957
8200,17294402
8200,17078730
8200,17296409
8200,17200626
8200,17266763
8200,17234182
8200,17148291
8200,16926711
8200,17279589
8200,17179634
8200,17232038
8200,17033354
8200,17121760
8200,17261809
8200,17139420
8200,17126968
8200,17343188
8200,17196446
8200,17014548
8200,17163292
8200,17225508
8200,17190274
8200,17091008
8200,16890298
8200,17362157
8200,17244984
8200,17108492
8200,17227599
8200,17244747
8300,17422430
8300,17597950
8300,17493617
8300,17607768
8300,17596607
8300,17400565
8300,17643079
8300,17631727
8300,17630224
8300,17747335
8300,17609528
8300,17339492
8300,17484562
8300,17755399
8300,17493141
8300,17686225
8300,17600122
8300,17730841
8300,17434293
8300,17630828
8300,17683235
8300,17549797
8300,17685462
8300,17586383
8300,17414322
8300,17466350
8300,17558802
8300,17625438
8300,17523807
8300,17594307
8300,17611593
8300,17547698
8300,17804511
8300,17523908
8300,17716971
8300,17377598
8300,17592898
8300,17565427
8300,17582121
8300,17425930
8300,17619362
8300,17631888
8300,17639798
8300,17453741
8300,17608870
8300,17611542
8300,17516221
8300,17534301
8300,17595466
8300,17440413
8400,17847781
8400,17903800
8400,18150810
8400,18152863
8400,17814557
8400,18025855
8400,18108002
8400,18110819
8400,17971885
8400,17835233
8400,17773118
8400,17994380
8400,17941086
8400,17988561
8400,18027914
8400,18201760
8400,17971434
8400,17790279
8400,18015498
8400,18018028
8400,18032829
8400,17980614
8400,18047902
8400,17969711
8400,18071524
8400,17855055
8400,18210621
8400,17905316
8400,17822091
8400,17832817
8400,17949052
8400,18061342
8400,17891558
8400,17996134
8400,18003309
8400,18310455
8400,18103932
8400,18149799
8400,17964379
8400,18050464
8400,17690061
8400,18062902
8400,18004853
8400,17939435
8400,17969126
8400,17791288
8400,17881602
8400,18050311
8400,17930539
8400,18011080
8500,18457675
8500,18316814
8500,18365349
8500,18395714
8500,18369337
8500,18302991
8500,18305322
8500,18500698
8500,18523959
8500,18257997
8500,18526287
8500,18530803
8500,18430934
8500,18371076
8500,18427210
8500,18414801
8500,18453651
8500,18481120
8500,18298162
8500,18167350
8500,18346327
8500,18487422
8500,18508282
8500,18451001
8500,18421344
8500,18316897
8500,18301620
8500,18472756
8500,18635344
8500,18381556
8500,18297959
8500,18417189
8500,18466878
8500,18194900
8500,18334516
8500,18242864
8500,18490279
8500,18388755
8500,18451349
8500,18537331
8500,18469810
8500,18397842
8500,18489745
8500,18184216
8500,18291779
8500,18520774
8500,18390721
8500,18375843
8500,18393035
8500,18308001
8600,18791294
8600,19115132
8600,18669365
8600,18843581
8600,18970758
8600,18812648
8600,18916099
8600,18847474
8600,18978565
8600,18823939
8600,18666400
8600,18826537
8600,18985377
8600,18824198
8600,18684409
8600,18980999
8600,18814704
8600,18884270
8600,18881990
8600,18818941
8600,19002461
8600,18725343
8600,18832813
8600,18817495
8600,18782048
8600,18909781
8600,18765282
8600,18691680
8600,18644515
8600,18834292
8600,18772535
8600,18701965
8600,18891043
8600,18689126
8600,18988576
8600,18877428
8600,18956019
8600,18682197
8600,18751777
8600,18786376
8600,18925418
8600,18929612
8600,18917925
8600,19129378
8600,18749447
8600,18840875
8600,18744556
8600,18869443
8600,18866150
8600,19063063
8700,19144049
8700,19307615
8700,19075062
8700,19373408
8700,19335092
8700,19431882
8700,19192113
8700,19208868
8700,19620252
8700,19257654
8700,19367132
8700,19239265
8700,19293355
8700,19167826
8700,19254264
8700,19198545
8700,19074776
8700,19400735
8700,19285618
8700,19253665
8700,19362768
8700,19290327
8700,19558644
8700,19285113
8700,19252350
8700,19230710
8700,19362295
8700,19251878
8700,19166882
8700,19441748
8700,19445783
8700,19377793
8700,19367370
8700,19332506
8700,19347962
8700,19172657
8700,19281219
8700,19251119
8700,19228526
8700,19312165
8700,19359241
8700,19282060
8700,19276206
8700,19269693
8700,19376339
8700,19106903
8700,19433189
8700,19239236
8700,19469768
8700,19186471
8800,19608550
8800,19805845
8800,19750069
8800,19760631
8800,19701760
8800,19571418
8800,19845193
8800,19658035
8800,19640754
8800,19496813
8800,19459016
8800,19535368
8800,19789821
8800,19557992
8800,19569644
8800,19725805
8800,19850415
8800,19760930
8800,19891338
8800,19829575
8800,19790600
8800,19744868
8800,19712213
8800,19612909
8800,19713897
8800,19682145
8800,19838093
8800,19874321
8800,19642381
8800,19833195
8800,19526617
8800,19596396
8800,19854098
8800,19852123
8800,19726828
8800,19720211
8800,19681733
8800,19631997
8800,19608949
8800,19696594
8800,19719040
8800,20091302
8800,19613469
8800,19752690
8800,19786747
8800,19590187
8800,19970827
8800,19868099
8800,19944516
8800,19922654
8900,20175999
8900,20230924
8900,20318262
8900,20108298
8900,20194146
8900,20299440
8900,20287450
8900,20197540
8900,20133658
8900,20172670
8900,20248931
8900,20303397
8900,20115567
8900,20112037
8900,20161356
8900,20253598
8900,20376162
8900,19864437
8900,20205208
8900,19971165
8900,20202300
8900,20196462
8900,20250806
8900,20189940
8900,20086561
8900,20254501
8900,20273405
8900,20065278
8900,20345458
8900,20159291
8900,20132381
8900,20014316
8900,20205240
8900,20261038
8900,20021931
8900,20378764
8900,20377282
8900,20397297
8900,20283235
8900,20079660
8900,19918604
8900,20177725
8900,20276411
8900,20069462
8900,20308707
8900,20287859
8900,20341921
8900,20251600
8900,20300117
8900,20339069
9000,20761878
9000,20597894
9000,20663290
9000,20549123
9000,20636517
9000,20602855
9000,20609575
9000,20604245
9000,20681207
9000,20734519
9000,20622286
9000,20487052
9000,20664519
9000,20582667
9000,20778064
9000,20763990
9000,20713137
9000,20759195
9000,20597996
9000,20590724
9000,20487697
9000,20485546
9000,20785339
9000,20559315
9000,20576459
9000,20675580
9000,20582509
9000,20595248
9000,20806925
9000,20520047
9000,20538018
9000,20759313
9000,20661359
9000,20682246
9000,20602497
9000,20852413
9000,20825647
9000,20715212
9000,20692976
9000,20422958
9000,20467647
9000,20498842
9000,20770689
9000,20710638
9000,20840112
9000,20721892
9000,20497030
9000,20682062
9000,20486703
9000,20728513
9100,21285660
9100,21090281
9100,21051145
9100,21421766
9100,21178061
9100,21312463
9100,21377600
9100,21106962
9100,20919110
9100,20932854
9100,21081026
9100,21317109
9100,21318640
9100,20859160
9100,21100051
9100,21305460
9100,21146472
9100,21019046
9100,21008096
9100,21049551
9100,21111041
9100,21115314
9100,21236632
9100,21242317
9100,20943113
9100,20988759
9100,21144965
9100,20972065
9100,21212068
9100,21136739
9100,21030946
9100,21022175
9100,21053485
9100,21175004
9100,21125051
9100,21069551
9100,20980474
9100,21332407
9100,20993482
9100,21160041
9100,21432632
9100,21184306
9100,20993431
9100,20942884
9100,21095064
9100,21145500
9100,21191106
9100,21173227
9100,21269252
9100,21273844
9200,21859462
9200,21598837
9200,21539085
9200,21700123
9200,21282010
9200,21523590
9200,21774423
9200,21602196
9200,21802656
9200,21649579
9200,21429853
9200,21636952
9200,21712971
9200,21619441
9200,21804109
9200,21496368
9200,21707013
9200,21589657
9200,21387039
9200,21552681
9200,21360910
9200,21524946
9200,21471087
9200,21470625
9200,21397915
9200,21666689
9200,21844069
9200,21775101
9200,21662388
9200,21590299
9200,21551983
9200,21588399
9200,21523319
9200,21465447
9200,21729972
9200,21436220
9200,21378784
9200,21798282
9200,21548892
9200,21721159
9200,21759934
9200,21726265
9200,21478874
9200,21410956
9200,21662939
9200,21749094
9200,21731491
9200,21562857
9200,21598487
9200,21388308
9300,21889391
9300,22198742
9300,22001175
9300,22234711
9300,22397391
9300,21959247
9300,21829399
9300,22218199
9300,22099909
9300,22253026
9300,22397501
9300,22098555
9300,22139475
9300,21986789
9300,22096506
9300,22110480
9300,22155646
9300,21896915
9300,22023159
9300,22198552
9300,22049176
9300,22128567
9300,22070601
9300,22295975
9300,22124660
9300,22282266
9300,22125606
9300,21956822
9300,22011159
9300,22000535
9300,22187701
9300,22042378
9300,22036564
9300,22182717
9300,21863391
9300,21789304
9300,22169117
9300,21868434
9300,21913011
9300,22240896
9300,21906864
9300,22102865
9300,22085388
9300,22136495
9300,21921699
9300,22001000
9300,21904339
9300,22160807
9300,22120139
9300,22341260
9400,22540622
9400,22325135
9400,22468461
9400,22747034
9400,22507954
9400,22428331
9400,22441658
9400,22587030
9400,22466668
9400,22370430
9400,22550425
9400,22792084
9400,22295454
9400,22410510
9400,22694040
9400,22310718
9400,22507683
9400,22411995
9400,22403534
9400,22663768
9400,22487144
9400,22532814
9400,22350410
9400,22512995
9400,22677917
9400,22664384
9400,22339956
9400,22467026
9400,22373373
9400,22786024
9400,22681571
9400,22474182
9400,22368999
9400,22381957
9400,22414631
9400,22389134
9400,22516898
9400,22384877
9400,22252640
9400,22603155
9400,22552871
9400,22603672
9400,22379722
9400,22353639
9400,22327174
9400,22540947
9400,22461210
9400,22395634
9400,22668081
9400,22123660
9500,23264851
9500,22740250
9500,22992525
9500,23188032
9500,23172289
9500,22883539
9500,22955890
9500,22819388
9500,23179302
9500,23067496
9500,22726388
9500,23325961
9500,22872442
9500,22973036
9500,22783295
9500,22731081
9500,23389838
9500,22888672
9500,23056063
9500,23106657
9500,22886902
9500,23096726
9500,23179310
9500,23089225
9500,23137321
9500,23118873
9500,23069560
9500,22979248
9500,23035054
9500,22761323
9500,22858361
9500,22998860
9500,23066036
9500,23342715
9500,23072269
9500,23013450
9500,23104298
9500,22970951
9500,23351216
9500,23208551
9500,22870590
9500,23173458
9500,23087709
9500,23106209
9500,23067103
9500,23195575
9500,22878233
9500,22886130
9500,22869317
9500,22978145
9600,23583567
9600,23605501
9600,23242191
9600,23507779
9600,23416800
9600,23427560
9600,23574897
9600,23275447
9600,23721816
9600,23001078
9600,23408185
9600,23593604
9600,23454179
9600,23632907
9600,23458339
9600,23786195
9600,23254217
9600,23597886
9600,23608926
9600,23527764
9600,23302683
9600,23513963
9600,23372822
9600,23134381
9600,23530095
9600,23767994
9600,23491897
9600,23506912
9600,23472020
9600,23488376
9600,23602909
9600,23306932
9600,23553659
9600,23618859
9600,23289602
9600,23514384
9600,23584353
9600,23621406
9600,23500039
9600,23650117
9600,23574656
9600,23377759
9600,23452308
9600,23457222
9600,23637810
9600,23681339
9600,23436805
9600,23541983
9600,23657182
9600,23382760
9700,24221742
9700,24282432
9700,23849824
9700,24284258
9700,24002263
9700,24039483
9700,24105922
9700,23751846
9700,23832029
9700,23926261
9700,23956951
9700,24050672
9700,23803165
9700,24077779
9700,24092329
9700,23842315
9700,24122362
9700,23846748
9700,24133910
9700,23960316
9700,23853370
9700,24152453
9700,24076411
9700,23830940
9700,24150940
9700,24008141
9700,23667555
9700,23968494
9700,24159024
9700,24028613
9700,23923397
9700,24005599
9700,24135895
9700,23976384
9700,24144619
9700,24044707
9700,23929684
9700,23683890
9700,24011791
9700,23744804
9700,24156601
9700,23866496
9700,24078369
9700,24204847
9700,23839456
9700,24119325
9700,23826031
9700,23920653
9700,24093862
9700,23917570
9800,24670390
9800,24206974
9800,24426580
9800,24325971
9800,24615602
9800,24524528
9800,24258318
9800,24086858
9800,24465546
9800,24363551
9800,24626486
9800,24691103
9800,24663265
9800,24486277
9800,24479462
9800,24226067
9800,24399935
9800,24232676
9800,24662608
9800,24817746
9800,24598389
9800,24691057
9800,24420309
9800,24345148
9800,24710086
9800,24478703
9800,24523522
9800,24759542
9800,24485666
9800,24397980
9800,24536978
9800,24493682
9800,24473240
9800,24284925
9800,24499203
9800,24357499
9800,24594915
9800,24323414
9800,24425517
9800,24661942
9800,24234069
9800,24465805
9800,24540790
9800,24459242
9800,24479204
9800,24223767
9800,24419724
9800,24602620
9800,24804642
9800,24694063
9900,25030475
9900,24663369
9900,25128874
9900,25284113
9900,24855587
9900,24994832
9900,25324354
9900,24828771
9900,24957819
9900,25078462
9900,25115634
9900,24780558
9900,24944163
9900,25368683
9900,25045956
9900,25088623
9900,24689251
9900,25084352
9900,24969354
9900,24977297
9900,25125035
9900,25298125
9900,24870169
9900,25029412
9900,25271712
9900,25173097
9900,25201488
9900,24925201
9900,25081493
9900,25245924
9900,24950091
9900,25205347
9900,25102179
9900,24931719
9900,24899771
9900,25135456
9900,24821145
9900,24910603
9900,24952101
9900,24983839
9900,25250275
9900,25103129
9900,25086521
9900,24924385
9900,24966053
9900,25309084
9900,25102358
9900,25130310
9900,24903615
9900,24963732
10000,25514569
10000,25420791
10000,25810013
10000,25442721
10000,25314348
10000,25482330
10000,25301936
10000,25477891
10000,25600589
10000,25635559
10000,25449995
10000,25607729
10000,25480992
10000,25418074
10000,25594052
10000,25601941
10000,25530918
10000,25335962
10000,25282164
10000,25511667
10000,25502265
10000,25454778
10000,25230745
10000,25554528
10000,25615605
10000,25395431
10000,25602335
10000,25447684
10000,25657152
10000,25608609
10000,25740110
10000,25453969
10000,25193776
10000,25497126
10000,25621813
10000,25735346
10000,25524909
10000,25286362
10000,25457979
10000,25699966
10000,25539789
10000,25146797
10000,25573295
10000,25443083
10000,25691075
10000,25062417
10000,25206026
10000,25659636
10000,25500652
10000,25538619
