n,B
1000,36
1000,41
1000,63
1000,56
1000,2
1000,20
1000,41
1000,59
1000,56
1000,22
1000,5
1000,86
1000,17
1000,16
1000,70
1000,32
1000,40
1000,22
1000,32
1000,54
1000,20
1000,28
1000,22
1000,33
1000,9
1000,81
1000,63
1000,35
1000,32
1000,35
1000,37
1000,38
1000,68
1000,47
1000,16
1000,48
1000,44
1000,56
1000,6
1000,33
1000,49
1000,68
1000,40
1000,48
1000,50
1000,5
1000,30
1000,37
1000,18
1000,31
2000,52
2000,42
2000,78
2000,53
2000,80
2000,26
2000,53
2000,46
2000,78
2000,39
2000,21
2000,113
2000,42
2000,145
2000,77
2000,78
2000,39
2000,61
2000,109
2000,24
2000,73
2000,24
2000,14
2000,72
2000,51
2000,15
2000,55
2000,135
2000,55
2000,44
2000,15
2000,73
2000,27
2000,25
2000,90
2000,36
2000,64
2000,80
2000,54
2000,109
2000,49
2000,57
2000,46
2000,81
2000,35
2000,48
2000,20
2000,9
2000,78
2000,50
3000,47
3000,24
3000,47
3000,51
3000,118
3000,60
3000,76
3000,71
3000,24
3000,24
3000,44
3000,74
3000,44
3000,104
3000,101
3000,18
3000,40
3000,137
3000,65
3000,85
3000,48
3000,27
3000,13
3000,31
3000,38
3000,60
3000,132
3000,137
3000,57
3000,56
3000,86
3000,50
3000,35
3000,50
3000,124
3000,57
3000,60
3000,36
3000,91
3000,111
3000,79
3000,115
3000,15
3000,32
3000,42
3000,68
3000,35
3000,76
3000,19
3000,24
4000,38
4000,60
4000,85
4000,38
4000,73
4000,93
4000,92
4000,25
4000,59
4000,17
4000,53
4000,49
4000,120
4000,25
4000,84
4000,101
4000,43
4000,28
4000,97
4000,93
4000,35
4000,132
4000,59
4000,26
4000,85
4000,49
4000,88
4000,6
4000,48
4000,73
4000,46
4000,61
4000,40
4000,107
4000,65
4000,127
4000,113
4000,85
4000,68
4000,39
4000,120
4000,105
4000,125
4000,58
4000,48
4000,37
4000,60
4000,195
4000,83
4000,73
5000,105
5000,99
5000,45
5000,79
5000,145
5000,59
5000,52
5000,75
5000,100
5000,127
5000,18
5000,63
5000,130
5000,36
5000,86
5000,162
5000,113
5000,152
5000,105
5000,52
5000,51
5000,21
5000,65
5000,128
5000,110
5000,93
5000,138
5000,55
5000,50
5000,19
5000,55
5000,115
5000,114
5000,162
5000,45
5000,26
5000,49
5000,116
5000,67
5000,56
5000,85
5000,73
5000,67
5000,96
5000,78
5000,78
5000,55
5000,119
5000,85
5000,83
6000,60
6000,139
6000,128
6000,8
6000,181
6000,96
6000,111
6000,82
6000,84
6000,91
6000,95
6000,160
6000,66
6000,76
6000,130
6000,118
6000,68
6000,43
6000,33
6000,158
6000,93
6000,130
6000,258
6000,42
6000,61
6000,149
6000,126
6000,69
6000,84
6000,16
6000,149
6000,23
6000,56
6000,115
6000,117
6000,26
6000,24
6000,69
6000,140
6000,69
6000,127
6000,194
6000,127
6000,72
6000,61
6000,152
6000,48
6000,160
6000,142
6000,130
7000,92
7000,205
7000,27
7000,170
7000,121
7000,95
7000,66
7000,164
7000,55
7000,41
7000,12
7000,136
7000,58
7000,146
7000,18
7000,133
7000,180
7000,95
7000,116
7000,26
7000,72
7000,48
7000,22
7000,110
7000,170
7000,56
7000,74
7000,85
7000,150
7000,99
7000,108
7000,98
7000,161
7000,136
7000,69
7000,21
7000,86
7000,131
7000,43
7000,177
7000,210
7000,146
7000,65
7000,148
7000,220
7000,51
7000,65
7000,97
7000,182
7000,268
8000,181
8000,26
8000,180
8000,61
8000,92
8000,130
8000,27
8000,115
8000,117
8000,81
8000,107
8000,50
8000,117
8000,120
8000,153
8000,166
8000,64
8000,146
8000,173
8000,158
8000,214
8000,52
8000,9
8000,95
8000,168
8000,121
8000,98
8000,232
8000,163
8000,49
8000,25
8000,121
8000,54
8000,40
8000,40
8000,44
8000,99
8000,134
8000,242
8000,48
8000,98
8000,267
8000,115
8000,40
8000,175
8000,64
8000,99
8000,59
8000,167
8000,100
9000,195
9000,128
9000,38
9000,91
9000,90
9000,100
9000,134
9000,155
9000,101
9000,91
9000,95
9000,100
9000,173
9000,157
9000,89
9000,117
9000,37
9000,54
9000,159
9000,117
9000,135
9000,42
9000,116
9000,105
9000,123
9000,106
9000,137
9000,212
9000,141
9000,108
9000,194
9000,115
9000,175
9000,140
9000,149
9000,71
9000,136
9000,61
9000,40
9000,122
9000,64
9000,49
9000,101
9000,119
9000,205
9000,98
9000,73
9000,212
9000,164
9000,165
10000,70
10000,213
10000,118
10000,74
10000,163
10000,176
10000,77
10000,160
10000,97
10000,23
10000,131
10000,303
10000,160
10000,33
10000,159
10000,220
10000,104
10000,149
10000,138
10000,136
10000,107
10000,16
10000,49
10000,150
10000,75
10000,145
10000,126
10000,171
10000,144
10000,19
10000,243
10000,92
10000,136
10000,53
10000,75
10000,298
10000,89
10000,150
10000,159
10000,103
10000,239
10000,149
10000,134
10000,89
10000,160
10000,209
10000,58
10000,160
10000,176
10000,78
11000,207
11000,64
11000,136
11000,87
11000,201
11000,116
11000,145
11000,220
11000,88
11000,214
11000,97
11000,78
11000,87
11000,40
11000,96
11000,202
11000,88
11000,168
11000,270
11000,129
11000,232
11000,51
11000,118
11000,144
11000,222
11000,165
11000,223
11000,83
11000,36
11000,83
11000,155
11000,165
11000,176
11000,91
11000,135
11000,184
11000,17
11000,164
11000,139
11000,64
11000,87
11000,142
11000,57
11000,179
11000,98
11000,272
11000,30
11000,113
11000,209
11000,133
12000,89
12000,20
12000,28
12000,98
12000,33
12000,158
12000,190
12000,137
12000,183
12000,38
12000,101
12000,132
12000,162
12000,164
12000,63
12000,144
12000,154
12000,116
12000,130
12000,214
12000,276
12000,92
12000,28
12000,157
12000,157
12000,154
12000,144
12000,187
12000,42
12000,176
12000,163
12000,5
12000,113
12000,98
12000,99
12000,138
12000,280
12000,131
12000,257
12000,93
12000,111
12000,130
12000,103
12000,281
12000,60
12000,117
12000,50
12000,50
12000,96
12000,22
13000,299
13000,149
13000,108
13000,11
13000,78
13000,230
13000,154
13000,67
13000,165
13000,258
13000,349
13000,43
13000,34
13000,162
13000,204
13000,144
13000,102
13000,175
13000,273
13000,185
13000,109
13000,129
13000,158
13000,159
13000,81
13000,179
13000,162
13000,285
13000,237
13000,17
13000,344
13000,237
13000,99
13000,97
13000,110
13000,153
13000,208
13000,118
13000,181
13000,123
13000,293
13000,32
13000,108
13000,143
13000,66
13000,163
13000,233
13000,222
13000,264
13000,72
14000,164
14000,114
14000,172
14000,105
14000,77
14000,95
14000,69
14000,230
14000,92
14000,88
14000,40
14000,140
14000,51
14000,141
14000,28
14000,174
14000,109
14000,151
14000,275
14000,187
14000,97
14000,170
14000,75
14000,62
14000,25
14000,150
14000,181
14000,275
14000,37
14000,50
14000,32
14000,273
14000,124
14000,95
14000,227
14000,128
14000,47
14000,97
14000,194
14000,99
14000,245
14000,134
14000,306
14000,147
14000,225
14000,214
14000,157
14000,168
14000,177
14000,112
15000,202
15000,109
15000,159
15000,374
15000,196
15000,195
15000,149
15000,118
15000,189
15000,61
15000,126
15000,125
15000,214
15000,265
15000,236
15000,259
15000,185
15000,265
15000,161
15000,158
15000,341
15000,194
15000,206
15000,198
15000,158
15000,124
15000,78
15000,167
15000,94
15000,26
15000,112
15000,35
15000,151
15000,224
15000,62
15000,334
15000,163
15000,84
15000,82
15000,135
15000,59
15000,37
15000,228
15000,133
15000,227
15000,322
15000,199
15000,180
15000,226
15000,177
16000,195
16000,111
16000,185
16000,164
16000,147
16000,349
16000,17
16000,101
16000,157
16000,386
16000,82
16000,118
16000,141
16000,230
16000,51
16000,123
16000,250
16000,111
16000,268
16000,37
16000,156
16000,184
16000,69
16000,198
16000,116
16000,193
16000,292
16000,187
16000,131
16000,112
16000,168
16000,208
16000,138
16000,141
16000,67
16000,49
16000,97
16000,66
16000,234
16000,89
16000,145
16000,154
16000,78
16000,320
16000,291
16000,221
16000,126
16000,94
16000,134
16000,118
17000,134
17000,196
17000,126
17000,200
17000,29
17000,126
17000,88
17000,164
17000,71
17000,164
17000,204
17000,67
17000,127
17000,107
17000,449
17000,67
17000,123
17000,205
17000,111
17000,40
17000,67
17000,97
17000,100
17000,336
17000,121
17000,105
17000,133
17000,97
17000,85
17000,35
17000,192
17000,326
17000,373
17000,75
17000,125
17000,265
17000,179
17000,198
17000,158
17000,270
17000,194
17000,126
17000,198
17000,258
17000,253
17000,93
17000,176
17000,115
17000,157
17000,180
18000,142
18000,172
18000,178
18000,115
18000,297
18000,156
18000,144
18000,143
18000,235
18000,109
18000,167
18000,203
18000,41
18000,212
18000,268
18000,267
18000,112
18000,215
18000,91
18000,188
18000,142
18000,113
18000,153
18000,43
18000,204
18000,88
18000,198
18000,152
18000,153
18000,228
18000,149
18000,287
18000,247
18000,70
18000,57
18000,162
18000,192
18000,268
18000,111
18000,176
18000,490
18000,206
18000,178
18000,45
18000,114
18000,170
18000,214
18000,37
18000,171
18000,77
19000,169
19000,270
19000,252
19000,229
19000,149
19000,163
19000,224
19000,119
19000,293
19000,234
19000,80
19000,60
19000,41
19000,199
19000,213
19000,103
19000,296
19000,202
19000,260
19000,172
19000,115
19000,75
19000,128
19000,88
19000,245
19000,212
19000,149
19000,32
19000,102
19000,190
19000,47
19000,139
19000,185
19000,287
19000,94
19000,157
19000,184
19000,250
19000,321
19000,291
19000,104
19000,14
19000,146
19000,131
19000,100
19000,88
19000,173
19000,160
19000,307
19000,93
20000,345
20000,114
20000,28
20000,132
20000,268
20000,196
20000,87
20000,297
20000,187
20000,416
20000,136
20000,116
20000,151
20000,307
20000,73
20000,135
20000,131
20000,93
20000,23
20000,243
20000,183
20000,230
20000,167
20000,340
20000,148
20000,272
20000,172
20000,239
20000,219
20000,77
20000,91
20000,75
20000,169
20000,198
20000,187
20000,170
20000,7
20000,157
20000,206
20000,25
20000,66
20000,293
20000,268
20000,129
20000,203
20000,164
20000,146
20000,164
20000,163
20000,500
21000,77
21000,426
21000,12
21000,104
21000,196
21000,206
21000,107
21000,234
21000,72
21000,210
21000,247
21000,142
21000,193
21000,284
21000,61
21000,97
21000,163
21000,247
21000,287
21000,266
21000,427
21000,153
21000,213
21000,173
21000,398
21000,276
21000,325
21000,156
21000,14
21000,219
21000,203
21000,157
21000,112
21000,213
21000,180
21000,237
21000,146
21000,164
21000,268
21000,225
21000,289
21000,240
21000,312
21000,315
21000,226
21000,136
21000,211
21000,207
21000,255
21000,186
22000,62
22000,130
22000,163
22000,337
22000,195
22000,54
22000,183
22000,147
22000,185
22000,359
22000,268
22000,101
22000,198
22000,64
22000,329
22000,593
22000,200
22000,175
22000,294
22000,169
22000,216
22000,202
22000,72
22000,124
22000,121
22000,180
22000,229
22000,286
22000,385
22000,338
22000,279
22000,163
22000,294
22000,166
22000,109
22000,227
22000,335
22000,77
22000,183
22000,328
22000,90
22000,418
22000,258
22000,73
22000,177
22000,334
22000,206
22000,371
22000,297
22000,114
23000,155
23000,359
23000,294
23000,71
23000,210
23000,156
23000,204
23000,216
23000,264
23000,111
23000,154
23000,364
23000,201
23000,144
23000,147
23000,297
23000,233
23000,35
23000,416
23000,220
23000,283
23000,89
23000,63
23000,333
23000,232
23000,400
23000,376
23000,110
23000,156
23000,347
23000,135
23000,38
23000,133
23000,125
23000,274
23000,124
23000,312
23000,75
23000,305
23000,106
23000,181
23000,300
23000,281
23000,119
23000,131
23000,168
23000,165
23000,94
23000,177
23000,359
24000,516
24000,117
24000,220
24000,230
24000,212
24000,121
24000,272
24000,261
24000,184
24000,173
24000,73
24000,327
24000,148
24000,178
24000,277
24000,132
24000,129
24000,82
24000,110
24000,210
24000,348
24000,149
24000,142
24000,136
24000,95
24000,115
24000,125
24000,162
24000,157
24000,191
24000,161
24000,266
24000,168
24000,139
24000,249
24000,202
24000,96
24000,338
24000,162
24000,119
24000,101
24000,210
24000,112
24000,247
24000,283
24000,70
24000,211
24000,180
24000,115
24000,171
25000,201
25000,86
25000,261
25000,439
25000,272
25000,362
25000,213
25000,192
25000,108
25000,105
25000,111
25000,353
25000,205
25000,364
25000,326
25000,337
25000,140
25000,272
25000,330
25000,117
25000,319
25000,253
25000,33
25000,249
25000,204
25000,271
25000,447
25000,328
25000,102
25000,45
25000,67
25000,187
25000,386
25000,245
25000,84
25000,201
25000,135
25000,196
25000,122
25000,139
25000,222
25000,358
25000,182
25000,116
25000,405
25000,388
25000,108
25000,274
25000,193
25000,144
26000,270
26000,333
26000,370
26000,82
26000,379
26000,223
26000,334
26000,387
26000,247
26000,151
26000,150
26000,37
26000,137
26000,205
26000,88
26000,227
26000,97
26000,299
26000,119
26000,214
26000,97
26000,254
26000,85
26000,73
26000,195
26000,73
26000,295
26000,103
26000,173
26000,195
26000,282
26000,84
26000,182
26000,264
26000,104
26000,133
26000,92
26000,235
26000,301
26000,322
26000,155
26000,116
26000,398
26000,177
26000,366
26000,14
26000,139
26000,304
26000,336
26000,178
27000,149
27000,296
27000,479
27000,211
27000,180
27000,250
27000,196
27000,154
27000,89
27000,112
27000,344
27000,146
27000,147
27000,25
27000,292
27000,243
27000,254
27000,28
27000,282
27000,87
27000,335
27000,87
27000,72
27000,18
27000,181
27000,70
27000,414
27000,303
27000,383
27000,105
27000,283
27000,295
27000,185
27000,151
27000,240
27000,372
27000,240
27000,149
27000,135
27000,167
27000,380
27000,163
27000,301
27000,264
27000,250
27000,152
27000,118
27000,238
27000,480
27000,428
28000,292
28000,150
28000,203
28000,165
28000,370
28000,241
28000,187
28000,291
28000,185
28000,96
28000,314
28000,168
28000,36
28000,82
28000,270
28000,191
28000,219
28000,132
28000,117
28000,189
28000,280
28000,103
28000,292
28000,283
28000,315
28000,129
28000,189
28000,235
28000,269
28000,136
28000,156
28000,118
28000,56
28000,98
28000,149
28000,253
28000,103
28000,193
28000,226
28000,334
28000,442
28000,223
28000,246
28000,187
28000,64
28000,187
28000,240
28000,47
28000,217
28000,148
29000,128
29000,127
29000,355
29000,120
29000,177
29000,226
29000,296
29000,218
29000,389
29000,219
29000,179
29000,152
29000,275
29000,180
29000,97
29000,337
29000,164
29000,343
29000,397
29000,108
29000,141
29000,334
29000,211
29000,91
29000,50
29000,214
29000,98
29000,177
29000,406
29000,41
29000,268
29000,202
29000,88
29000,161
29000,167
29000,109
29000,274
29000,234
29000,238
29000,354
29000,416
29000,240
29000,385
29000,204
29000,290
29000,274
29000,173
29000,462
29000,51
29000,190
30000,152
30000,155
30000,60
30000,173
30000,261
30000,153
30000,218
30000,138
30000,198
30000,215
30000,176
30000,392
30000,303
30000,239
30000,133
30000,305
30000,95
30000,340
30000,174
30000,62
30000,18
30000,479
30000,69
30000,252
30000,446
30000,323
30000,125
30000,231
30000,242
30000,321
30000,215
30000,129
30000,157
30000,233
30000,162
30000,102
30000,231
30000,563
30000,171
30000,256
30000,191
30000,241
30000,196
30000,294
30000,59
30000,127
30000,302
30000,207
30000,115
30000,301
31000,102
31000,129
31000,300
31000,207
31000,186
31000,156
31000,523
31000,55
31000,310
31000,340
31000,301
31000,258
31000,519
31000,182
31000,117
31000,181
31000,152
31000,37
31000,270
31000,136
31000,309
31000,247
31000,320
31000,225
31000,208
31000,116
31000,334
31000,250
31000,195
31000,347
31000,383
31000,108
31000,241
31000,420
31000,189
31000,270
31000,368
31000,119
31000,182
31000,422
31000,61
31000,192
31000,406
31000,490
31000,375
31000,78
31000,148
31000,195
31000,416
31000,97
32000,38
32000,224
32000,100
32000,242
32000,204
32000,359
32000,455
32000,206
32000,217
32000,359
32000,140
32000,235
32000,397
32000,238
32000,242
32000,69
32000,349
32000,245
32000,166
32000,455
32000,162
32000,183
32000,191
32000,257
32000,275
32000,284
32000,103
32000,208
32000,53
32000,113
32000,290
32000,150
32000,199
32000,300
32000,146
32000,448
32000,225
32000,108
32000,274
32000,386
32000,172
32000,240
32000,207
32000,178
32000,284
32000,346
32000,346
32000,196
32000,382
32000,219
33000,33
33000,73
33000,121
33000,100
33000,157
33000,158
33000,166
33000,316
33000,350
33000,347
33000,508
33000,206
33000,353
33000,177
33000,191
33000,313
33000,95
33000,136
33000,209
33000,246
33000,331
33000,65
33000,209
33000,325
33000,178
33000,152
33000,218
33000,357
33000,298
33000,320
33000,345
33000,110
33000,483
33000,137
33000,388
33000,272
33000,157
33000,73
33000,271
33000,133
33000,330
33000,422
33000,414
33000,267
33000,174
33000,188
33000,363
33000,285
33000,275
33000,205
34000,104
34000,207
34000,58
34000,281
34000,222
34000,11
34000,248
34000,92
34000,374
34000,487
34000,133
34000,105
34000,266
34000,172
34000,69
34000,155
34000,143
34000,257
34000,463
34000,474
34000,175
34000,270
34000,404
34000,448
34000,419
34000,116
34000,66
34000,76
34000,199
34000,172
34000,144
34000,222
34000,369
34000,386
34000,156
34000,278
34000,195
34000,267
34000,229
34000,409
34000,256
34000,171
34000,383
34000,207
34000,161
34000,239
34000,213
34000,165
34000,237
34000,294
35000,256
35000,355
35000,433
35000,157
35000,367
35000,116
35000,186
35000,435
35000,9
35000,495
35000,204
35000,248
35000,500
35000,196
35000,103
35000,713
35000,182
35000,90
35000,198
35000,206
35000,194
35000,357
35000,127
35000,166
35000,372
35000,339
35000,429
35000,584
35000,265
35000,325
35000,270
35000,272
35000,35
35000,48
35000,82
35000,285
35000,95
35000,462
35000,261
35000,61
35000,219
35000,180
35000,164
35000,241
35000,22
35000,114
35000,342
35000,340
35000,43
35000,123
36000,458
36000,320
36000,330
36000,149
36000,235
36000,294
36000,276
36000,105
36000,345
36000,512
36000,287
36000,219
36000,497
36000,219
36000,164
36000,149
36000,112
36000,293
36000,175
36000,249
36000,260
36000,603
36000,8
36000,119
36000,300
36000,372
36000,132
36000,391
36000,280
36000,97
36000,245
36000,286
36000,486
36000,455
36000,159
36000,232
36000,171
36000,115
36000,89
36000,46
36000,286
36000,115
36000,191
36000,168
36000,171
36000,85
36000,37
36000,247
36000,49
36000,148
37000,377
37000,284
37000,307
37000,41
37000,173
37000,200
37000,215
37000,318
37000,339
37000,84
37000,273
37000,283
37000,483
37000,130
37000,279
37000,48
37000,276
37000,492
37000,257
37000,406
37000,70
37000,391
37000,325
37000,322
37000,306
37000,584
37000,255
37000,392
37000,43
37000,284
37000,252
37000,250
37000,352
37000,279
37000,229
37000,144
37000,74
37000,309
37000,448
37000,135
37000,366
37000,92
37000,244
37000,618
37000,399
37000,476
37000,324
37000,360
37000,375
37000,158
38000,425
38000,281
38000,133
38000,442
38000,398
38000,312
38000,308
38000,136
38000,141
38000,283
38000,505
38000,83
38000,325
38000,350
38000,130
38000,108
38000,421
38000,439
38000,451
38000,54
38000,182
38000,330
38000,23
38000,216
38000,131
38000,202
38000,144
38000,109
38000,122
38000,242
38000,404
38000,372
38000,125
38000,208
38000,335
38000,148
38000,99
38000,40
38000,63
38000,197
38000,245
38000,374
38000,47
38000,266
38000,206
38000,114
38000,243
38000,310
38000,150
38000,344
39000,260
39000,238
39000,210
39000,91
39000,221
39000,511
39000,237
39000,220
39000,284
39000,425
39000,164
39000,14
39000,249
39000,213
39000,405
39000,162
39000,345
39000,486
39000,48
39000,356
39000,110
39000,65
39000,239
39000,309
39000,257
39000,334
39000,317
39000,225
39000,91
39000,97
39000,45
39000,109
39000,92
39000,297
39000,179
39000,189
39000,522
39000,358
39000,233
39000,111
39000,425
39000,128
39000,185
39000,344
39000,636
39000,178
39000,186
39000,425
39000,224
39000,98
40000,125
40000,206
40000,190
40000,338
40000,171
40000,224
40000,102
40000,271
40000,256
40000,273
40000,299
40000,112
40000,418
40000,210
40000,347
40000,253
40000,228
40000,412
40000,314
40000,317
40000,223
40000,414
40000,56
40000,171
40000,119
40000,115
40000,141
40000,363
40000,172
40000,208
40000,232
40000,441
40000,390
40000,337
40000,121
40000,577
40000,261
40000,164
40000,335
40000,336
40000,308
40000,320
40000,69
40000,182
40000,40
40000,296
40000,223
40000,403
40000,251
40000,321
41000,100
41000,191
41000,234
41000,403
41000,82
41000,173
41000,33
41000,110
41000,355
41000,113
41000,139
41000,227
41000,728
41000,103
41000,244
41000,410
41000,361
41000,238
41000,417
41000,560
41000,346
41000,79
41000,154
41000,163
41000,476
41000,75
41000,301
41000,365
41000,119
41000,137
41000,377
41000,272
41000,223
41000,154
41000,81
41000,37
41000,127
41000,347
41000,367
41000,368
41000,252
41000,233
41000,155
41000,108
41000,375
41000,163
41000,276
41000,346
41000,390
41000,403
42000,419
42000,281
42000,30
42000,271
42000,486
42000,246
42000,248
42000,184
42000,148
42000,164
42000,132
42000,379
42000,231
42000,182
42000,360
42000,311
42000,476
42000,318
42000,309
42000,331
42000,589
42000,394
42000,252
42000,349
42000,128
42000,212
42000,307
42000,81
42000,375
42000,823
42000,241
42000,100
42000,278
42000,104
42000,276
42000,222
42000,208
42000,140
42000,280
42000,126
42000,110
42000,150
42000,204
42000,227
42000,193
42000,244
42000,429
42000,299
42000,179
42000,477
43000,157
43000,221
43000,100
43000,171
43000,207
43000,221
43000,218
43000,709
43000,116
43000,178
43000,592
43000,104
43000,575
43000,520
43000,287
43000,303
43000,120
43000,370
43000,416
43000,188
43000,228
43000,170
43000,183
43000,252
43000,474
43000,322
43000,420
43000,261
43000,199
43000,219
43000,144
43000,498
43000,92
43000,507
43000,365
43000,323
43000,310
43000,273
43000,30
43000,30
43000,114
43000,174
43000,303
43000,354
43000,361
43000,436
43000,133
43000,552
43000,142
43000,269
44000,362
44000,245
44000,219
44000,689
44000,200
44000,520
44000,358
44000,183
44000,241
44000,334
44000,216
44000,158
44000,253
44000,267
44000,400
44000,245
44000,297
44000,444
44000,161
44000,305
44000,351
44000,179
44000,319
44000,291
44000,115
44000,397
44000,190
44000,493
44000,538
44000,170
44000,355
44000,212
44000,415
44000,337
44000,264
44000,366
44000,482
44000,451
44000,287
44000,25
44000,309
44000,271
44000,537
44000,469
44000,348
44000,191
44000,316
44000,260
44000,411
44000,243
45000,200
45000,136
45000,100
45000,132
45000,381
45000,301
45000,332
45000,315
45000,395
45000,445
45000,88
45000,104
45000,226
45000,134
45000,208
45000,217
45000,243
45000,290
45000,160
45000,324
45000,221
45000,159
45000,168
45000,59
45000,305
45000,211
45000,197
45000,445
45000,395
45000,219
45000,148
45000,150
45000,111
45000,146
45000,336
45000,249
45000,209
45000,114
45000,179
45000,163
45000,288
45000,259
45000,102
45000,112
45000,100
45000,325
45000,589
45000,274
45000,352
45000,246
46000,690
46000,328
46000,273
46000,91
46000,272
46000,352
46000,133
46000,257
46000,28
46000,275
46000,378
46000,450
46000,159
46000,213
46000,380
46000,29
46000,263
46000,365
46000,340
46000,184
46000,298
46000,504
46000,216
46000,245
46000,297
46000,375
46000,96
46000,112
46000,75
46000,542
46000,512
46000,133
46000,125
46000,229
46000,70
46000,321
46000,161
46000,217
46000,21
46000,373
46000,166
46000,335
46000,232
46000,209
46000,225
46000,183
46000,273
46000,116
46000,227
46000,160
47000,193
47000,159
47000,212
47000,446
47000,411
47000,459
47000,267
47000,220
47000,168
47000,287
47000,318
47000,365
47000,337
47000,156
47000,78
47000,514
47000,235
47000,365
47000,357
47000,366
47000,436
47000,172
47000,93
47000,532
47000,190
47000,420
47000,380
47000,439
47000,204
47000,366
47000,44
47000,412
47000,183
47000,415
47000,592
47000,182
47000,412
47000,205
47000,71
47000,183
47000,214
47000,527
47000,300
47000,90
47000,164
47000,161
47000,449
47000,348
47000,70
47000,452
48000,382
48000,192
48000,87
48000,288
48000,532
48000,246
48000,213
48000,202
48000,475
48000,256
48000,144
48000,122
48000,375
48000,155
48000,257
48000,77
48000,299
48000,60
48000,353
48000,484
48000,188
48000,215
48000,146
48000,425
48000,284
48000,470
48000,372
48000,92
48000,115
48000,291
48000,217
48000,165
48000,181
48000,98
48000,510
48000,76
48000,316
48000,321
48000,338
48000,379
48000,436
48000,167
48000,166
48000,319
48000,380
48000,616
48000,474
48000,162
48000,439
48000,201
49000,487
49000,220
49000,151
49000,188
49000,241
49000,331
49000,234
49000,130
49000,258
49000,226
49000,166
49000,494
49000,225
49000,429
49000,621
49000,230
49000,419
49000,312
49000,183
49000,230
49000,432
49000,202
49000,470
49000,134
49000,188
49000,198
49000,239
49000,211
49000,293
49000,492
49000,283
49000,179
49000,444
49000,117
49000,253
49000,225
49000,233
49000,178
49000,211
49000,157
49000,317
49000,274
49000,393
49000,444
49000,271
49000,186
49000,192
49000,634
49000,282
49000,650
50000,204
50000,302
50000,135
50000,311
50000,278
50000,149
50000,477
50000,248
50000,236
50000,221
50000,372
50000,575
50000,133
50000,231
50000,425
50000,102
50000,316
50000,172
50000,298
50000,411
50000,373
50000,250
50000,285
50000,348
50000,277
50000,200
50000,454
50000,211
50000,369
50000,261
50000,121
50000,39
50000,344
50000,345
50000,198
50000,162
50000,522
50000,141
50000,305
50000,478
50000,258
50000,316
50000,192
50000,260
50000,224
50000,307
50000,171
50000,322
50000,258
50000,250
51000,128
51000,190
51000,285
51000,141
51000,206
51000,168
51000,228
51000,282
51000,539
51000,354
51000,716
51000,115
51000,762
51000,435
51000,314
51000,369
51000,111
51000,103
51000,566
51000,177
51000,296
51000,365
51000,307
51000,135
51000,348
51000,342
51000,209
51000,460
51000,192
51000,209
51000,73
51000,212
51000,72
51000,271
51000,459
51000,369
51000,240
51000,74
51000,155
51000,684
51000,289
51000,208
51000,274
51000,218
51000,393
51000,260
51000,255
51000,489
51000,255
51000,364
52000,174
52000,209
52000,211
52000,249
52000,406
52000,191
52000,262
52000,265
52000,214
52000,73
52000,296
52000,278
52000,209
52000,182
52000,325
52000,245
52000,180
52000,238
52000,294
52000,54
52000,361
52000,290
52000,190
52000,556
52000,138
52000,473
52000,618
52000,336
52000,226
52000,112
52000,644
52000,624
52000,249
52000,305
52000,129
52000,604
52000,339
52000,433
52000,177
52000,176
52000,185
52000,309
52000,58
52000,141
52000,188
52000,410
52000,358
52000,381
52000,421
52000,307
53000,180
53000,196
53000,218
53000,253
53000,397
53000,393
53000,291
53000,235
53000,65
53000,722
53000,120
53000,376
53000,34
53000,259
53000,721
53000,35
53000,411
53000,367
53000,350
53000,336
53000,338
53000,164
53000,152
53000,188
53000,188
53000,337
53000,88
53000,442
53000,494
53000,319
53000,558
53000,129
53000,357
53000,221
53000,299
53000,194
53000,305
53000,273
53000,109
53000,736
53000,415
53000,144
53000,152
53000,298
53000,198
53000,179
53000,129
53000,620
53000,318
53000,208
54000,321
54000,595
54000,230
54000,484
54000,283
54000,337
54000,283
54000,220
54000,851
54000,285
54000,220
54000,307
54000,416
54000,356
54000,309
54000,194
54000,247
54000,611
54000,301
54000,288
54000,514
54000,288
54000,531
54000,418
54000,216
54000,64
54000,146
54000,242
54000,272
54000,61
54000,302
54000,116
54000,232
54000,445
54000,363
54000,215
54000,480
54000,270
54000,454
54000,672
54000,381
54000,217
54000,203
54000,229
54000,270
54000,472
54000,194
54000,276
54000,245
54000,336
55000,291
55000,177
55000,535
55000,315
55000,270
55000,91
55000,180
55000,284
55000,149
55000,301
55000,54
55000,198
55000,460
55000,524
55000,225
55000,22
55000,676
55000,323
55000,657
55000,369
55000,203
55000,268
55000,158
55000,62
55000,136
55000,151
55000,405
55000,72
55000,197
55000,461
55000,134
55000,259
55000,451
55000,278
55000,290
55000,436
55000,130
55000,141
55000,114
55000,247
55000,265
55000,277
55000,501
55000,136
55000,403
55000,204
55000,122
55000,217
55000,219
55000,222
56000,439
56000,410
56000,157
56000,442
56000,250
56000,427
56000,244
56000,182
56000,313
56000,296
56000,498
56000,235
56000,570
56000,335
56000,479
56000,283
56000,65
56000,329
56000,708
56000,53
56000,368
56000,404
56000,737
56000,282
56000,269
56000,438
56000,423
56000,527
56000,175
56000,295
56000,329
56000,157
56000,164
56000,250
56000,422
56000,23
56000,660
56000,488
56000,456
56000,306
56000,322
56000,57
56000,126
56000,163
56000,111
56000,461
56000,178
56000,490
56000,880
56000,472
57000,378
57000,72
57000,345
57000,351
57000,255
57000,79
57000,307
57000,590
57000,252
57000,340
57000,121
57000,237
57000,349
57000,352
57000,329
57000,500
57000,323
57000,205
57000,441
57000,588
57000,365
57000,175
57000,423
57000,826
57000,196
57000,276
57000,171
57000,195
57000,377
57000,243
57000,336
57000,326
57000,151
57000,335
57000,252
57000,325
57000,285
57000,291
57000,118
57000,126
57000,178
57000,750
57000,249
57000,251
57000,415
57000,111
57000,260
57000,371
57000,49
57000,272
58000,153
58000,199
58000,517
58000,263
58000,64
58000,243
58000,472
58000,566
58000,209
58000,179
58000,554
58000,258
58000,330
58000,313
58000,431
58000,296
58000,644
58000,251
58000,411
58000,198
58000,276
58000,161
58000,372
58000,518
58000,157
58000,453
58000,374
58000,98
58000,424
58000,484
58000,559
58000,334
58000,371
58000,258
58000,670
58000,191
58000,203
58000,136
58000,561
58000,144
58000,448
58000,164
58000,211
58000,87
58000,80
58000,501
58000,228
58000,383
58000,491
58000,288
59000,372
59000,605
59000,149
59000,377
59000,442
59000,130
59000,117
59000,249
59000,670
59000,275
59000,365
59000,140
59000,276
59000,188
59000,412
59000,218
59000,342
59000,264
59000,385
59000,293
59000,650
59000,145
59000,370
59000,239
59000,105
59000,372
59000,419
59000,267
59000,313
59000,114
59000,429
59000,209
59000,217
59000,755
59000,207
59000,348
59000,206
59000,131
59000,122
59000,114
59000,328
59000,357
59000,535
59000,176
59000,293
59000,198
59000,419
59000,217
59000,575
59000,608
60000,466
60000,227
60000,34
60000,270
60000,614
60000,442
60000,297
60000,107
60000,424
60000,268
60000,261
60000,244
60000,559
60000,298
60000,358
60000,13
60000,339
60000,448
60000,374
60000,323
60000,75
60000,242
60000,76
60000,190
60000,285
60000,345
60000,115
60000,413
60000,410
60000,305
60000,268
60000,255
60000,157
60000,506
60000,440
60000,432
60000,211
60000,306
60000,454
60000,418
60000,457
60000,369
60000,287
60000,175
60000,216
60000,215
60000,194
60000,147
60000,386
60000,188
61000,438
61000,213
61000,411
61000,387
61000,109
61000,412
61000,141
61000,82
61000,523
61000,246
61000,274
61000,152
61000,342
61000,440
61000,274
61000,406
61000,200
61000,542
61000,339
61000,496
61000,498
61000,244
61000,702
61000,126
61000,368
61000,349
61000,318
61000,154
61000,89
61000,279
61000,460
61000,517
61000,273
61000,264
61000,119
61000,143
61000,410
61000,295
61000,274
61000,331
61000,142
61000,272
61000,547
61000,186
61000,434
61000,488
61000,917
61000,171
61000,108
61000,297
62000,262
62000,105
62000,229
62000,197
62000,307
62000,282
62000,536
62000,431
62000,375
62000,270
62000,413
62000,189
62000,260
62000,583
62000,605
62000,93
62000,571
62000,586
62000,519
62000,179
62000,430
62000,108
62000,463
62000,431
62000,167
62000,361
62000,831
62000,163
62000,152
62000,11
62000,270
62000,315
62000,156
62000,459
62000,193
62000,623
62000,109
62000,186
62000,194
62000,329
62000,424
62000,540
62000,515
62000,166
62000,307
62000,145
62000,642
62000,312
62000,168
62000,318
63000,63
63000,596
63000,371
63000,190
63000,258
63000,95
63000,244
63000,581
63000,752
63000,248
63000,42
63000,522
63000,611
63000,196
63000,244
63000,487
63000,481
63000,123
63000,295
63000,547
63000,89
63000,425
63000,321
63000,552
63000,290
63000,284
63000,183
63000,530
63000,290
63000,214
63000,263
63000,215
63000,343
63000,211
63000,421
63000,589
63000,511
63000,109
63000,196
63000,245
63000,152
63000,410
63000,345
63000,132
63000,331
63000,321
63000,487
63000,354
63000,394
63000,128
64000,382
64000,307
64000,529
64000,381
64000,224
64000,234
64000,134
64000,535
64000,71
64000,67
64000,264
64000,22
64000,514
64000,181
64000,468
64000,572
64000,173
64000,391
64000,522
64000,341
64000,608
64000,138
64000,228
64000,124
64000,108
64000,374
64000,523
64000,166
64000,641
64000,168
64000,367
64000,444
64000,407
64000,449
64000,378
64000,410
64000,156
64000,408
64000,613
64000,93
64000,61
64000,382
64000,555
64000,92
64000,306
64000,70
64000,458
64000,620
64000,500
64000,252
65000,298
65000,514
65000,914
65000,356
65000,392
65000,314
65000,504
65000,169
65000,118
65000,527
65000,397
65000,28
65000,118
65000,309
65000,410
65000,26
65000,107
65000,129
65000,245
65000,528
65000,355
65000,350
65000,602
65000,9
65000,612
65000,276
65000,353
65000,432
65000,79
65000,550
65000,234
65000,131
65000,435
65000,488
65000,211
65000,88
65000,413
65000,417
65000,127
65000,693
65000,249
65000,393
65000,110
65000,254
65000,436
65000,110
65000,479
65000,138
65000,304
65000,303
66000,57
66000,329
66000,89
66000,146
66000,240
66000,529
66000,273
66000,300
66000,394
66000,736
66000,581
66000,357
66000,113
66000,329
66000,382
66000,285
66000,349
66000,104
66000,269
66000,189
66000,219
66000,123
66000,253
66000,667
66000,534
66000,457
66000,259
66000,1032
66000,437
66000,384
66000,231
66000,88
66000,601
66000,216
66000,109
66000,355
66000,290
66000,442
66000,308
66000,160
66000,373
66000,160
66000,337
66000,485
66000,318
66000,218
66000,296
66000,118
66000,477
66000,79
67000,503
67000,197
67000,68
67000,330
67000,144
67000,391
67000,133
67000,300
67000,203
67000,157
67000,357
67000,142
67000,156
67000,179
67000,814
67000,203
67000,397
67000,521
67000,176
67000,294
67000,327
67000,491
67000,408
67000,66
67000,275
67000,64
67000,83
67000,326
67000,568
67000,742
67000,487
67000,300
67000,568
67000,97
67000,365
67000,364
67000,237
67000,294
67000,44
67000,221
67000,30
67000,178
67000,229
67000,32
67000,69
67000,170
67000,324
67000,337
67000,242
67000,435
68000,441
68000,123
68000,385
68000,452
68000,11
68000,503
68000,393
68000,513
68000,85
68000,537
68000,424
68000,374
68000,536
68000,374
68000,472
68000,272
68000,50
68000,364
68000,134
68000,301
68000,113
68000,117
68000,157
68000,441
68000,375
68000,507
68000,467
68000,352
68000,292
68000,310
68000,269
68000,177
68000,254
68000,250
68000,286
68000,85
68000,449
68000,225
68000,356
68000,100
68000,528
68000,295
68000,146
68000,245
68000,402
68000,108
68000,292
68000,211
68000,344
68000,326
69000,399
69000,495
69000,522
69000,153
69000,27
69000,129
69000,524
69000,318
69000,332
69000,866
69000,505
69000,428
69000,219
69000,242
69000,614
69000,265
69000,247
69000,46
69000,268
69000,155
69000,276
69000,465
69000,279
69000,509
69000,211
69000,355
69000,148
69000,371
69000,373
69000,522
69000,243
69000,352
69000,363
69000,314
69000,394
69000,215
69000,96
69000,688
69000,523
69000,91
69000,587
69000,187
69000,455
69000,240
69000,238
69000,141
69000,492
69000,313
69000,302
69000,321
70000,296
70000,243
70000,454
70000,79
70000,534
70000,299
70000,192
70000,155
70000,174
70000,559
70000,268
70000,390
70000,615
70000,407
70000,109
70000,42
70000,337
70000,417
70000,128
70000,198
70000,312
70000,263
70000,154
70000,618
70000,439
70000,359
70000,946
70000,408
70000,179
70000,264
70000,175
70000,206
70000,85
70000,389
70000,399
70000,305
70000,251
70000,449
70000,461
70000,129
70000,279
70000,645
70000,258
70000,473
70000,303
70000,301
70000,309
70000,453
70000,135
70000,236
71000,546
71000,347
71000,162
71000,385
71000,519
71000,296
71000,510
71000,414
71000,154
71000,94
71000,455
71000,146
71000,212
71000,181
71000,567
71000,115
71000,461
71000,212
71000,432
71000,258
71000,239
71000,394
71000,199
71000,464
71000,615
71000,38
71000,246
71000,203
71000,377
71000,305
71000,339
71000,281
71000,438
71000,145
71000,326
71000,399
71000,585
71000,188
71000,141
71000,301
71000,422
71000,102
71000,1011
71000,125
71000,256
71000,131
71000,100
71000,402
71000,291
71000,561
72000,638
72000,487
72000,255
72000,308
72000,99
72000,188
72000,528
72000,102
72000,572
72000,237
72000,391
72000,229
72000,196
72000,269
72000,399
72000,491
72000,341
72000,260
72000,82
72000,474
72000,341
72000,83
72000,152
72000,348
72000,328
72000,411
72000,457
72000,322
72000,383
72000,497
72000,513
72000,254
72000,311
72000,347
72000,440
72000,456
72000,85
72000,257
72000,124
72000,120
72000,302
72000,44
72000,455
72000,455
72000,359
72000,414
72000,460
72000,242
72000,85
72000,607
73000,688
73000,309
73000,519
73000,228
73000,377
73000,147
73000,359
73000,237
73000,335
73000,348
73000,121
73000,313
73000,524
73000,237
73000,236
73000,410
73000,226
73000,116
73000,635
73000,785
73000,359
73000,321
73000,329
73000,326
73000,461
73000,584
73000,38
73000,431
73000,463
73000,364
73000,494
73000,275
73000,297
73000,433
73000,219
73000,166
73000,493
73000,162
73000,365
73000,464
73000,947
73000,669
73000,300
73000,211
73000,257
73000,74
73000,430
73000,221
73000,257
73000,24
74000,352
74000,537
74000,371
74000,252
74000,213
74000,44
74000,195
74000,203
74000,585
74000,419
74000,93
74000,456
74000,115
74000,426
74000,544
74000,240
74000,525
74000,233
74000,253
74000,355
74000,522
74000,709
74000,127
74000,799
74000,438
74000,656
74000,571
74000,187
74000,326
74000,301
74000,447
74000,258
74000,542
74000,235
74000,106
74000,291
74000,503
74000,340
74000,679
74000,509
74000,202
74000,382
74000,319
74000,243
74000,194
74000,504
74000,532
74000,176
74000,402
74000,264
75000,286
75000,257
75000,96
75000,128
75000,311
75000,481
75000,258
75000,273
75000,505
75000,290
75000,105
75000,445
75000,220
75000,836
75000,562
75000,217
75000,41
75000,142
75000,55
75000,314
75000,307
75000,446
75000,242
75000,58
75000,255
75000,179
75000,523
75000,444
75000,179
75000,503
75000,134
75000,398
75000,236
75000,374
75000,71
75000,173
75000,502
75000,445
75000,209
75000,489
75000,305
75000,140
75000,675
75000,574
75000,261
75000,342
75000,413
75000,517
75000,679
75000,71
76000,387
76000,341
76000,353
76000,299
76000,565
76000,606
76000,225
76000,290
76000,223
76000,207
76000,599
76000,652
76000,512
76000,64
76000,474
76000,361
76000,222
76000,512
76000,589
76000,260
76000,613
76000,173
76000,232
76000,323
76000,58
76000,477
76000,50
76000,394
76000,476
76000,400
76000,313
76000,420
76000,496
76000,249
76000,101
76000,227
76000,363
76000,307
76000,178
76000,225
76000,308
76000,566
76000,395
76000,54
76000,494
76000,216
76000,205
76000,183
76000,170
76000,352
77000,321
77000,376
77000,480
77000,373
77000,287
77000,53
77000,229
77000,713
77000,377
77000,407
77000,294
77000,689
77000,461
77000,152
77000,366
77000,186
77000,617
77000,398
77000,333
77000,419
77000,216
77000,277
77000,321
77000,312
77000,574
77000,243
77000,262
77000,208
77000,264
77000,220
77000,139
77000,293
77000,100
77000,155
77000,189
77000,293
77000,427
77000,478
77000,680
77000,420
77000,336
77000,640
77000,626
77000,407
77000,269
77000,681
77000,163
77000,579
77000,313
77000,303
78000,90
78000,416
78000,180
78000,291
78000,285
78000,555
78000,12
78000,508
78000,206
78000,120
78000,268
78000,820
78000,352
78000,429
78000,196
78000,640
78000,494
78000,536
78000,212
78000,386
78000,421
78000,162
78000,192
78000,516
78000,356
78000,284
78000,256
78000,70
78000,535
78000,747
78000,587
78000,100
78000,919
78000,1095
78000,19
78000,309
78000,231
78000,274
78000,404
78000,365
78000,168
78000,125
78000,333
78000,460
78000,450
78000,427
78000,92
78000,157
78000,108
78000,98
79000,190
79000,415
79000,220
79000,149
79000,42
79000,59
79000,523
79000,490
79000,390
79000,348
79000,294
79000,363
79000,168
79000,320
79000,670
79000,240
79000,502
79000,322
79000,191
79000,298
79000,520
79000,384
79000,448
79000,208
79000,265
79000,404
79000,420
79000,428
79000,182
79000,223
79000,99
79000,479
79000,162
79000,86
79000,484
79000,616
79000,321
79000,260
79000,130
79000,131
79000,519
79000,486
79000,282
79000,281
79000,330
79000,166
79000,719
79000,404
79000,366
79000,515
80000,101
80000,945
80000,598
80000,269
80000,348
80000,277
80000,569
80000,207
80000,362
80000,923
80000,618
80000,808
80000,166
80000,376
80000,572
80000,306
80000,235
80000,211
80000,66
80000,320
80000,121
80000,465
80000,241
80000,603
80000,654
80000,646
80000,348
80000,448
80000,190
80000,115
80000,491
80000,54
80000,476
80000,731
80000,172
80000,391
80000,22
80000,271
80000,82
80000,703
80000,334
80000,197
80000,129
80000,312
80000,225
80000,283
80000,364
80000,415
80000,291
80000,281
81000,191
81000,213
81000,866
81000,456
81000,210
81000,423
81000,213
81000,116
81000,379
81000,213
81000,126
81000,736
81000,220
81000,323
81000,130
81000,30
81000,280
81000,536
81000,437
81000,191
81000,411
81000,153
81000,149
81000,144
81000,99
81000,640
81000,287
81000,198
81000,371
81000,731
81000,265
81000,175
81000,380
81000,148
81000,676
81000,285
81000,278
81000,386
81000,516
81000,328
81000,455
81000,649
81000,210
81000,640
81000,356
81000,342
81000,128
81000,249
81000,462
81000,121
82000,130
82000,13
82000,519
82000,408
82000,791
82000,188
82000,165
82000,333
82000,114
82000,131
82000,384
82000,407
82000,236
82000,316
82000,550
82000,615
82000,325
82000,490
82000,88
82000,233
82000,297
82000,180
82000,394
82000,293
82000,270
82000,582
82000,217
82000,117
82000,237
82000,818
82000,492
82000,695
82000,317
82000,441
82000,855
82000,280
82000,367
82000,436
82000,658
82000,276
82000,301
82000,357
82000,173
82000,637
82000,165
82000,514
82000,388
82000,504
82000,643
82000,617
83000,293
83000,316
83000,240
83000,179
83000,522
83000,264
83000,465
83000,197
83000,499
83000,897
83000,480
83000,77
83000,288
83000,460
83000,312
83000,245
83000,329
83000,642
83000,455
83000,263
83000,517
83000,410
83000,512
83000,317
83000,414
83000,737
83000,134
83000,727
83000,182
83000,788
83000,424
83000,320
83000,478
83000,67
83000,302
83000,925
83000,276
83000,505
83000,624
83000,413
83000,324
83000,250
83000,275
83000,516
83000,431
83000,658
83000,121
83000,100
83000,243
83000,748
84000,328
84000,388
84000,355
84000,613
84000,313
84000,910
84000,327
84000,428
84000,340
84000,435
84000,245
84000,126
84000,256
84000,249
84000,238
84000,237
84000,535
84000,320
84000,1000
84000,459
84000,441
84000,210
84000,207
84000,562
84000,566
84000,524
84000,536
84000,170
84000,335
84000,216
84000,409
84000,162
84000,480
84000,411
84000,358
84000,159
84000,333
84000,638
84000,388
84000,227
84000,662
84000,187
84000,731
84000,467
84000,282
84000,448
84000,353
84000,363
84000,213
84000,92
85000,717
85000,217
85000,158
85000,161
85000,261
85000,435
85000,345
85000,312
85000,184
85000,748
85000,408
85000,268
85000,584
85000,310
85000,369
85000,50
85000,90
85000,53
85000,330
85000,295
85000,109
85000,556
85000,230
85000,384
85000,354
85000,502
85000,213
85000,277
85000,529
85000,93
85000,179
85000,177
85000,166
85000,435
85000,376
85000,305
85000,139
85000,421
85000,331
85000,488
85000,187
85000,489
85000,433
85000,697
85000,313
85000,429
85000,483
85000,641
85000,226
85000,292
86000,97
86000,174
86000,352
86000,331
86000,116
86000,566
86000,466
86000,12
86000,123
86000,123
86000,581
86000,209
86000,326
86000,229
86000,152
86000,342
86000,454
86000,531
86000,531
86000,429
86000,133
86000,198
86000,224
86000,323
86000,174
86000,534
86000,505
86000,448
86000,314
86000,459
86000,541
86000,365
86000,597
86000,386
86000,389
86000,261
86000,603
86000,245
86000,395
86000,634
86000,212
86000,656
86000,114
86000,582
86000,317
86000,453
86000,427
86000,151
86000,342
86000,262
87000,514
87000,445
87000,106
87000,273
87000,760
87000,258
87000,762
87000,536
87000,378
87000,311
87000,601
87000,310
87000,411
87000,354
87000,191
87000,362
87000,206
87000,232
87000,405
87000,275
87000,143
87000,693
87000,262
87000,313
87000,641
87000,467
87000,117
87000,226
87000,306
87000,563
87000,182
87000,359
87000,46
87000,655
87000,364
87000,259
87000,59
87000,904
87000,71
87000,630
87000,265
87000,308
87000,246
87000,155
87000,301
87000,411
87000,231
87000,390
87000,222
87000,298
88000,430
88000,209
88000,155
88000,297
88000,211
88000,255
88000,484
88000,271
88000,227
88000,272
88000,474
88000,289
88000,555
88000,351
88000,159
88000,528
88000,773
88000,517
88000,222
88000,705
88000,205
88000,216
88000,348
88000,332
88000,369
88000,695
88000,218
88000,467
88000,369
88000,393
88000,170
88000,467
88000,239
88000,276
88000,323
88000,442
88000,390
88000,693
88000,133
88000,457
88000,370
88000,158
88000,220
88000,563
88000,232
88000,294
88000,421
88000,196
88000,49
88000,530
89000,487
89000,434
89000,137
89000,278
89000,416
89000,279
89000,246
89000,155
89000,681
89000,171
89000,135
89000,437
89000,591
89000,664
89000,33
89000,633
89000,156
89000,281
89000,230
89000,377
89000,448
89000,39
89000,511
89000,111
89000,762
89000,451
89000,720
89000,401
89000,387
89000,697
89000,233
89000,462
89000,205
89000,474
89000,316
89000,586
89000,252
89000,334
89000,372
89000,505
89000,494
89000,554
89000,300
89000,164
89000,568
89000,309
89000,194
89000,67
89000,256
89000,530
90000,933
90000,359
90000,291
90000,494
90000,549
90000,320
90000,504
90000,226
90000,594
90000,326
90000,607
90000,361
90000,272
90000,522
90000,779
90000,573
90000,34
90000,316
90000,485
90000,781
90000,654
90000,179
90000,597
90000,290
90000,786
90000,401
90000,201
90000,234
90000,634
90000,786
90000,118
90000,280
90000,91
90000,713
90000,404
90000,70
90000,17
90000,689
90000,1022
90000,443
90000,194
90000,313
90000,292
90000,664
90000,573
90000,227
90000,136
90000,261
90000,426
90000,279
91000,161
91000,185
91000,187
91000,583
91000,833
91000,641
91000,300
91000,147
91000,524
91000,429
91000,152
91000,240
91000,649
91000,353
91000,382
91000,181
91000,479
91000,477
91000,175
91000,397
91000,250
91000,247
91000,415
91000,602
91000,401
91000,392
91000,382
91000,149
91000,387
91000,513
91000,511
91000,574
91000,257
91000,233
91000,210
91000,373
91000,562
91000,284
91000,158
91000,452
91000,441
91000,243
91000,481
91000,488
91000,362
91000,340
91000,659
91000,190
91000,252
91000,490
92000,181
92000,519
92000,387
92000,662
92000,257
92000,426
92000,318
92000,665
92000,719
92000,293
92000,345
92000,603
92000,286
92000,327
92000,1141
92000,289
92000,767
92000,392
92000,687
92000,827
92000,415
92000,255
92000,709
92000,429
92000,551
92000,461
92000,445
92000,266
92000,314
92000,347
92000,511
92000,358
92000,392
92000,168
92000,494
92000,313
92000,170
92000,245
92000,293
92000,427
92000,417
92000,437
92000,703
92000,108
92000,542
92000,459
92000,435
92000,308
92000,612
92000,699
93000,157
93000,143
93000,166
93000,387
93000,194
93000,505
93000,414
93000,415
93000,316
93000,280
93000,347
93000,340
93000,219
93000,193
93000,625
93000,292
93000,507
93000,118
93000,246
93000,186
93000,543
93000,599
93000,267
93000,124
93000,71
93000,352
93000,849
93000,67
93000,255
93000,484
93000,272
93000,425
93000,569
93000,611
93000,220
93000,64
93000,311
93000,303
93000,254
93000,430
93000,153
93000,197
93000,375
93000,308
93000,555
93000,821
93000,226
93000,402
93000,1065
93000,368
94000,300
94000,225
94000,317
94000,140
94000,500
94000,469
94000,222
94000,369
94000,250
94000,176
94000,350
94000,491
94000,842
94000,312
94000,383
94000,456
94000,403
94000,384
94000,454
94000,356
94000,548
94000,384
94000,302
94000,604
94000,371
94000,469
94000,219
94000,403
94000,485
94000,515
94000,748
94000,394
94000,485
94000,507
94000,254
94000,309
94000,210
94000,271
94000,340
94000,253
94000,237
94000,501
94000,300
94000,401
94000,415
94000,311
94000,1017
94000,273
94000,248
94000,577
95000,315
95000,416
95000,370
95000,227
95000,381
95000,768
95000,284
95000,443
95000,349
95000,221
95000,242
95000,321
95000,212
95000,320
95000,272
95000,515
95000,597
95000,306
95000,472
95000,553
95000,604
95000,88
95000,772
95000,489
95000,332
95000,421
95000,300
95000,335
95000,61
95000,480
95000,388
95000,356
95000,520
95000,459
95000,104
95000,404
95000,167
95000,491
95000,187
95000,322
95000,268
95000,429
95000,120
95000,651
95000,385
95000,499
95000,478
95000,473
95000,450
95000,614
96000,170
96000,406
96000,386
96000,282
96000,443
96000,235
96000,338
96000,410
96000,451
96000,291
96000,226
96000,429
96000,70
96000,291
96000,271
96000,334
96000,848
96000,386
96000,207
96000,249
96000,114
96000,657
96000,337
96000,593
96000,494
96000,627
96000,401
96000,607
96000,285
96000,282
96000,150
96000,445
96000,560
96000,69
96000,385
96000,311
96000,637
96000,806
96000,317
96000,303
96000,428
96000,152
96000,192
96000,364
96000,300
96000,234
96000,151
96000,714
96000,582
96000,185
97000,347
97000,363
97000,608
97000,245
97000,407
97000,169
97000,553
97000,388
97000,222
97000,789
97000,270
97000,576
97000,508
97000,634
97000,535
97000,339
97000,326
97000,482
97000,246
97000,253
97000,680
97000,1019
97000,275
97000,344
97000,522
97000,529
97000,596
97000,531
97000,282
97000,638
97000,177
97000,481
97000,511
97000,1005
97000,263
97000,345
97000,594
97000,222
97000,213
97000,411
97000,389
97000,589
97000,191
97000,168
97000,240
97000,599
97000,378
97000,428
97000,493
97000,518
98000,175
98000,524
98000,467
98000,537
98000,704
98000,524
98000,674
98000,459
98000,588
98000,639
98000,315
98000,377
98000,356
98000,446
98000,365
98000,677
98000,552
98000,268
98000,438
98000,690
98000,135
98000,264
98000,310
98000,233
98000,225
98000,122
98000,251
98000,144
98000,796
98000,638
98000,340
98000,321
98000,172
98000,339
98000,885
98000,233
98000,398
98000,39
98000,603
98000,409
98000,541
98000,217
98000,220
98000,544
98000,217
98000,677
98000,200
98000,704
98000,785
98000,568
99000,218
99000,609
99000,433
99000,426
99000,260
99000,681
99000,275
99000,412
99000,327
99000,340
99000,308
99000,453
99000,242
99000,826
99000,470
99000,675
99000,262
99000,817
99000,458
99000,263
99000,244
99000,488
99000,461
99000,206
99000,508
99000,908
99000,422
99000,267
99000,553
99000,413
99000,774
99000,483
99000,404
99000,615
99000,476
99000,570
99000,980
99000,70
99000,612
99000,613
99000,381
99000,317
99000,1194
99000,234
99000,116
99000,453
99000,339
99000,958
99000,413
99000,363
100000,394
100000,518
100000,455
100000,442
100000,218
100000,377
100000,370
100000,576
100000,713
100000,226
100000,422
100000,273
100000,292
100000,198
100000,388
100000,157
100000,448
100000,677
100000,450
100000,369
100000,109
100000,619
100000,132
100000,78
100000,721
100000,716
100000,223
100000,709
100000,648
100000,207
100000,238
100000,314
100000,307
100000,483
100000,942
100000,515
100000,100
100000,416
100000,369
100000,755
100000,267
100000,180
100000,248
100000,181
100000,649
100000,406
100000,467
100000,543
100000,143
100000,606
