n,C-D
1000,957
1000,4848
1000,2747
1000,864
1000,1196
1000,1147
1000,1957
1000,2525
1000,2125
1000,2265
1000,555
1000,2562
1000,2944
1000,2166
1000,1517
1000,762
1000,5301
1000,1962
1000,4535
1000,1736
1000,66
1000,2339
1000,3971
1000,1869
1000,4258
1000,566
1000,1976
1000,5612
1000,2940
1000,1788
1000,2946
1000,3554
1000,2275
1000,2238
1000,4372
1000,655
1000,1874
1000,2773
1000,4943
1000,1361
1000,1451
1000,1118
1000,1292
1000,5333
1000,2857
1000,3699
1000,4109
1000,2622
1000,4267
1000,4469
2000,1429
2000,10132
2000,5351
2000,4781
2000,8988
2000,4176
2000,888
2000,3602
2000,740
2000,4267
2000,3885
2000,3148
2000,8948
2000,3812
2000,3890
2000,5691
2000,3380
2000,12740
2000,3053
2000,654
2000,7678
2000,3460
2000,10040
2000,14428
2000,2550
2000,2753
2000,3461
2000,4317
2000,9345
2000,5657
2000,3494
2000,1618
2000,3608
2000,4874
2000,2748
2000,4008
2000,4236
2000,4622
2000,774
2000,915
2000,3073
2000,4775
2000,8079
2000,6838
2000,4809
2000,4441
2000,6778
2000,1288
2000,4245
2000,5363
3000,1369
3000,15573
3000,7003
3000,2142
3000,6251
3000,7316
3000,3075
3000,10301
3000,4866
3000,12020
3000,15725
3000,11074
3000,2682
3000,8562
3000,7334
3000,3943
3000,954
3000,4028
3000,9375
3000,5899
3000,10368
3000,4753
3000,2826
3000,6016
3000,8293
3000,12448
3000,1303
3000,4709
3000,5313
3000,4894
3000,15825
3000,8778
3000,11348
3000,7016
3000,9801
3000,4130
3000,9922
3000,7878
3000,11949
3000,1146
3000,4589
3000,1891
3000,4108
3000,7048
3000,7905
3000,16658
3000,7027
3000,11534
3000,1819
3000,10426
4000,8879
4000,6352
4000,6319
4000,3404
4000,11026
4000,2511
4000,2649
4000,7062
4000,20830
4000,7693
4000,11407
4000,8507
4000,359
4000,8842
4000,3570
4000,20337
4000,11055
4000,6308
4000,10895
4000,9136
4000,1607
4000,18667
4000,19995
4000,4547
4000,6849
4000,8232
4000,15723
4000,14444
4000,13168
4000,4703
4000,14216
4000,8132
4000,10487
4000,2561
4000,16635
4000,12026
4000,14949
4000,12340
4000,4888
4000,14435
4000,5828
4000,11494
4000,15841
4000,4705
4000,5444
4000,4777
4000,13428
4000,17598
4000,16803
4000,7710
5000,18291
5000,14611
5000,5945
5000,6312
5000,17613
5000,2823
5000,13786
5000,20740
5000,7743
5000,10191
5000,3833
5000,19717
5000,14281
5000,20080
5000,21102
5000,8878
5000,3103
5000,10927
5000,3977
5000,6335
5000,8877
5000,17379
5000,28329
5000,8899
5000,7703
5000,30528
5000,16659
5000,15506
5000,16569
5000,18642
5000,412
5000,14527
5000,5900
5000,24469
5000,5751
5000,21620
5000,24695
5000,10607
5000,18727
5000,11089
5000,10651
5000,3764
5000,7548
5000,1811
5000,7944
5000,7206
5000,15928
5000,5263
5000,12821
5000,16931
6000,3563
6000,12995
6000,35355
6000,19878
6000,12853
6000,19640
6000,28492
6000,10715
6000,6164
6000,9377
6000,21896
6000,64440
6000,14594
6000,10514
6000,12509
6000,24829
6000,5802
6000,13376
6000,18155
6000,20341
6000,10381
6000,19116
6000,16603
6000,14765
6000,24474
6000,8767
6000,1399
6000,11224
6000,13798
6000,11414
6000,1819
6000,7515
6000,15767
6000,19268
6000,8364
6000,12173
6000,20613
6000,3506
6000,14487
6000,8597
6000,13432
6000,14979
6000,31308
6000,18160
6000,10504
6000,10269
6000,33321
6000,2724
6000,3850
6000,8376
7000,16613
7000,3917
7000,6488
7000,1333
7000,1434
7000,19054
7000,14286
7000,22521
7000,11997
7000,24759
7000,24673
7000,4815
7000,14121
7000,9551
7000,35813
7000,22863
7000,11266
7000,13601
7000,21737
7000,13881
7000,13360
7000,19167
7000,2984
7000,11131
7000,12103
7000,9302
7000,7018
7000,9109
7000,1091
7000,9712
7000,36038
7000,15846
7000,22297
7000,14858
7000,28167
7000,11833
7000,24613
7000,20718
7000,2345
7000,20912
7000,92
7000,11163
7000,28398
7000,24465
7000,21881
7000,29418
7000,25950
7000,5656
7000,20221
7000,15404
8000,39438
8000,18138
8000,24185
8000,44823
8000,15417
8000,16262
8000,27478
8000,12759
8000,25370
8000,7971
8000,21453
8000,4428
8000,26033
8000,24694
8000,28528
8000,3642
8000,1858
8000,34737
8000,22256
8000,17737
8000,17779
8000,35808
8000,30546
8000,14468
8000,31821
8000,8505
8000,26751
8000,13245
8000,42117
8000,41667
8000,21008
8000,48394
8000,5473
8000,17545
8000,41591
8000,21802
8000,36243
8000,12861
8000,20841
8000,40538
8000,26313
8000,32343
8000,18763
8000,26245
8000,21648
8000,19849
8000,25042
8000,31759
8000,10416
8000,42072
9000,31022
9000,22850
9000,19437
9000,11842
9000,34037
9000,30991
9000,15800
9000,26811
9000,29276
9000,14611
9000,15254
9000,19369
9000,44851
9000,18490
9000,37683
9000,59439
9000,28323
9000,2511
9000,19536
9000,11032
9000,39469
9000,29985
9000,6235
9000,16243
9000,28809
9000,17101
9000,34699
9000,67566
9000,26242
9000,13854
9000,28124
9000,24733
9000,2077
9000,14023
9000,51366
9000,32971
9000,22619
9000,17851
9000,33819
9000,54526
9000,10711
9000,1064
9000,34332
9000,24839
9000,5037
9000,9471
9000,21982
9000,4277
9000,321
9000,32062
10000,83974
10000,14602
10000,18849
10000,23628
10000,4866
10000,30699
10000,864
10000,8004
10000,19230
10000,9289
10000,21118
10000,20649
10000,10695
10000,19789
10000,10762
10000,15666
10000,3086
10000,14822
10000,43410
10000,25226
10000,9907
10000,34921
10000,32734
10000,23150
10000,16160
10000,15487
10000,30041
10000,17045
10000,27417
10000,25485
10000,23415
10000,11810
10000,26799
10000,12644
10000,5020
10000,42791
10000,71520
10000,15900
10000,5786
10000,10340
10000,55702
10000,24628
10000,47209
10000,13804
10000,1956
10000,6097
10000,18500
10000,44804
10000,14380
10000,7903
11000,27586
11000,40123
11000,14777
11000,37533
11000,49869
11000,10813
11000,6488
11000,31576
11000,34277
11000,18545
11000,42176
11000,33328
11000,535
11000,40824
11000,26239
11000,52483
11000,24509
11000,17918
11000,29481
11000,43705
11000,3772
11000,19546
11000,45887
11000,9578
11000,62567
11000,44986
11000,19403
11000,29017
11000,14352
11000,8299
11000,15643
11000,2722
11000,34834
11000,26418
11000,21263
11000,54864
11000,31846
11000,19932
11000,28470
11000,23888
11000,12037
11000,22764
11000,39999
11000,37078
11000,25831
11000,31335
11000,45394
11000,58136
11000,6973
11000,34983
12000,11189
12000,7789
12000,26543
12000,24088
12000,8273
12000,42182
12000,22567
12000,2480
12000,35065
12000,41356
12000,34440
12000,31323
12000,25871
12000,9722
12000,37145
12000,22924
12000,22941
12000,10767
12000,30603
12000,24529
12000,31834
12000,88532
12000,51549
12000,42963
12000,33447
12000,42347
12000,18873
12000,25152
12000,39167
12000,18838
12000,9860
12000,10617
12000,10399
12000,84041
12000,19109
12000,14556
12000,50380
12000,60320
12000,33439
12000,13410
12000,57785
12000,26567
12000,30974
12000,31006
12000,36403
12000,45649
12000,71220
12000,31107
12000,19644
12000,59650
13000,62297
13000,29387
13000,29776
13000,62351
13000,19290
13000,39744
13000,34356
13000,30505
13000,24424
13000,29446
13000,59593
13000,49214
13000,37887
13000,7632
13000,35031
13000,61063
13000,58162
13000,55551
13000,81858
13000,14611
13000,22430
13000,12856
13000,8641
13000,90463
13000,25039
13000,23390
13000,35429
13000,35575
13000,23106
13000,22267
13000,32084
13000,65971
13000,4701
13000,14873
13000,14597
13000,37495
13000,36758
13000,53049
13000,8379
13000,30813
13000,27205
13000,14861
13000,26517
13000,16769
13000,18678
13000,36786
13000,12811
13000,17117
13000,81457
13000,13945
14000,48550
14000,36724
14000,13213
14000,35410
14000,14914
14000,45726
14000,32438
14000,34768
14000,13383
14000,57058
14000,36491
14000,45359
14000,26051
14000,12624
14000,85113
14000,53365
14000,19065
14000,87502
14000,23493
14000,14903
14000,42012
14000,29725
14000,61953
14000,61278
14000,18351
14000,10179
14000,11481
14000,91746
14000,24883
14000,62155
14000,10086
14000,30834
14000,30176
14000,32132
14000,43863
14000,47855
14000,7687
14000,55946
14000,24323
14000,42343
14000,12392
14000,17850
14000,26326
14000,56459
14000,35471
14000,23639
14000,60699
14000,48836
14000,17929
14000,28188
15000,34743
15000,47362
15000,28236
15000,29664
15000,60626
15000,3545
15000,14075
15000,24891
15000,24778
15000,22987
15000,43495
15000,34406
15000,60661
15000,36952
15000,51144
15000,30047
15000,58189
15000,2925
15000,43285
15000,48821
15000,57233
15000,24158
15000,30533
15000,38984
15000,49479
15000,8729
15000,5960
15000,57524
15000,33226
15000,39044
15000,107028
15000,38865
15000,9626
15000,39464
15000,27705
15000,5634
15000,50002
15000,22502
15000,23438
15000,32507
15000,30345
15000,14244
15000,17968
15000,10400
15000,33699
15000,23669
15000,30732
15000,72017
15000,30133
15000,2519
16000,47247
16000,11586
16000,51783
16000,55767
16000,39630
16000,47236
16000,41404
16000,17924
16000,11482
16000,24129
16000,27515
16000,26185
16000,29490
16000,63627
16000,27199
16000,23934
16000,69406
16000,62159
16000,32223
16000,74244
16000,33849
16000,3624
16000,41444
16000,47276
16000,13586
16000,90752
16000,27897
16000,68884
16000,25531
16000,33309
16000,29732
16000,13320
16000,31867
16000,11291
16000,23059
16000,22040
16000,80513
16000,36389
16000,55754
16000,62405
16000,35659
16000,1696
16000,22764
16000,9108
16000,59472
16000,34542
16000,2638
16000,34821
16000,16535
16000,52578
17000,66934
17000,75520
17000,16600
17000,63456
17000,55031
17000,73888
17000,10335
17000,87497
17000,70152
17000,15551
17000,11569
17000,12263
17000,9689
17000,88643
17000,35603
17000,46846
17000,11112
17000,10448
17000,44277
17000,75793
17000,45906
17000,63053
17000,62993
17000,48467
17000,36011
17000,217
17000,5613
17000,19063
17000,13564
17000,95793
17000,21278
17000,25646
17000,58389
17000,46679
17000,31028
17000,42890
17000,5956
17000,15766
17000,35154
17000,51371
17000,85074
17000,33638
17000,51210
17000,48952
17000,16695
17000,24813
17000,25347
17000,9253
17000,54894
17000,26380
18000,41939
18000,49006
18000,26159
18000,52959
18000,15273
18000,34126
18000,1056
18000,67008
18000,96387
18000,76705
18000,41440
18000,10854
18000,42989
18000,68195
18000,29939
18000,20187
18000,86214
18000,49531
18000,88331
18000,61462
18000,39351
18000,65273
18000,33517
18000,40664
18000,60741
18000,77958
18000,37348
18000,109760
18000,102449
18000,47010
18000,5175
18000,26387
18000,37226
18000,75294
18000,10363
18000,15263
18000,26156
18000,64080
18000,10056
18000,72609
18000,86828
18000,58055
18000,33660
18000,42985
18000,85719
18000,12586
18000,15646
18000,5394
18000,80241
18000,8458
19000,72815
19000,33234
19000,2711
19000,82151
19000,19185
19000,53403
19000,39742
19000,78558
19000,34523
19000,56321
19000,36172
19000,43189
19000,134613
19000,23292
19000,63496
19000,47284
19000,94422
19000,51178
19000,99572
19000,5965
19000,37672
19000,40274
19000,76912
19000,42135
19000,24367
19000,19523
19000,112095
19000,56645
19000,42835
19000,26251
19000,45687
19000,45751
19000,31370
19000,31852
19000,71392
19000,44611
19000,52014
19000,31769
19000,84408
19000,79440
19000,63556
19000,51126
19000,43683
19000,37946
19000,103852
19000,41334
19000,46741
19000,17278
19000,6515
19000,58769
20000,74400
20000,48984
20000,21854
20000,33330
20000,128037
20000,68795
20000,54641
20000,45637
20000,66820
20000,41538
20000,61208
20000,37594
20000,10801
20000,19361
20000,8082
20000,27730
20000,10133
20000,46115
20000,49021
20000,56902
20000,24826
20000,14025
20000,67551
20000,33623
20000,90442
20000,102602
20000,20790
20000,17451
20000,80372
20000,62638
20000,37536
20000,14837
20000,1790
20000,57643
20000,43755
20000,58679
20000,37154
20000,7216
20000,415
20000,63360
20000,104394
20000,47857
20000,104785
20000,31890
20000,76709
20000,61815
20000,49236
20000,21059
20000,19686
20000,81581
21000,94203
21000,24617
21000,10406
21000,35898
21000,107925
21000,39277
21000,39113
21000,44961
21000,44202
21000,20875
21000,153560
21000,75915
21000,66907
21000,39212
21000,48995
21000,53513
21000,8435
21000,103066
21000,61854
21000,19667
21000,26803
21000,42718
21000,28758
21000,47482
21000,34407
21000,7713
21000,16745
21000,86584
21000,66280
21000,33890
21000,108702
21000,26049
21000,46338
21000,108570
21000,82840
21000,34897
21000,74908
21000,65266
21000,45562
21000,20084
21000,13013
21000,79621
21000,100116
21000,48774
21000,36248
21000,42383
21000,3332
21000,47742
21000,19622
21000,6979
22000,38623
22000,45592
22000,30089
22000,85048
22000,126009
22000,89317
22000,62706
22000,13029
22000,53462
22000,37162
22000,74816
22000,45707
22000,71555
22000,58269
22000,65108
22000,15939
22000,46560
22000,80237
22000,93101
22000,57827
22000,7850
22000,43292
22000,92613
22000,76771
22000,90300
22000,54136
22000,36558
22000,59970
22000,84022
22000,23366
22000,76759
22000,42783
22000,85504
22000,48987
22000,84118
22000,37014
22000,136522
22000,17982
22000,34048
22000,47074
22000,53860
22000,32333
22000,33187
22000,37426
22000,40378
22000,24373
22000,9121
22000,43306
22000,166421
22000,63507
23000,48977
23000,55873
23000,49014
23000,53928
23000,27446
23000,118111
23000,19723
23000,85614
23000,61625
23000,48278
23000,9794
23000,38902
23000,42902
23000,33352
23000,68863
23000,50937
23000,74413
23000,32172
23000,78389
23000,130482
23000,28761
23000,114378
23000,42212
23000,85683
23000,35838
23000,19989
23000,67872
23000,1879
23000,61606
23000,50383
23000,31066
23000,68453
23000,92977
23000,45546
23000,74620
23000,49723
23000,74075
23000,46405
23000,109475
23000,73774
23000,96392
23000,2502
23000,217240
23000,47581
23000,24071
23000,64931
23000,35363
23000,80500
23000,84409
23000,54963
24000,12102
24000,5768
24000,138269
24000,53216
24000,8523
24000,63378
24000,77355
24000,59135
24000,75264
24000,14645
24000,39583
24000,28104
24000,55770
24000,48176
24000,92152
24000,72492
24000,96327
24000,20605
24000,98408
24000,36183
24000,54369
24000,58357
24000,46049
24000,35635
24000,24008
24000,71173
24000,52686
24000,40192
24000,57604
24000,76130
24000,2155
24000,72137
24000,35563
24000,165852
24000,35506
24000,26271
24000,37050
24000,10381
24000,69081
24000,50822
24000,22658
24000,35122
24000,106362
24000,20809
24000,81194
24000,93027
24000,68549
24000,67185
24000,10270
24000,88777
25000,22783
25000,62476
25000,30828
25000,50399
25000,26825
25000,30794
25000,126347
25000,58962
25000,98623
25000,59377
25000,54379
25000,24124
25000,80130
25000,71537
25000,51493
25000,44420
25000,61238
25000,68721
25000,42740
25000,33374
25000,31542
25000,62032
25000,97225
25000,49983
25000,105057
25000,54363
25000,71438
25000,44851
25000,58139
25000,31210
25000,62315
25000,14730
25000,86719
25000,166739
25000,32374
25000,33332
25000,59745
25000,7604
25000,29254
25000,40465
25000,152300
25000,24264
25000,120480
25000,175085
25000,112357
25000,46906
25000,38183
25000,65037
25000,13133
25000,140287
26000,54535
26000,108220
26000,96544
26000,50919
26000,56106
26000,82982
26000,77200
26000,156861
26000,58231
26000,55613
26000,113561
26000,156810
26000,57342
26000,47553
26000,28148
26000,85138
26000,63866
26000,62464
26000,134741
26000,59452
26000,41689
26000,64217
26000,57398
26000,83716
26000,33356
26000,81047
26000,73177
26000,41594
26000,84281
26000,57845
26000,125684
26000,91444
26000,91252
26000,72610
26000,49518
26000,107556
26000,103649
26000,57588
26000,76912
26000,4016
26000,90160
26000,51402
26000,16970
26000,48432
26000,73545
26000,41640
26000,14218
26000,59657
26000,27852
26000,98950
27000,100175
27000,59543
27000,26429
27000,74364
27000,155951
27000,80119
27000,91646
27000,54613
27000,24847
27000,56361
27000,97621
27000,116256
27000,98157
27000,83366
27000,43182
27000,90416
27000,92135
27000,119427
27000,84189
27000,52429
27000,62125
27000,114380
27000,40820
27000,125425
27000,99715
27000,32274
27000,85281
27000,57614
27000,104908
27000,103504
27000,200764
27000,88708
27000,111383
27000,87595
27000,37184
27000,76746
27000,62506
27000,57402
27000,35796
27000,40919
27000,78304
27000,85330
27000,70147
27000,70197
27000,40791
27000,22058
27000,35695
27000,22491
27000,71266
27000,69124
28000,92750
28000,103803
28000,63529
28000,43439
28000,53436
28000,82301
28000,75825
28000,23511
28000,55842
28000,30023
28000,102275
28000,99150
28000,67724
28000,140766
28000,20404
28000,64634
28000,87153
28000,65428
28000,45055
28000,20594
28000,10533
28000,55005
28000,106876
28000,32045
28000,127096
28000,149890
28000,36400
28000,131781
28000,76327
28000,92048
28000,58340
28000,52014
28000,150110
28000,44441
28000,56879
28000,25658
28000,99496
28000,142547
28000,59319
28000,202038
28000,49056
28000,47071
28000,149861
28000,79023
28000,37652
28000,57323
28000,28940
28000,165287
28000,90274
28000,19867
29000,81361
29000,91222
29000,102671
29000,126727
29000,71627
29000,105102
29000,49950
29000,8487
29000,29995
29000,75482
29000,74940
29000,61262
29000,55660
29000,45178
29000,59351
29000,114615
29000,84481
29000,95464
29000,33220
29000,111201
29000,48352
29000,126861
29000,63285
29000,67027
29000,68285
29000,148749
29000,84680
29000,55527
29000,120122
29000,78641
29000,68707
29000,36207
29000,266252
29000,95746
29000,78616
29000,47130
29000,106565
29000,70154
29000,48485
29000,145503
29000,55903
29000,30183
29000,91241
29000,68830
29000,63101
29000,88652
29000,72756
29000,32972
29000,66603
29000,24659
30000,29907
30000,81717
30000,125185
30000,208865
30000,34953
30000,99424
30000,83069
30000,101585
30000,120311
30000,40349
30000,55332
30000,76581
30000,65071
30000,97117
30000,87012
30000,42123
30000,151786
30000,85589
30000,69880
30000,152809
30000,35135
30000,139165
30000,72787
30000,70299
30000,138774
30000,72385
30000,110547
30000,116599
30000,225466
30000,35821
30000,95191
30000,107068
30000,163371
30000,88397
30000,73944
30000,81156
30000,99399
30000,37947
30000,105020
30000,16152
30000,72310
30000,37267
30000,72434
30000,41403
30000,276323
30000,64813
30000,93684
30000,22088
30000,88043
30000,31334
31000,65852
31000,1582
31000,60951
31000,96480
31000,56027
31000,131490
31000,48232
31000,11834
31000,77155
31000,34991
31000,165181
31000,25025
31000,72007
31000,146961
31000,83809
31000,23690
31000,112579
31000,14347
31000,44827
31000,9473
31000,61290
31000,97840
31000,55396
31000,89895
31000,70798
31000,97414
31000,88418
31000,77750
31000,69521
31000,81905
31000,114469
31000,48507
31000,17906
31000,1751
31000,50740
31000,59927
31000,50607
31000,19991
31000,67815
31000,120660
31000,15618
31000,21321
31000,94345
31000,83850
31000,54475
31000,36952
31000,16497
31000,59924
31000,88263
31000,85360
32000,73604
32000,90849
32000,29531
32000,95417
32000,31647
32000,44152
32000,67973
32000,136652
32000,119270
32000,102899
32000,42377
32000,95465
32000,64244
32000,64176
32000,97075
32000,124536
32000,62636
32000,92662
32000,45650
32000,72049
32000,88911
32000,70689
32000,179557
32000,111125
32000,48566
32000,82670
32000,73251
32000,236744
32000,71614
32000,29819
32000,83126
32000,139563
32000,107824
32000,98299
32000,60896
32000,115641
32000,200335
32000,14182
32000,5873
32000,12598
32000,208802
32000,81031
32000,148838
32000,43436
32000,108488
32000,45284
32000,72221
32000,67495
32000,111150
32000,73571
33000,48410
33000,64894
33000,34817
33000,87649
33000,78696
33000,95946
33000,40982
33000,132012
33000,155065
33000,81323
33000,54871
33000,113339
33000,44923
33000,90819
33000,95483
33000,152654
33000,179131
33000,5995
33000,106341
33000,79435
33000,47801
33000,95460
33000,69418
33000,61795
33000,133779
33000,38896
33000,181032
33000,73946
33000,36872
33000,43109
33000,26620
33000,84197
33000,139989
33000,116008
33000,82708
33000,51188
33000,63952
33000,145354
33000,51773
33000,91844
33000,118029
33000,122720
33000,174102
33000,63150
33000,76542
33000,80178
33000,50361
33000,91830
33000,65761
33000,154914
34000,103409
34000,65233
34000,112869
34000,42642
34000,22351
34000,102135
34000,14360
34000,13911
34000,53196
34000,74871
34000,161317
34000,191752
34000,64394
34000,107909
34000,101454
34000,30802
34000,102444
34000,79842
34000,51825
34000,239354
34000,118382
34000,123106
34000,64081
34000,40378
34000,77354
34000,54766
34000,120953
34000,24453
34000,129864
34000,174145
34000,142038
34000,52783
34000,45628
34000,146402
34000,68875
34000,106581
34000,135432
34000,116024
34000,71428
34000,29377
34000,146267
34000,75779
34000,52621
34000,100705
34000,27436
34000,75816
34000,129776
34000,173923
34000,139978
34000,96644
35000,175716
35000,11863
35000,132861
35000,23290
35000,116114
35000,65951
35000,11210
35000,120870
35000,70383
35000,94030
35000,32067
35000,150078
35000,118055
35000,165257
35000,127722
35000,23600
35000,99453
35000,76148
35000,139053
35000,54933
35000,138076
35000,63026
35000,196674
35000,102415
35000,137864
35000,55820
35000,57540
35000,131599
35000,163386
35000,75693
35000,115978
35000,121291
35000,142512
35000,101061
35000,70411
35000,99176
35000,109670
35000,82801
35000,151325
35000,112090
35000,110810
35000,130113
35000,51702
35000,44074
35000,86257
35000,127930
35000,100621
35000,176574
35000,174311
35000,67580
36000,32226
36000,162350
36000,110870
36000,32816
36000,152290
36000,68923
36000,128571
36000,47258
36000,61967
36000,52732
36000,66062
36000,124858
36000,92418
36000,31235
36000,68835
36000,252327
36000,100738
36000,134882
36000,105708
36000,47360
36000,49663
36000,79355
36000,110031
36000,77663
36000,202211
36000,97750
36000,161219
36000,22465
36000,99637
36000,174421
36000,237564
36000,139651
36000,83590
36000,73344
36000,116654
36000,137781
36000,132485
36000,6293
36000,41966
36000,145958
36000,70376
36000,28979
36000,61154
36000,83535
36000,89790
36000,201147
36000,72510
36000,209463
36000,11053
36000,96608
37000,133677
37000,53691
37000,191037
37000,91035
37000,95925
37000,41084
37000,180131
37000,82001
37000,25677
37000,207412
37000,24249
37000,101302
37000,52909
37000,61787
37000,85585
37000,28233
37000,84203
37000,67472
37000,103179
37000,146015
37000,216779
37000,31266
37000,178716
37000,24653
37000,9062
37000,66889
37000,126692
37000,80840
37000,133556
37000,67381
37000,71139
37000,55777
37000,113039
37000,159620
37000,187883
37000,69985
37000,68734
37000,95768
37000,356536
37000,110188
37000,56863
37000,67542
37000,239689
37000,224608
37000,136963
37000,73857
37000,18098
37000,25893
37000,28467
37000,84057
38000,88668
38000,36273
38000,154192
38000,31899
38000,90680
38000,156853
38000,314143
38000,51544
38000,191134
38000,52288
38000,110665
38000,129146
38000,108959
38000,162046
38000,61167
38000,184333
38000,87025
38000,90270
38000,140290
38000,48803
38000,95616
38000,63212
38000,31337
38000,44967
38000,16575
38000,25389
38000,247246
38000,83594
38000,182580
38000,112836
38000,86279
38000,98962
38000,184688
38000,120265
38000,176132
38000,198069
38000,61139
38000,144733
38000,11993
38000,140545
38000,39688
38000,129486
38000,20222
38000,52510
38000,199939
38000,159082
38000,67136
38000,147229
38000,143279
38000,157491
39000,74047
39000,81580
39000,164766
39000,3442
39000,21802
39000,207029
39000,183537
39000,77450
39000,50740
39000,42361
39000,144904
39000,35433
39000,93105
39000,131436
39000,165668
39000,153181
39000,65069
39000,126777
39000,115675
39000,188116
39000,36125
39000,87808
39000,66506
39000,41561
39000,121220
39000,272062
39000,142267
39000,138939
39000,151664
39000,112004
39000,86505
39000,67111
39000,96719
39000,169824
39000,124246
39000,143960
39000,86614
39000,39333
39000,135463
39000,63314
39000,74992
39000,116115
39000,64506
39000,78199
39000,40363
39000,40342
39000,85555
39000,16553
39000,101316
39000,122936
40000,284756
40000,153277
40000,110720
40000,42931
40000,103976
40000,147967
40000,96435
40000,86024
40000,144205
40000,93186
40000,104881
40000,130817
40000,92399
40000,68687
40000,165938
40000,73240
40000,128376
40000,31067
40000,55784
40000,98381
40000,101151
40000,50967
40000,209050
40000,70500
40000,62443
40000,232381
40000,155054
40000,58632
40000,152302
40000,107175
40000,148951
40000,94023
40000,104285
40000,140014
40000,66307
40000,133473
40000,91549
40000,105055
40000,120799
40000,248743
40000,74155
40000,99415
40000,109185
40000,123905
40000,96486
40000,145394
40000,195939
40000,63387
40000,34356
40000,165607
41000,55514
41000,94788
41000,124967
41000,96447
41000,122924
41000,35376
41000,100523
41000,19973
41000,46439
41000,80673
41000,133263
41000,73802
41000,110998
41000,95455
41000,167587
41000,110822
41000,76334
41000,121232
41000,66890
41000,67856
41000,7412
41000,227454
41000,181419
41000,46454
41000,105132
41000,34222
41000,94406
41000,75595
41000,189441
41000,107876
41000,8222
41000,122962
41000,7430
41000,175560
41000,95201
41000,29672
41000,61279
41000,153791
41000,13950
41000,117414
41000,131885
41000,73567
41000,78982
41000,156878
41000,103299
41000,167674
41000,137566
41000,113454
41000,18002
41000,179111
42000,169024
42000,39438
42000,108931
42000,177804
42000,174813
42000,110278
42000,323224
42000,70910
42000,119032
42000,66783
42000,72735
42000,55660
42000,36131
42000,59420
42000,171550
42000,93153
42000,94777
42000,206267
42000,57549
42000,173983
42000,137562
42000,129397
42000,123682
42000,99175
42000,153511
42000,94589
42000,179364
42000,117846
42000,141668
42000,81123
42000,103092
42000,105720
42000,48530
42000,144885
42000,62467
42000,80024
42000,126941
42000,154084
42000,190334
42000,10733
42000,184346
42000,130492
42000,94852
42000,86534
42000,82127
42000,186349
42000,122620
42000,85993
42000,48503
42000,156113
43000,90639
43000,59639
43000,207181
43000,333130
43000,285082
43000,177081
43000,140202
43000,25373
43000,33444
43000,114323
43000,208877
43000,107502
43000,9263
43000,78949
43000,85125
43000,120715
43000,107383
43000,62467
43000,107979
43000,134621
43000,3076
43000,47668
43000,151109
43000,145289
43000,120090
43000,130391
43000,58768
43000,87899
43000,90559
43000,111710
43000,71066
43000,125845
43000,71744
43000,89186
43000,101143
43000,60312
43000,133400
43000,42505
43000,133494
43000,122056
43000,13894
43000,26599
43000,108793
43000,37363
43000,175933
43000,41799
43000,43635
43000,93847
43000,103292
43000,106491
44000,125955
44000,110571
44000,61308
44000,126577
44000,136816
44000,179822
44000,30134
44000,47598
44000,144706
44000,107988
44000,128551
44000,244824
44000,129018
44000,71955
44000,135333
44000,61771
44000,289230
44000,222840
44000,58215
44000,88646
44000,12900
44000,100942
44000,56949
44000,161747
44000,252808
44000,189910
44000,109169
44000,48224
44000,165800
44000,189289
44000,204351
44000,220809
44000,96196
44000,235992
44000,76737
44000,195403
44000,111806
44000,94601
44000,154680
44000,195716
44000,152177
44000,149684
44000,114508
44000,77546
44000,104983
44000,67384
44000,41117
44000,141938
44000,41338
44000,134215
45000,38695
45000,179707
45000,39323
45000,97133
45000,82867
45000,131599
45000,50820
45000,73592
45000,158101
45000,46055
45000,108708
45000,167959
45000,48438
45000,68646
45000,49931
45000,157164
45000,62253
45000,67317
45000,52387
45000,71766
45000,129777
45000,97379
45000,61974
45000,127846
45000,129683
45000,119037
45000,138783
45000,152694
45000,58275
45000,21277
45000,159843
45000,185498
45000,75076
45000,90436
45000,303637
45000,147322
45000,51444
45000,286166
45000,75301
45000,267285
45000,104440
45000,121168
45000,144365
45000,54116
45000,77254
45000,342679
45000,17838
45000,77856
45000,147430
45000,212859
46000,88384
46000,164595
46000,99070
46000,59859
46000,280790
46000,62594
46000,180358
46000,38326
46000,102027
46000,136709
46000,109027
46000,133803
46000,63163
46000,146035
46000,36238
46000,18287
46000,121080
46000,40249
46000,156232
46000,76434
46000,118182
46000,190284
46000,191409
46000,123956
46000,170454
46000,58836
46000,42678
46000,175022
46000,131593
46000,56460
46000,8875
46000,241306
46000,4695
46000,30637
46000,8706
46000,20231
46000,156079
46000,96630
46000,140539
46000,126847
46000,118710
46000,87478
46000,141803
46000,38498
46000,94110
46000,119978
46000,37383
46000,108662
46000,159522
46000,59513
47000,163339
47000,153499
47000,95417
47000,219771
47000,137470
47000,227292
47000,117672
47000,66622
47000,55325
47000,53451
47000,24043
47000,141439
47000,179746
47000,63735
47000,303913
47000,212127
47000,32255
47000,69874
47000,60263
47000,67143
47000,21911
47000,140860
47000,132385
47000,80046
47000,3379
47000,116633
47000,21100
47000,98696
47000,119428
47000,55761
47000,66694
47000,103305
47000,206367
47000,192346
47000,85993
47000,133562
47000,80622
47000,172868
47000,207348
47000,27071
47000,95940
47000,222107
47000,93060
47000,91340
47000,90978
47000,109726
47000,101544
47000,117917
47000,186213
47000,281850
48000,115285
48000,79338
48000,104203
48000,73785
48000,54349
48000,71693
48000,99593
48000,37644
48000,160492
48000,133869
48000,182487
48000,227404
48000,129913
48000,193856
48000,116831
48000,104865
48000,90219
48000,94406
48000,121830
48000,125972
48000,131152
48000,60881
48000,94268
48000,172652
48000,89174
48000,116017
48000,121872
48000,89901
48000,71032
48000,154125
48000,124825
48000,107957
48000,114949
48000,101201
48000,25734
48000,35758
48000,197400
48000,155228
48000,31353
48000,86097
48000,168337
48000,275308
48000,196564
48000,52336
48000,228965
48000,221810
48000,80694
48000,109076
48000,12127
48000,183715
49000,25380
49000,172436
49000,231360
49000,54125
49000,322426
49000,103721
49000,84430
49000,117937
49000,171495
49000,136815
49000,62360
49000,17176
49000,213309
49000,48655
49000,260897
49000,32415
49000,376240
49000,111355
49000,130250
49000,102855
49000,158953
49000,159267
49000,41723
49000,111798
49000,134621
49000,75969
49000,65121
49000,24902
49000,26470
49000,11220
49000,18846
49000,191280
49000,100051
49000,172596
49000,178635
49000,132728
49000,96271
49000,122462
49000,139988
49000,171105
49000,121053
49000,323368
49000,283802
49000,172575
49000,95338
49000,138382
49000,119059
49000,63921
49000,252575
49000,118365
50000,160569
50000,173106
50000,42399
50000,38539
50000,202431
50000,240829
50000,29157
50000,44039
50000,94070
50000,45109
50000,166339
50000,489299
50000,214979
50000,36755
50000,174443
50000,60106
50000,135845
50000,113093
50000,124027
50000,105391
50000,155059
50000,110735
50000,89609
50000,218108
50000,78348
50000,42609
50000,118149
50000,65633
50000,77899
50000,65240
50000,156832
50000,164404
50000,77706
50000,145608
50000,123067
50000,47598
50000,51581
50000,69251
50000,162770
50000,192032
50000,211483
50000,174313
50000,233252
50000,11049
50000,159468
50000,74729
50000,185167
50000,237320
50000,74022
50000,149863
51000,145532
51000,14988
51000,152280
51000,164076
51000,133474
51000,157113
51000,145429
51000,37760
51000,135842
51000,75627
51000,127110
51000,135970
51000,54307
51000,48511
51000,120946
51000,286298
51000,92825
51000,93038
51000,138867
51000,133344
51000,76681
51000,232790
51000,227581
51000,233750
51000,130486
51000,192446
51000,232851
51000,24410
51000,82182
51000,50713
51000,109774
51000,139213
51000,192116
51000,218375
51000,176719
51000,74808
51000,152915
51000,77884
51000,15947
51000,107764
51000,122148
51000,80104
51000,192404
51000,94528
51000,211206
51000,140662
51000,381529
51000,177806
51000,169174
51000,160103
52000,84967
52000,160420
52000,142826
52000,391792
52000,156008
52000,65029
52000,486622
52000,54018
52000,137057
52000,74482
52000,167837
52000,14054
52000,404226
52000,194016
52000,154566
52000,137849
52000,136004
52000,197063
52000,155283
52000,69179
52000,36543
52000,188811
52000,96885
52000,69321
52000,57781
52000,148993
52000,37452
52000,88833
52000,137385
52000,119313
52000,185612
52000,146183
52000,123718
52000,125619
52000,77595
52000,39523
52000,108426
52000,128266
52000,188349
52000,84015
52000,167410
52000,203536
52000,98117
52000,134692
52000,58590
52000,318119
52000,181389
52000,149614
52000,9062
52000,47847
53000,300891
53000,146874
53000,144501
53000,16662
53000,76986
53000,173700
53000,436157
53000,100506
53000,34432
53000,269184
53000,235949
53000,118853
53000,28597
53000,120559
53000,77720
53000,147087
53000,240111
53000,183836
53000,299549
53000,132171
53000,103565
53000,107829
53000,247563
53000,190029
53000,208372
53000,122864
53000,23912
53000,331548
53000,96874
53000,267009
53000,5598
53000,173501
53000,73239
53000,107014
53000,108331
53000,194295
53000,4075
53000,112918
53000,74154
53000,104638
53000,128636
53000,109463
53000,98071
53000,58614
53000,142983
53000,169888
53000,77886
53000,119647
53000,162563
53000,84053
54000,107463
54000,330469
54000,76997
54000,165741
54000,172547
54000,99901
54000,147507
54000,188492
54000,115046
54000,130830
54000,142153
54000,170948
54000,271075
54000,227763
54000,92466
54000,332888
54000,208357
54000,291345
54000,100539
54000,25711
54000,173187
54000,218780
54000,201671
54000,152883
54000,106900
54000,435230
54000,210795
54000,47622
54000,48336
54000,103099
54000,158165
54000,28383
54000,120533
54000,65895
54000,127749
54000,72135
54000,196520
54000,146041
54000,178994
54000,175298
54000,204382
54000,157652
54000,69504
54000,73546
54000,178273
54000,80628
54000,74290
54000,80264
54000,87861
54000,221293
55000,235562
55000,152554
55000,164594
55000,134416
55000,159943
55000,139710
55000,57886
55000,118023
55000,76566
55000,71566
55000,95967
55000,98153
55000,223003
55000,76725
55000,173354
55000,64195
55000,79330
55000,96398
55000,97068
55000,183986
55000,153217
55000,345591
55000,236617
55000,198811
55000,84386
55000,131529
55000,187083
55000,276489
55000,140346
55000,351655
55000,140747
55000,126581
55000,6764
55000,158679
55000,81876
55000,193958
55000,294299
55000,260867
55000,78744
55000,110043
55000,111984
55000,137090
55000,161457
55000,26660
55000,158437
55000,186178
55000,130806
55000,305384
55000,85496
55000,172004
56000,120166
56000,36821
56000,141594
56000,120800
56000,41506
56000,160975
56000,253631
56000,169389
56000,101110
56000,146785
56000,103993
56000,152568
56000,62395
56000,181435
56000,92408
56000,164699
56000,54679
56000,19361
56000,231071
56000,46098
56000,155659
56000,157982
56000,190751
56000,95422
56000,270427
56000,98993
56000,156023
56000,202182
56000,69980
56000,218465
56000,136467
56000,54969
56000,115280
56000,143650
56000,214769
56000,69564
56000,100333
56000,212545
56000,150437
56000,50477
56000,163846
56000,192306
56000,206047
56000,357932
56000,160261
56000,364834
56000,146327
56000,129601
56000,121598
56000,15464
57000,286254
57000,184578
57000,128192
57000,26027
57000,239178
57000,201997
57000,30655
57000,71988
57000,157978
57000,309500
57000,60145
57000,113958
57000,125539
57000,215633
57000,212159
57000,179896
57000,284494
57000,280943
57000,98506
57000,62237
57000,259094
57000,159157
57000,78138
57000,226348
57000,167120
57000,321663
57000,252279
57000,27917
57000,18791
57000,181179
57000,230731
57000,59756
57000,188455
57000,223679
57000,116921
57000,175117
57000,239052
57000,325090
57000,133100
57000,202723
57000,241532
57000,53528
57000,12829
57000,201155
57000,97345
57000,188137
57000,220844
57000,154022
57000,106833
57000,239698
58000,126206
58000,94661
58000,68580
58000,43124
58000,182953
58000,253807
58000,67527
58000,101540
58000,145327
58000,8469
58000,160662
58000,17228
58000,163044
58000,100081
58000,1095
58000,131967
58000,117267
58000,95624
58000,161387
58000,360212
58000,131143
58000,252310
58000,285427
58000,130731
58000,124872
58000,101591
58000,53872
58000,139814
58000,82363
58000,181125
58000,195781
58000,218708
58000,336
58000,9148
58000,157971
58000,159537
58000,192278
58000,86176
58000,183103
58000,173892
58000,108155
58000,115235
58000,141697
58000,208997
58000,163625
58000,162604
58000,69080
58000,201742
58000,110860
58000,329741
59000,306526
59000,108467
59000,169254
59000,123619
59000,134150
59000,335
59000,141684
59000,165578
59000,250034
59000,86940
59000,71944
59000,148915
59000,124952
59000,180283
59000,39543
59000,206797
59000,212944
59000,96035
59000,39376
59000,89028
59000,274003
59000,109252
59000,306312
59000,127824
59000,163848
59000,44356
59000,117856
59000,191741
59000,125952
59000,167241
59000,115373
59000,57637
59000,151607
59000,169100
59000,77933
59000,152017
59000,78618
59000,294062
59000,206377
59000,233710
59000,197055
59000,122748
59000,125872
59000,76071
59000,120110
59000,107517
59000,179778
59000,83616
59000,50827
59000,273315
60000,57047
60000,183009
60000,153427
60000,338065
60000,70725
60000,18264
60000,127050
60000,289555
60000,24463
60000,59755
60000,302695
60000,86049
60000,148096
60000,157897
60000,192058
60000,133822
60000,248412
60000,1000
60000,44304
60000,287588
60000,33767
60000,187608
60000,151547
60000,109296
60000,109723
60000,167771
60000,361485
60000,141007
60000,145502
60000,12005
60000,129317
60000,149346
60000,187507
60000,143248
60000,344324
60000,97323
60000,84210
60000,106900
60000,136524
60000,213410
60000,100744
60000,146701
60000,279709
60000,25491
60000,133587
60000,135044
60000,167056
60000,266584
60000,328353
60000,110014
61000,33867
61000,213452
61000,212138
61000,249726
61000,232830
61000,184760
61000,41017
61000,45067
61000,42833
61000,236409
61000,231018
61000,264412
61000,138794
61000,358379
61000,213894
61000,61839
61000,158772
61000,84673
61000,159863
61000,16351
61000,282687
61000,104935
61000,121276
61000,273531
61000,176863
61000,205320
61000,233750
61000,197818
61000,200052
61000,85986
61000,233948
61000,185194
61000,264391
61000,73642
61000,255153
61000,69228
61000,121908
61000,182064
61000,40491
61000,31008
61000,341127
61000,20879
61000,318561
61000,49194
61000,181466
61000,104677
61000,167881
61000,69418
61000,153713
61000,92613
62000,214561
62000,154171
62000,169390
62000,100566
62000,197021
62000,112184
62000,67243
62000,81304
62000,206499
62000,176492
62000,152940
62000,45205
62000,137345
62000,148349
62000,295505
62000,104658
62000,206933
62000,82555
62000,149331
62000,248505
62000,107360
62000,68579
62000,139160
62000,9530
62000,99367
62000,203682
62000,125958
62000,219755
62000,107070
62000,239444
62000,91225
62000,127633
62000,308767
62000,117447
62000,168931
62000,145063
62000,251698
62000,223853
62000,229488
62000,296670
62000,286775
62000,223812
62000,287407
62000,284292
62000,196443
62000,6587
62000,62995
62000,89505
62000,91750
62000,338689
63000,196050
63000,184066
63000,183905
63000,234788
63000,160397
63000,161718
63000,20293
63000,236976
63000,64846
63000,130167
63000,178475
63000,182674
63000,129312
63000,85937
63000,169975
63000,13137
63000,131988
63000,180904
63000,230189
63000,224227
63000,20920
63000,272243
63000,33747
63000,128037
63000,199013
63000,61260
63000,227643
63000,233677
63000,104414
63000,38392
63000,135099
63000,197009
63000,112311
63000,224195
63000,119230
63000,105653
63000,66281
63000,192788
63000,251300
63000,137716
63000,128754
63000,276496
63000,119838
63000,1937
63000,117878
63000,329018
63000,317561
63000,134745
63000,98483
63000,206405
64000,206008
64000,10314
64000,193657
64000,330273
64000,170260
64000,304111
64000,135166
64000,399093
64000,187814
64000,152366
64000,60520
64000,207018
64000,117338
64000,166512
64000,203090
64000,130967
64000,108618
64000,85836
64000,6885
64000,124138
64000,179082
64000,271036
64000,299258
64000,273986
64000,225993
64000,115322
64000,149811
64000,333048
64000,229008
64000,78036
64000,4140
64000,330714
64000,182366
64000,242127
64000,339494
64000,321830
64000,149225
64000,159700
64000,171011
64000,109435
64000,148237
64000,255043
64000,126171
64000,83708
64000,96346
64000,178330
64000,209551
64000,89555
64000,185288
64000,325338
65000,222373
65000,31667
65000,227659
65000,164690
65000,256383
65000,171135
65000,230988
65000,75116
65000,237416
65000,121428
65000,94938
65000,138750
65000,80025
65000,146982
65000,143431
65000,188840
65000,32385
65000,66021
65000,268479
65000,74595
65000,210847
65000,160270
65000,205597
65000,306956
65000,151665
65000,277273
65000,104589
65000,79823
65000,177742
65000,148355
65000,137874
65000,258214
65000,102403
65000,86958
65000,205261
65000,252832
65000,85865
65000,65400
65000,147527
65000,240762
65000,99834
65000,105863
65000,434318
65000,220435
65000,97874
65000,140591
65000,305898
65000,149715
65000,190353
65000,147501
66000,11296
66000,283287
66000,101187
66000,173274
66000,33823
66000,130054
66000,210297
66000,666512
66000,123720
66000,119943
66000,147262
66000,99696
66000,76344
66000,392122
66000,293182
66000,147502
66000,346011
66000,250888
66000,128779
66000,213638
66000,27809
66000,313179
66000,300469
66000,217551
66000,125374
66000,185051
66000,135707
66000,289602
66000,100678
66000,287902
66000,208240
66000,344683
66000,176059
66000,288823
66000,67881
66000,275989
66000,219434
66000,149688
66000,44612
66000,249335
66000,87032
66000,77952
66000,149073
66000,82209
66000,215402
66000,234322
66000,224697
66000,275968
66000,102538
66000,64067
67000,225180
67000,134102
67000,267019
67000,237788
67000,158338
67000,273651
67000,188633
67000,181400
67000,266464
67000,245862
67000,129792
67000,296020
67000,78977
67000,267720
67000,253028
67000,28726
67000,225056
67000,206525
67000,240591
67000,282755
67000,89677
67000,136216
67000,126197
67000,202680
67000,112484
67000,204526
67000,213131
67000,326000
67000,286130
67000,282259
67000,267650
67000,244596
67000,295055
67000,263397
67000,112224
67000,251954
67000,423283
67000,240801
67000,185181
67000,199983
67000,153788
67000,31865
67000,150104
67000,23381
67000,155780
67000,195456
67000,172012
67000,224176
67000,327251
67000,227903
68000,89539
68000,142617
68000,17116
68000,70451
68000,250249
68000,306299
68000,39441
68000,34843
68000,132568
68000,276997
68000,146789
68000,111309
68000,112848
68000,144845
68000,157308
68000,304214
68000,53674
68000,303263
68000,360051
68000,227693
68000,49251
68000,27323
68000,79889
68000,43690
68000,385797
68000,261874
68000,193117
68000,294382
68000,269879
68000,274115
68000,136596
68000,71826
68000,124390
68000,363971
68000,34986
68000,294832
68000,355964
68000,174345
68000,187488
68000,293095
68000,206576
68000,245793
68000,159889
68000,175905
68000,274590
68000,191839
68000,295615
68000,38477
68000,322603
68000,306337
69000,73541
69000,122453
69000,266979
69000,51519
69000,83851
69000,180036
69000,135575
69000,293462
69000,297788
69000,101811
69000,107591
69000,326969
69000,238979
69000,36287
69000,183839
69000,9319
69000,167373
69000,364070
69000,264746
69000,454616
69000,56497
69000,127802
69000,146339
69000,89901
69000,528992
69000,319182
69000,28884
69000,59054
69000,273577
69000,235214
69000,124281
69000,172920
69000,43355
69000,188218
69000,175145
69000,323081
69000,134115
69000,322346
69000,156495
69000,253847
69000,197214
69000,412873
69000,125607
69000,116235
69000,308718
69000,92096
69000,247362
69000,294111
69000,139309
69000,141615
70000,372996
70000,254303
70000,5993
70000,119189
70000,209361
70000,305880
70000,217559
70000,160264
70000,278519
70000,226286
70000,183607
70000,148281
70000,566562
70000,199620
70000,78271
70000,184028
70000,71627
70000,470902
70000,90550
70000,229455
70000,202854
70000,68633
70000,227504
70000,184376
70000,212367
70000,17750
70000,161241
70000,259191
70000,115203
70000,127805
70000,261353
70000,338699
70000,336795
70000,97818
70000,341200
70000,48660
70000,198841
70000,2290
70000,155286
70000,215996
70000,192654
70000,412440
70000,244689
70000,173362
70000,318374
70000,194542
70000,106372
70000,99731
70000,50971
70000,205452
71000,239656
71000,141700
71000,183071
71000,202297
71000,308336
71000,88507
71000,171735
71000,233215
71000,275409
71000,242164
71000,101345
71000,106799
71000,167764
71000,91260
71000,14513
71000,139161
71000,73827
71000,206702
71000,182150
71000,162294
71000,431974
71000,264082
71000,193960
71000,440119
71000,332761
71000,193800
71000,210745
71000,206917
71000,365791
71000,151491
71000,276610
71000,193042
71000,42059
71000,230654
71000,206061
71000,377201
71000,275117
71000,160942
71000,212777
71000,496105
71000,246385
71000,151406
71000,359886
71000,245332
71000,310871
71000,159957
71000,153830
71000,188957
71000,17257
71000,286793
72000,185306
72000,112057
72000,270613
72000,62147
72000,93443
72000,286174
72000,224440
72000,83890
72000,258546
72000,188940
72000,347724
72000,208967
72000,410174
72000,85494
72000,260899
72000,41456
72000,322227
72000,261083
72000,356813
72000,240100
72000,212438
72000,108172
72000,151107
72000,266061
72000,44857
72000,213351
72000,205598
72000,118505
72000,253620
72000,236249
72000,175539
72000,121166
72000,144172
72000,264498
72000,302319
72000,158496
72000,154674
72000,73012
72000,227775
72000,146759
72000,132063
72000,403233
72000,45686
72000,82002
72000,138211
72000,438218
72000,266029
72000,244633
72000,333025
72000,171645
73000,101104
73000,201386
73000,5176
73000,363954
73000,215898
73000,240537
73000,34399
73000,194453
73000,270145
73000,252302
73000,107090
73000,211125
73000,287543
73000,226227
73000,131053
73000,129336
73000,89959
73000,105934
73000,175618
73000,207646
73000,230978
73000,189842
73000,227616
73000,298605
73000,164379
73000,73451
73000,206233
73000,402248
73000,337399
73000,154063
73000,197733
73000,172644
73000,421822
73000,137479
73000,318410
73000,286619
73000,213723
73000,179381
73000,155651
73000,183397
73000,361176
73000,109847
73000,353400
73000,197019
73000,132202
73000,222549
73000,187633
73000,267677
73000,75324
73000,290408
74000,141369
74000,354275
74000,236633
74000,206593
74000,391737
74000,177426
74000,360703
74000,294935
74000,89920
74000,182387
74000,180348
74000,161567
74000,196389
74000,55244
74000,221543
74000,230072
74000,137521
74000,283677
74000,233832
74000,38310
74000,244668
74000,216420
74000,485560
74000,231100
74000,41894
74000,78780
74000,94631
74000,96695
74000,295636
74000,125546
74000,217637
74000,83597
74000,86680
74000,232271
74000,322116
74000,246496
74000,137857
74000,84673
74000,233692
74000,223211
74000,252636
74000,76594
74000,185338
74000,107919
74000,59183
74000,199723
74000,253582
74000,234298
74000,158020
74000,317747
75000,59127
75000,54240
75000,275104
75000,169837
75000,247126
75000,183215
75000,129781
75000,235725
75000,157161
75000,247348
75000,158826
75000,282426
75000,127803
75000,153284
75000,299211
75000,171773
75000,246881
75000,376632
75000,368394
75000,117225
75000,67750
75000,179530
75000,178061
75000,115332
75000,92649
75000,330479
75000,190443
75000,123061
75000,146707
75000,114354
75000,301462
75000,274846
75000,119488
75000,187239
75000,332004
75000,232192
75000,185359
75000,98181
75000,198750
75000,259501
75000,216848
75000,147363
75000,303159
75000,206755
75000,253407
75000,282006
75000,579359
75000,337368
75000,261115
75000,234935
76000,95426
76000,237440
76000,258455
76000,288243
76000,64519
76000,336605
76000,322512
76000,195166
76000,328111
76000,173306
76000,154066
76000,346213
76000,198216
76000,201629
76000,203777
76000,181625
76000,235506
76000,231571
76000,355947
76000,159413
76000,304655
76000,455657
76000,38831
76000,305340
76000,209889
76000,40624
76000,335931
76000,275203
76000,148419
76000,74279
76000,376381
76000,147654
76000,98260
76000,108563
76000,174234
76000,177559
76000,145376
76000,397930
76000,338625
76000,115577
76000,196607
76000,295871
76000,259654
76000,106079
76000,333498
76000,231538
76000,267735
76000,109130
76000,240322
76000,285676
77000,164402
77000,430009
77000,380653
77000,270213
77000,245638
77000,252336
77000,131773
77000,143339
77000,98924
77000,11131
77000,199568
77000,88005
77000,50185
77000,161139
77000,265930
77000,259908
77000,193353
77000,128608
77000,159071
77000,253892
77000,154452
77000,121868
77000,144663
77000,16633
77000,106950
77000,316792
77000,215018
77000,130787
77000,282430
77000,192494
77000,194235
77000,331117
77000,342885
77000,75419
77000,233468
77000,302912
77000,21370
77000,523276
77000,127860
77000,204909
77000,230262
77000,133312
77000,184479
77000,285652
77000,44645
77000,110990
77000,267216
77000,239767
77000,199821
77000,194987
78000,260300
78000,178877
78000,245293
78000,325275
78000,130204
78000,109580
78000,66507
78000,271691
78000,232487
78000,158701
78000,268502
78000,183605
78000,247539
78000,357678
78000,169338
78000,132197
78000,361750
78000,220044
78000,186494
78000,174381
78000,336935
78000,192830
78000,147687
78000,279380
78000,356589
78000,700621
78000,172268
78000,351502
78000,248819
78000,167382
78000,119321
78000,76421
78000,227716
78000,42536
78000,123624
78000,194660
78000,261549
78000,318492
78000,286747
78000,8695
78000,297676
78000,110095
78000,108614
78000,168697
78000,92895
78000,312416
78000,140951
78000,67884
78000,100189
78000,393475
79000,153033
79000,189952
79000,304411
79000,301036
79000,247159
79000,108937
79000,258504
79000,121143
79000,268916
79000,270063
79000,246363
79000,108922
79000,288825
79000,404073
79000,235694
79000,107737
79000,154190
79000,226735
79000,414430
79000,79380
79000,128389
79000,142731
79000,394294
79000,78292
79000,218701
79000,1460
79000,148817
79000,250489
79000,115782
79000,81363
79000,352614
79000,148121
79000,34518
79000,105212
79000,205595
79000,183642
79000,162480
79000,177187
79000,364751
79000,206809
79000,541559
79000,117509
79000,325877
79000,275071
79000,94662
79000,364400
79000,312059
79000,196618
79000,141539
79000,198003
80000,126741
80000,98175
80000,639250
80000,248275
80000,98151
80000,325030
80000,300982
80000,283052
80000,134344
80000,213952
80000,167020
80000,168291
80000,338622
80000,262093
80000,467082
80000,358247
80000,460827
80000,39373
80000,71127
80000,197089
80000,249045
80000,25106
80000,428237
80000,140761
80000,227639
80000,375473
80000,268902
80000,475305
80000,112542
80000,177253
80000,202500
80000,160355
80000,489895
80000,253861
80000,214476
80000,158562
80000,351093
80000,181425
80000,257118
80000,135414
80000,359467
80000,62477
80000,260187
80000,455963
80000,284298
80000,561243
80000,399918
80000,133757
80000,154412
80000,318530
81000,481166
81000,280968
81000,131008
81000,113110
81000,242962
81000,241232
81000,150479
81000,314163
81000,143161
81000,251031
81000,265555
81000,194277
81000,387937
81000,60030
81000,33664
81000,295064
81000,311576
81000,180161
81000,324693
81000,225919
81000,297596
81000,137386
81000,231132
81000,184723
81000,195532
81000,370025
81000,467176
81000,290356
81000,490626
81000,150510
81000,315481
81000,131869
81000,299578
81000,388842
81000,170631
81000,131472
81000,282524
81000,259308
81000,333102
81000,212143
81000,425706
81000,99384
81000,283079
81000,172524
81000,132639
81000,150530
81000,55414
81000,230933
81000,105529
81000,92158
82000,293075
82000,79578
82000,376868
82000,308474
82000,187237
82000,167951
82000,392835
82000,173874
82000,353010
82000,307532
82000,179555
82000,478491
82000,131523
82000,182540
82000,201801
82000,262602
82000,260608
82000,601200
82000,315648
82000,241766
82000,183877
82000,215593
82000,359578
82000,281981
82000,183003
82000,161139
82000,102752
82000,203888
82000,209697
82000,242268
82000,203610
82000,383958
82000,187164
82000,224492
82000,161830
82000,224921
82000,199059
82000,399069
82000,147360
82000,225153
82000,313222
82000,198468
82000,143655
82000,133016
82000,40253
82000,192422
82000,250698
82000,392877
82000,84422
82000,177316
83000,132103
83000,97641
83000,205574
83000,521389
83000,327847
83000,220968
83000,371615
83000,376140
83000,439301
83000,236772
83000,207596
83000,193045
83000,202589
83000,198787
83000,105770
83000,193299
83000,70182
83000,171495
83000,124814
83000,308548
83000,276890
83000,396855
83000,215770
83000,166552
83000,366592
83000,503536
83000,215595
83000,129636
83000,36548
83000,344377
83000,252706
83000,310199
83000,310632
83000,190053
83000,166506
83000,187626
83000,26436
83000,369246
83000,177980
83000,355744
83000,253664
83000,344704
83000,101648
83000,319056
83000,288769
83000,376632
83000,144487
83000,296327
83000,273385
83000,413753
84000,85708
84000,107525
84000,82350
84000,300348
84000,451559
84000,271993
84000,309559
84000,53522
84000,219584
84000,127410
84000,225718
84000,155196
84000,289105
84000,30699
84000,181627
84000,234894
84000,181400
84000,197293
84000,186108
84000,48032
84000,208082
84000,355059
84000,275713
84000,117517
84000,247365
84000,584319
84000,163672
84000,254952
84000,193567
84000,237669
84000,324228
84000,172947
84000,255439
84000,267958
84000,310298
84000,458274
84000,179730
84000,452243
84000,248276
84000,279515
84000,216011
84000,495849
84000,191187
84000,232340
84000,324437
84000,207833
84000,256882
84000,225533
84000,126761
84000,215382
85000,14638
85000,168846
85000,87059
85000,185030
85000,380110
85000,407740
85000,208278
85000,189410
85000,521937
85000,297551
85000,373893
85000,128829
85000,152192
85000,72383
85000,277806
85000,39715
85000,290348
85000,306788
85000,153935
85000,106371
85000,50032
85000,30221
85000,380323
85000,197398
85000,200998
85000,402343
85000,43670
85000,195840
85000,209604
85000,128585
85000,336923
85000,140298
85000,213807
85000,11029
85000,106098
85000,145973
85000,171687
85000,283051
85000,60315
85000,165039
85000,225088
85000,281046
85000,295042
85000,378069
85000,111022
85000,287103
85000,64613
85000,25424
85000,327009
85000,384471
86000,207411
86000,252235
86000,256933
86000,121215
86000,215897
86000,138829
86000,147665
86000,269065
86000,220140
86000,128433
86000,490132
86000,421889
86000,349424
86000,64226
86000,467539
86000,177784
86000,130782
86000,508454
86000,100078
86000,255097
86000,180738
86000,155016
86000,170585
86000,201020
86000,423263
86000,640910
86000,740802
86000,217028
86000,350973
86000,276660
86000,455884
86000,144748
86000,230812
86000,341258
86000,242140
86000,208903
86000,256318
86000,298343
86000,339939
86000,20954
86000,74929
86000,267264
86000,367659
86000,105569
86000,298455
86000,180853
86000,148688
86000,240908
86000,85600
86000,121605
87000,456691
87000,98593
87000,84954
87000,247923
87000,34812
87000,195407
87000,216925
87000,416614
87000,136703
87000,365498
87000,220209
87000,828850
87000,71716
87000,665501
87000,251245
87000,86863
87000,513750
87000,496275
87000,169327
87000,528027
87000,258478
87000,382386
87000,406755
87000,275721
87000,16859
87000,60406
87000,182298
87000,264724
87000,217316
87000,142498
87000,266848
87000,434395
87000,7468
87000,82986
87000,211354
87000,98485
87000,230927
87000,193301
87000,122702
87000,80711
87000,141153
87000,267313
87000,99023
87000,152800
87000,244425
87000,44479
87000,341919
87000,305326
87000,82407
87000,417070
88000,395899
88000,72110
88000,127794
88000,190988
88000,373860
88000,126730
88000,8247
88000,260038
88000,142384
88000,238676
88000,435378
88000,62459
88000,309147
88000,350401
88000,251733
88000,13234
88000,414689
88000,356031
88000,261206
88000,230225
88000,225869
88000,181564
88000,52684
88000,198426
88000,339250
88000,302327
88000,128023
88000,227434
88000,386585
88000,128634
88000,288392
88000,121360
88000,107529
88000,128156
88000,261200
88000,227719
88000,19652
88000,220459
88000,292823
88000,268405
88000,69732
88000,160132
88000,91138
88000,199739
88000,226775
88000,454237
88000,291853
88000,144305
88000,266668
88000,145353
89000,175600
89000,559877
89000,54926
89000,231739
89000,443866
89000,184975
89000,91927
89000,142255
89000,193992
89000,96191
89000,98255
89000,78499
89000,28743
89000,263266
89000,477014
89000,24737
89000,204978
89000,334936
89000,281119
89000,194046
89000,72884
89000,389982
89000,243421
89000,531330
89000,205729
89000,143387
89000,383143
89000,193004
89000,286732
89000,200037
89000,134258
89000,261487
89000,343670
89000,361761
89000,208756
89000,151417
89000,232836
89000,638636
89000,465961
89000,75296
89000,506805
89000,264837
89000,285504
89000,154437
89000,369619
89000,441925
89000,360876
89000,221075
89000,94152
89000,292353
90000,398081
90000,461503
90000,115704
90000,101387
90000,200685
90000,135774
90000,132255
90000,180171
90000,366357
90000,124612
90000,116825
90000,461945
90000,55033
90000,219736
90000,95814
90000,319970
90000,218721
90000,157955
90000,219071
90000,220663
90000,251473
90000,333794
90000,281623
90000,203878
90000,284920
90000,204725
90000,179850
90000,269689
90000,307588
90000,132730
90000,373700
90000,350196
90000,396001
90000,269811
90000,144395
90000,197644
90000,96682
90000,248313
90000,6299
90000,225641
90000,126522
90000,402851
90000,346143
90000,168394
90000,416632
90000,379241
90000,167101
90000,282390
90000,281054
90000,105517
91000,284428
91000,411314
91000,353429
91000,275362
91000,360676
91000,556011
91000,359121
91000,272374
91000,126345
91000,264423
91000,561593
91000,206280
91000,476505
91000,413749
91000,235613
91000,370135
91000,251976
91000,279271
91000,62632
91000,147594
91000,258998
91000,42593
91000,250444
91000,361513
91000,237184
91000,51790
91000,401753
91000,16528
91000,240113
91000,50444
91000,120693
91000,784086
91000,262694
91000,131556
91000,80629
91000,125329
91000,1155
91000,347073
91000,367331
91000,92224
91000,356215
91000,279201
91000,82266
91000,132305
91000,148863
91000,142163
91000,84612
91000,202047
91000,182596
91000,118260
92000,315424
92000,265510
92000,416036
92000,365024
92000,510448
92000,378530
92000,351049
92000,458969
92000,185967
92000,62952
92000,301412
92000,350122
92000,333927
92000,307847
92000,470892
92000,239237
92000,365374
92000,100228
92000,256037
92000,208565
92000,140649
92000,147329
92000,343047
92000,116334
92000,477970
92000,241442
92000,62858
92000,506546
92000,133428
92000,255191
92000,239392
92000,168438
92000,232827
92000,432776
92000,203858
92000,497287
92000,109075
92000,326651
92000,254563
92000,159386
92000,145585
92000,19551
92000,105170
92000,233899
92000,254632
92000,280874
92000,423373
92000,30935
92000,266383
92000,81649
93000,256910
93000,275921
93000,232303
93000,172527
93000,261807
93000,311571
93000,54455
93000,205162
93000,271689
93000,375312
93000,630232
93000,332797
93000,6198
93000,228471
93000,291373
93000,452000
93000,345242
93000,318489
93000,154141
93000,307323
93000,977941
93000,90733
93000,137767
93000,401100
93000,41295
93000,180379
93000,166969
93000,333988
93000,468061
93000,313958
93000,209517
93000,437220
93000,206003
93000,3760
93000,517803
93000,89424
93000,88210
93000,401625
93000,230586
93000,482233
93000,300090
93000,267623
93000,185018
93000,283965
93000,285019
93000,448762
93000,359430
93000,200831
93000,213869
93000,283308
94000,266077
94000,550649
94000,185507
94000,290376
94000,443066
94000,230802
94000,360546
94000,188176
94000,288754
94000,131366
94000,435971
94000,97670
94000,195894
94000,152557
94000,175755
94000,105573
94000,78223
94000,227953
94000,206993
94000,281379
94000,225533
94000,125049
94000,209321
94000,367428
94000,306433
94000,214832
94000,488823
94000,203920
94000,366089
94000,177918
94000,327084
94000,185683
94000,215776
94000,456283
94000,185742
94000,456516
94000,324620
94000,101227
94000,246088
94000,359801
94000,143678
94000,266786
94000,152244
94000,478038
94000,65268
94000,350377
94000,388111
94000,342968
94000,136396
94000,294697
95000,407371
95000,376596
95000,163516
95000,451041
95000,565181
95000,283629
95000,305640
95000,74256
95000,501509
95000,124649
95000,326775
95000,188141
95000,499322
95000,366146
95000,513852
95000,345493
95000,207975
95000,91585
95000,46270
95000,46104
95000,335835
95000,86338
95000,255842
95000,337915
95000,130353
95000,169091
95000,176214
95000,116012
95000,578602
95000,183413
95000,48442
95000,6979
95000,168958
95000,203092
95000,107384
95000,201940
95000,353963
95000,148576
95000,186241
95000,291926
95000,370751
95000,270223
95000,77139
95000,94154
95000,235679
95000,348341
95000,421055
95000,272411
95000,301575
95000,420094
96000,208872
96000,71266
96000,200131
96000,391086
96000,178794
96000,265405
96000,312269
96000,72450
96000,416330
96000,206934
96000,216731
96000,257000
96000,200296
96000,334999
96000,347174
96000,496187
96000,209645
96000,200508
96000,54026
96000,297225
96000,93480
96000,240930
96000,257166
96000,308410
96000,245143
96000,77763
96000,242528
96000,116229
96000,394697
96000,129008
96000,301546
96000,376557
96000,192040
96000,172799
96000,455206
96000,142326
96000,162728
96000,187150
96000,222050
96000,188140
96000,261447
96000,369447
96000,260126
96000,355129
96000,475605
96000,203955
96000,323600
96000,257337
96000,110003
96000,362407
97000,412241
97000,283815
97000,66158
97000,660002
97000,394037
97000,352744
97000,89786
97000,276010
97000,409320
97000,68190
97000,141698
97000,394974
97000,276105
97000,24717
97000,368818
97000,253339
97000,48012
97000,458235
97000,444770
97000,125473
97000,290083
97000,269805
97000,221618
97000,166806
97000,398356
97000,165618
97000,53861
97000,218033
97000,84748
97000,186934
97000,361768
97000,479387
97000,235093
97000,168336
97000,342729
97000,242770
97000,244766
97000,476935
97000,157898
97000,375485
97000,174918
97000,72520
97000,134455
97000,180969
97000,75925
97000,210062
97000,168385
97000,464499
97000,247537
97000,344393
98000,391247
98000,603398
98000,198165
98000,262046
98000,408111
98000,408485
98000,685434
98000,244581
98000,341581
98000,49325
98000,386608
98000,376311
98000,612904
98000,282203
98000,104873
98000,282086
98000,77948
98000,133917
98000,258631
98000,9504
98000,303248
98000,214327
98000,186450
98000,98649
98000,320057
98000,359925
98000,124690
98000,57993
98000,265454
98000,138494
98000,374576
98000,265146
98000,83876
98000,160871
98000,259942
98000,566678
98000,352794
98000,237278
98000,171992
98000,457281
98000,140424
98000,106294
98000,416224
98000,160430
98000,418044
98000,390727
98000,10780
98000,312976
98000,759435
98000,366902
99000,175041
99000,359768
99000,219107
99000,120293
99000,222533
99000,321923
99000,165613
99000,314626
99000,128283
99000,378814
99000,128409
99000,138697
99000,100158
99000,383097
99000,108439
99000,322583
99000,72788
99000,75128
99000,12203
99000,383250
99000,372579
99000,257073
99000,305148
99000,267588
99000,315823
99000,155839
99000,358725
99000,35965
99000,339561
99000,426971
99000,362767
99000,43869
99000,103032
99000,502144
99000,252049
99000,182720
99000,322762
99000,418099
99000,247849
99000,339627
99000,261356
99000,119063
99000,66014
99000,161011
99000,338764
99000,4772
99000,325223
99000,111444
99000,29801
99000,269534
100000,386356
100000,392233
100000,32867
100000,412533
100000,179653
100000,346305
100000,439051
100000,154415
100000,178590
100000,66586
100000,215556
100000,276996
100000,393470
100000,269945
100000,49068
100000,214699
100000,208692
100000,666101
100000,53426
100000,55997
100000,500486
100000,144029
100000,302677
100000,187106
100000,426947
100000,382489
100000,60183
100000,122024
100000,203910
100000,329552
100000,329457
100000,191732
100000,393099
100000,144561
100000,173326
100000,444145
100000,446176
100000,337999
100000,309825
100000,206763
100000,432654
100000,298479
100000,161047
100000,190891
100000,398394
100000,122316
100000,278760
100000,187153
100000,364642
100000,452332
