n,C
1000,6340
1000,6572
1000,7564
1000,6668
1000,7436
1000,7127
1000,8035
1000,9383
1000,7826
1000,9998
1000,7349
1000,8185
1000,6231
1000,6340
1000,7935
1000,7118
1000,9595
1000,7092
1000,6886
1000,8624
1000,8152
1000,6548
1000,7146
1000,8910
1000,7325
1000,5481
1000,7871
1000,10232
1000,6396
1000,5809
1000,9246
1000,7524
1000,6410
1000,9393
1000,9256
1000,6781
1000,7470
1000,10321
1000,6907
1000,6207
1000,6613
1000,8448
1000,7137
1000,7553
1000,6730
1000,7540
1000,8348
1000,7990
1000,6423
1000,6205
2000,15816
2000,14805
2000,15907
2000,19279
2000,14877
2000,14427
2000,14127
2000,13426
2000,14536
2000,16882
2000,17576
2000,13976
2000,14736
2000,18608
2000,15891
2000,16859
2000,15785
2000,15042
2000,13014
2000,23017
2000,13761
2000,17572
2000,14060
2000,18008
2000,15122
2000,16336
2000,14818
2000,12755
2000,15086
2000,22270
2000,13886
2000,15212
2000,14482
2000,14225
2000,18872
2000,13794
2000,15552
2000,16462
2000,16008
2000,12900
2000,17963
2000,13427
2000,17558
2000,14932
2000,18431
2000,14416
2000,15897
2000,18689
2000,14804
2000,12224
3000,27438
3000,21793
3000,27147
3000,25754
3000,31572
3000,31290
3000,28108
3000,26484
3000,26080
3000,29780
3000,25431
3000,21877
3000,27507
3000,21471
3000,27535
3000,18454
3000,22817
3000,32095
3000,26409
3000,27156
3000,20976
3000,24629
3000,23545
3000,24430
3000,25402
3000,33772
3000,29232
3000,18461
3000,25250
3000,28906
3000,26075
3000,24970
3000,24239
3000,24001
3000,23766
3000,19119
3000,24452
3000,26780
3000,39850
3000,24235
3000,34904
3000,30011
3000,23051
3000,26180
3000,25105
3000,31292
3000,21246
3000,21185
3000,20835
3000,25453
4000,36048
4000,35601
4000,36408
4000,38484
4000,28468
4000,44398
4000,37439
4000,34668
4000,37967
4000,35094
4000,34355
4000,42644
4000,31399
4000,33201
4000,29642
4000,30646
4000,39177
4000,35353
4000,43482
4000,41144
4000,34025
4000,45983
4000,37160
4000,46012
4000,45041
4000,33746
4000,31409
4000,28677
4000,28948
4000,46171
4000,34110
4000,33778
4000,36242
4000,29966
4000,28460
4000,36359
4000,34149
4000,39822
4000,33125
4000,29965
4000,33394
4000,34414
4000,35577
4000,39769
4000,42011
4000,34216
4000,36162
4000,31297
4000,34693
4000,36565
5000,70821
5000,36997
5000,42778
5000,43617
5000,43924
5000,37757
5000,54061
5000,53149
5000,44006
5000,43937
5000,50000
5000,43314
5000,39800
5000,40709
5000,44669
5000,36935
5000,47162
5000,39276
5000,42712
5000,45760
5000,38767
5000,46612
5000,47817
5000,49805
5000,57479
5000,51791
5000,44239
5000,53401
5000,41170
5000,49109
5000,46485
5000,39435
5000,38653
5000,42135
5000,57665
5000,40937
5000,36699
5000,38019
5000,37385
5000,49574
5000,52522
5000,39001
5000,44285
5000,39185
5000,41376
5000,38408
5000,39717
5000,44119
5000,38084
5000,41127
6000,63458
6000,43339
6000,59897
6000,53362
6000,59543
6000,58049
6000,51558
6000,66085
6000,62843
6000,51547
6000,54984
6000,48188
6000,49674
6000,50730
6000,54878
6000,55543
6000,46899
6000,61225
6000,52271
6000,52417
6000,59289
6000,57202
6000,58861
6000,60369
6000,54136
6000,51348
6000,48636
6000,53798
6000,50621
6000,66500
6000,61220
6000,67805
6000,55009
6000,68876
6000,59974
6000,63574
6000,82970
6000,51378
6000,61913
6000,62544
6000,53173
6000,54737
6000,51690
6000,52015
6000,53355
6000,65519
6000,57799
6000,56278
6000,51712
6000,60917
7000,71598
7000,65776
7000,59824
7000,62606
7000,62556
7000,70180
7000,57184
7000,104277
7000,77808
7000,83577
7000,72457
7000,57406
7000,63327
7000,73063
7000,68906
7000,75479
7000,73927
7000,76297
7000,65256
7000,68540
7000,73574
7000,69899
7000,58044
7000,60004
7000,58347
7000,71350
7000,56330
7000,69480
7000,56353
7000,84793
7000,58396
7000,65262
7000,63009
7000,58373
7000,57683
7000,77304
7000,70062
7000,67710
7000,57711
7000,62940
7000,54275
7000,55853
7000,62004
7000,83843
7000,53748
7000,57934
7000,61776
7000,54841
7000,73036
7000,58766
8000,77767
8000,75591
8000,78417
8000,69098
8000,74339
8000,65507
8000,82413
8000,84346
8000,60024
8000,62521
8000,61217
8000,72408
8000,76322
8000,88809
8000,79478
8000,77725
8000,71562
8000,67307
8000,94300
8000,81353
8000,80923
8000,76653
8000,66823
8000,77108
8000,70377
8000,84060
8000,71507
8000,61557
8000,81157
8000,68546
8000,80395
8000,90721
8000,69399
8000,74293
8000,82362
8000,75750
8000,82511
8000,78759
8000,67786
8000,79202
8000,82116
8000,74836
8000,86039
8000,80871
8000,80716
8000,72121
8000,72871
8000,72861
8000,71860
8000,69330
9000,76733
9000,78517
9000,99686
9000,84019
9000,84937
9000,113732
9000,82237
9000,91801
9000,81287
9000,88297
9000,98204
9000,90922
9000,76057
9000,75395
9000,76433
9000,86653
9000,76243
9000,85947
9000,103005
9000,86190
9000,86593
9000,72766
9000,100679
9000,96924
9000,113462
9000,69769
9000,118438
9000,91153
9000,118331
9000,71551
9000,89182
9000,81415
9000,81738
9000,75388
9000,107462
9000,93880
9000,92219
9000,72836
9000,96700
9000,91622
9000,103189
9000,111017
9000,77547
9000,76222
9000,83832
9000,90868
9000,73491
9000,77488
9000,76845
9000,77714
10000,103299
10000,82547
10000,87567
10000,99391
10000,85972
10000,99876
10000,114953
10000,87211
10000,99190
10000,112580
10000,135720
10000,98266
10000,87277
10000,104498
10000,101863
10000,98313
10000,118169
10000,103760
10000,89931
10000,103323
10000,81460
10000,94507
10000,86364
10000,92977
10000,101598
10000,85030
10000,82998
10000,111172
10000,77294
10000,116578
10000,83873
10000,84428
10000,79670
10000,85674
10000,121559
10000,79383
10000,97970
10000,103127
10000,87964
10000,85700
10000,79002
10000,105354
10000,102366
10000,85419
10000,79841
10000,106516
10000,97794
10000,94168
10000,106669
10000,112960
11000,95688
11000,117683
11000,102470
11000,134962
11000,103203
11000,118663
11000,98481
11000,108939
11000,97099
11000,119588
11000,139312
11000,107386
11000,116188
11000,103942
11000,108432
11000,111160
11000,95802
11000,107477
11000,129404
11000,115034
11000,92863
11000,91815
11000,123471
11000,93304
11000,105862
11000,101786
11000,134725
11000,98289
11000,116798
11000,104372
11000,93223
11000,85601
11000,94233
11000,98022
11000,138453
11000,133187
11000,124858
11000,90618
11000,100975
11000,98708
11000,103328
11000,94509
11000,85423
11000,101657
11000,103805
11000,101492
11000,115592
11000,97413
11000,96662
11000,98691
12000,114273
12000,119135
12000,139209
12000,105582
12000,108836
12000,162951
12000,111321
12000,105973
12000,109749
12000,128916
12000,110159
12000,101538
12000,95177
12000,106548
12000,109382
12000,120910
12000,93601
12000,115644
12000,115572
12000,118406
12000,135674
12000,104221
12000,111076
12000,109236
12000,125754
12000,99280
12000,132713
12000,106976
12000,114212
12000,101140
12000,122658
12000,139169
12000,117493
12000,102476
12000,102773
12000,124937
12000,106386
12000,104551
12000,117840
12000,109636
12000,111644
12000,119884
12000,144944
12000,124509
12000,113881
12000,111874
12000,126993
12000,112711
12000,118334
12000,104793
13000,139647
13000,133587
13000,116023
13000,143032
13000,129852
13000,152645
13000,129560
13000,104090
13000,147972
13000,126858
13000,137523
13000,145043
13000,133753
13000,116724
13000,179579
13000,128186
13000,125612
13000,159121
13000,126514
13000,121944
13000,156532
13000,114834
13000,115230
13000,126750
13000,149491
13000,132836
13000,176575
13000,120766
13000,115877
13000,154481
13000,111628
13000,129902
13000,131155
13000,125397
13000,150812
13000,132670
13000,117750
13000,111638
13000,148136
13000,120797
13000,126748
13000,119141
13000,107960
13000,128186
13000,128039
13000,148149
13000,117188
13000,131527
13000,104563
13000,124888
14000,142155
14000,125014
14000,154623
14000,131730
14000,184979
14000,136317
14000,160793
14000,156372
14000,154446
14000,118870
14000,131090
14000,137691
14000,131730
14000,150132
14000,123105
14000,211481
14000,125761
14000,160014
14000,135772
14000,173027
14000,124447
14000,126641
14000,139540
14000,143613
14000,128351
14000,132715
14000,150834
14000,173061
14000,120903
14000,120396
14000,128775
14000,131345
14000,126002
14000,123721
14000,144677
14000,141357
14000,138385
14000,134600
14000,145496
14000,124802
14000,131207
14000,150108
14000,131799
14000,142779
14000,148157
14000,149158
14000,148091
14000,142221
14000,149916
14000,151426
15000,147489
15000,147720
15000,138461
15000,146882
15000,140584
15000,129749
15000,175549
15000,133812
15000,147328
15000,140817
15000,151673
15000,155185
15000,178024
15000,148640
15000,152886
15000,228574
15000,136944
15000,214097
15000,156449
15000,139489
15000,170421
15000,136646
15000,129488
15000,145186
15000,155759
15000,175392
15000,163418
15000,133288
15000,135622
15000,173478
15000,120353
15000,149752
15000,136157
15000,150736
15000,140733
15000,157182
15000,202803
15000,147223
15000,161397
15000,150755
15000,142892
15000,139102
15000,146743
15000,152165
15000,145670
15000,127979
15000,141499
15000,165838
15000,144147
15000,137036
16000,163801
16000,159998
16000,155864
16000,132504
16000,205118
16000,164439
16000,154339
16000,154776
16000,159869
16000,152138
16000,152454
16000,137285
16000,166966
16000,166033
16000,151894
16000,169736
16000,144353
16000,152648
16000,160377
16000,173741
16000,165448
16000,161102
16000,158388
16000,142981
16000,171186
16000,164354
16000,225447
16000,142621
16000,156437
16000,202216
16000,179039
16000,162080
16000,189128
16000,169447
16000,175572
16000,158294
16000,143803
16000,177042
16000,146721
16000,308196
16000,143508
16000,190472
16000,161444
16000,146284
16000,148759
16000,163317
16000,162621
16000,152238
16000,152383
16000,180414
17000,193907
17000,151312
17000,154110
17000,137471
17000,221285
17000,173409
17000,190459
17000,189743
17000,216845
17000,162967
17000,224137
17000,169845
17000,141366
17000,147690
17000,169732
17000,184953
17000,148483
17000,183907
17000,157512
17000,145952
17000,174930
17000,153621
17000,166657
17000,203673
17000,200306
17000,163096
17000,158394
17000,151857
17000,171354
17000,176323
17000,172512
17000,184516
17000,174245
17000,171438
17000,220419
17000,147980
17000,167626
17000,154366
17000,152128
17000,173719
17000,193931
17000,199515
17000,152195
17000,175423
17000,156174
17000,156675
17000,164413
17000,153077
17000,141386
17000,163809
18000,167986
18000,186570
18000,157440
18000,183329
18000,183632
18000,166868
18000,189382
18000,162618
18000,166260
18000,186024
18000,159955
18000,169620
18000,194695
18000,236904
18000,208806
18000,183156
18000,158159
18000,165581
18000,176764
18000,182403
18000,178442
18000,203940
18000,164963
18000,170296
18000,178781
18000,196436
18000,200471
18000,241327
18000,165924
18000,183715
18000,204502
18000,158173
18000,191506
18000,191585
18000,192837
18000,173482
18000,195444
18000,202615
18000,162094
18000,172431
18000,189216
18000,188970
18000,205900
18000,173371
18000,194137
18000,185038
18000,175971
18000,199513
18000,190213
18000,173717
19000,203001
19000,163318
19000,197605
19000,171964
19000,220365
19000,189085
19000,216096
19000,286589
19000,161346
19000,206724
19000,177109
19000,181884
19000,183067
19000,201829
19000,232308
19000,213265
19000,202054
19000,204971
19000,165342
19000,195665
19000,201091
19000,246419
19000,191357
19000,188905
19000,172921
19000,178305
19000,226608
19000,234179
19000,179472
19000,199579
19000,211308
19000,197208
19000,161686
19000,187738
19000,173194
19000,195036
19000,179684
19000,190108
19000,173691
19000,300143
19000,173914
19000,243155
19000,213330
19000,206036
19000,174438
19000,175644
19000,213626
19000,203220
19000,209330
19000,194296
20000,221984
20000,191597
20000,235466
20000,256990
20000,241520
20000,210306
20000,250046
20000,204419
20000,202137
20000,206894
20000,211581
20000,224415
20000,190803
20000,217327
20000,191891
20000,234153
20000,210577
20000,231701
20000,224280
20000,203482
20000,213496
20000,179147
20000,190642
20000,233602
20000,203980
20000,239778
20000,178705
20000,207656
20000,206251
20000,258529
20000,201417
20000,214938
20000,212240
20000,223994
20000,182525
20000,210775
20000,215805
20000,213309
20000,224802
20000,190410
20000,195155
20000,268412
20000,218245
20000,185119
20000,224545
20000,215611
20000,200455
20000,168575
20000,210612
20000,186599
21000,192110
21000,215891
21000,179738
21000,223045
21000,191147
21000,237144
21000,247873
21000,223053
21000,200424
21000,206946
21000,185245
21000,251466
21000,187684
21000,224539
21000,203876
21000,193754
21000,198360
21000,210102
21000,221844
21000,202774
21000,260004
21000,217278
21000,184268
21000,279864
21000,249608
21000,212373
21000,235770
21000,200465
21000,200526
21000,201693
21000,254684
21000,249758
21000,251379
21000,238464
21000,231737
21000,261147
21000,242657
21000,235098
21000,254559
21000,198688
21000,247846
21000,217031
21000,329068
21000,219876
21000,196842
21000,217741
21000,218162
21000,196801
21000,223261
21000,284595
22000,198172
22000,218021
22000,282299
22000,256956
22000,230768
22000,273737
22000,225219
22000,265847
22000,222242
22000,304076
22000,240275
22000,267830
22000,216530
22000,233036
22000,210010
22000,282910
22000,191853
22000,236443
22000,201701
22000,243741
22000,234325
22000,243364
22000,268668
22000,243179
22000,266616
22000,228011
22000,209930
22000,278509
22000,209776
22000,240980
22000,247845
22000,202542
22000,194825
22000,246760
22000,250080
22000,270810
22000,208028
22000,230986
22000,221380
22000,211028
22000,253277
22000,250769
22000,222594
22000,249775
22000,242339
22000,210039
22000,224746
22000,250606
22000,257498
22000,210342
23000,213108
23000,238799
23000,246265
23000,231937
23000,227156
23000,248821
23000,330330
23000,267857
23000,215403
23000,240239
23000,270641
23000,272582
23000,230878
23000,217346
23000,268509
23000,264517
23000,235918
23000,265181
23000,208826
23000,297546
23000,263847
23000,270603
23000,243217
23000,283033
23000,230054
23000,278877
23000,286742
23000,223820
23000,234653
23000,237323
23000,225274
23000,241122
23000,235125
23000,305637
23000,383501
23000,248174
23000,292317
23000,217868
23000,270470
23000,273868
23000,201852
23000,265147
23000,251475
23000,263909
23000,260026
23000,222757
23000,208431
23000,253511
23000,336981
23000,229026
24000,247619
24000,312089
24000,241254
24000,347729
24000,272790
24000,291137
24000,313925
24000,249608
24000,234130
24000,225705
24000,236972
24000,265925
24000,241933
24000,218622
24000,273271
24000,240501
24000,303849
24000,305061
24000,239326
24000,237768
24000,238265
24000,283053
24000,222160
24000,248919
24000,259798
24000,250985
24000,286185
24000,231916
24000,296887
24000,202466
24000,241874
24000,267897
24000,238223
24000,282902
24000,260352
24000,270525
24000,319977
24000,243712
24000,215692
24000,263485
24000,253238
24000,258508
24000,246899
24000,249137
24000,240379
24000,265093
24000,259162
24000,233186
24000,253983
24000,238665
25000,274708
25000,318325
25000,264908
25000,229527
25000,287262
25000,253105
25000,267787
25000,240598
25000,316292
25000,292019
25000,228723
25000,294091
25000,256664
25000,239155
25000,268973
25000,243628
25000,268893
25000,251856
25000,228350
25000,344222
25000,258910
25000,252558
25000,320115
25000,289918
25000,260069
25000,296555
25000,280357
25000,287168
25000,265089
25000,350017
25000,244579
25000,287216
25000,246088
25000,274531
25000,272838
25000,287486
25000,305096
25000,259930
25000,285410
25000,274394
25000,245838
25000,261022
25000,267799
25000,238377
25000,250252
25000,269397
25000,281651
25000,250546
25000,241247
25000,249095
26000,288253
26000,367541
26000,259598
26000,282418
26000,262904
26000,334472
26000,259931
26000,261757
26000,322431
26000,245155
26000,275437
26000,285996
26000,319211
26000,337570
26000,254628
26000,385520
26000,229103
26000,239268
26000,256593
26000,299699
26000,278007
26000,303644
26000,297739
26000,232611
26000,277199
26000,288774
26000,268749
26000,231049
26000,283925
26000,271355
26000,353242
26000,243440
26000,267087
26000,304513
26000,286723
26000,272998
26000,245591
26000,276311
26000,252629
26000,269984
26000,302393
26000,293431
26000,268489
26000,280138
26000,220331
26000,454590
26000,306875
26000,296014
26000,287066
26000,264124
27000,249880
27000,309572
27000,307159
27000,355840
27000,260111
27000,269711
27000,269277
27000,231736
27000,291903
27000,264254
27000,261081
27000,284591
27000,257400
27000,298077
27000,279239
27000,279744
27000,320376
27000,359869
27000,312299
27000,311197
27000,279784
27000,314377
27000,271314
27000,251279
27000,267521
27000,303722
27000,293071
27000,287995
27000,261266
27000,323315
27000,295028
27000,278002
27000,255581
27000,233187
27000,262297
27000,236389
27000,290158
27000,245644
27000,375575
27000,345692
27000,239488
27000,302334
27000,281436
27000,269252
27000,287961
27000,309051
27000,429900
27000,295707
27000,276178
27000,255100
28000,267198
28000,246260
28000,306640
28000,319798
28000,300865
28000,299569
28000,317750
28000,323479
28000,267328
28000,268516
28000,260380
28000,281289
28000,263972
28000,304449
28000,384280
28000,358631
28000,354760
28000,321157
28000,301107
28000,261213
28000,257489
28000,280670
28000,270032
28000,257332
28000,271282
28000,258328
28000,282132
28000,349005
28000,290164
28000,400119
28000,307323
28000,298630
28000,391290
28000,340213
28000,375134
28000,306814
28000,278551
28000,319722
28000,258439
28000,311640
28000,312526
28000,287635
28000,296426
28000,305666
28000,284172
28000,270891
28000,362851
28000,324528
28000,302732
28000,313956
29000,375753
29000,333986
29000,302523
29000,315119
29000,278815
29000,339380
29000,371620
29000,308041
29000,322634
29000,379648
29000,292041
29000,283176
29000,352164
29000,268315
29000,329916
29000,319149
29000,253330
29000,279847
29000,326101
29000,306080
29000,306418
29000,284579
29000,307820
29000,287709
29000,280018
29000,391474
29000,317623
29000,311302
29000,327944
29000,314582
29000,347433
29000,256847
29000,306142
29000,288972
29000,302861
29000,314122
29000,297555
29000,403237
29000,321338
29000,349235
29000,302888
29000,257161
29000,333939
29000,270485
29000,321532
29000,313866
29000,397043
29000,359094
29000,325141
29000,260834
30000,367486
30000,310849
30000,330372
30000,377785
30000,364682
30000,291093
30000,340774
30000,325618
30000,343169
30000,316019
30000,306061
30000,282288
30000,321445
30000,298582
30000,300167
30000,312765
30000,388756
30000,279530
30000,327653
30000,352711
30000,333768
30000,275615
30000,357436
30000,305786
30000,305860
30000,357333
30000,306176
30000,305916
30000,371510
30000,371745
30000,364792
30000,325919
30000,298984
30000,286908
30000,376949
30000,375301
30000,371466
30000,301860
30000,280731
30000,362848
30000,339023
30000,307295
30000,342127
30000,407145
30000,297710
30000,327413
30000,303934
30000,314976
30000,406694
30000,303034
31000,282420
31000,377735
31000,327593
31000,332844
31000,294289
31000,348081
31000,301333
31000,338413
31000,275133
31000,340814
31000,393120
31000,361247
31000,325958
31000,346421
31000,392099
31000,405986
31000,365771
31000,326900
31000,316125
31000,378509
31000,362071
31000,304120
31000,356748
31000,299764
31000,300921
31000,299212
31000,322241
31000,279089
31000,313964
31000,359288
31000,349915
31000,315000
31000,324284
31000,341568
31000,359217
31000,303016
31000,361510
31000,334676
31000,299552
31000,335056
31000,340150
31000,426153
31000,336879
31000,349636
31000,275953
31000,348624
31000,281088
31000,387849
31000,385166
31000,293616
32000,393133
32000,318644
32000,326002
32000,319124
32000,440180
32000,319600
32000,345636
32000,400248
32000,439872
32000,315091
32000,382653
32000,349632
32000,414604
32000,376044
32000,368902
32000,324049
32000,375122
32000,322640
32000,340893
32000,325485
32000,297892
32000,314617
32000,353147
32000,388186
32000,321309
32000,365150
32000,360983
32000,315777
32000,329302
32000,292974
32000,337726
32000,382836
32000,308818
32000,307756
32000,345258
32000,400043
32000,458822
32000,353385
32000,317688
32000,364415
32000,395809
32000,279178
32000,339777
32000,353186
32000,328986
32000,326569
32000,430624
32000,344107
32000,361143
32000,376615
33000,339606
33000,372451
33000,361219
33000,329688
33000,353483
33000,373344
33000,428639
33000,370840
33000,384472
33000,311906
33000,397080
33000,345564
33000,332552
33000,290019
33000,397020
33000,415061
33000,321344
33000,459754
33000,418424
33000,390363
33000,362859
33000,368068
33000,353320
33000,315058
33000,352397
33000,405799
33000,313468
33000,331914
33000,320915
33000,380216
33000,415798
33000,409144
33000,352960
33000,559134
33000,412686
33000,302411
33000,342319
33000,331932
33000,329717
33000,327707
33000,319401
33000,392603
33000,346016
33000,394541
33000,355990
33000,456579
33000,312222
33000,356814
33000,337009
33000,358183
34000,321441
34000,371769
34000,358390
34000,374034
34000,432033
34000,317504
34000,365982
34000,397609
34000,347216
34000,376148
34000,312329
34000,376724
34000,382695
34000,341485
34000,370853
34000,356426
34000,346520
34000,318513
34000,336945
34000,344543
34000,353544
34000,425158
34000,350169
34000,403335
34000,403333
34000,338602
34000,476959
34000,433476
34000,427312
34000,396199
34000,390748
34000,300616
34000,342070
34000,390558
34000,358630
34000,332835
34000,476840
34000,373934
34000,402334
34000,367049
34000,343315
34000,396509
34000,440997
34000,348629
34000,382384
34000,383726
34000,439587
34000,501098
34000,407259
34000,398632
35000,479207
35000,437388
35000,369317
35000,340126
35000,377465
35000,440327
35000,350796
35000,326875
35000,341761
35000,375704
35000,356109
35000,336077
35000,362493
35000,397783
35000,434937
35000,425065
35000,300119
35000,405309
35000,367484
35000,411049
35000,450837
35000,347959
35000,434349
35000,316435
35000,370740
35000,378300
35000,375981
35000,503519
35000,364970
35000,359561
35000,377565
35000,382143
35000,329560
35000,411628
35000,356352
35000,362791
35000,414866
35000,352730
35000,328624
35000,387395
35000,395773
35000,327381
35000,363038
35000,365032
35000,363049
35000,318042
35000,466248
35000,384195
35000,358710
35000,385241
36000,364528
36000,406137
36000,440207
36000,422316
36000,376475
36000,392144
36000,388847
36000,471444
36000,440444
36000,417303
36000,462403
36000,365242
36000,407370
36000,332204
36000,416771
36000,520450
36000,419500
36000,418679
36000,421430
36000,369193
36000,389107
36000,448171
36000,419019
36000,414365
36000,403429
36000,346615
36000,436173
36000,352074
36000,389304
36000,354839
36000,455776
36000,459136
36000,452819
36000,416683
36000,398751
36000,444524
36000,443274
36000,371326
36000,422569
36000,398319
36000,408901
36000,453317
36000,420354
36000,387898
36000,371804
36000,379073
36000,381223
36000,459751
36000,391819
36000,343454
37000,356293
37000,393049
37000,361078
37000,392425
37000,359285
37000,374354
37000,397770
37000,441560
37000,416591
37000,416277
37000,334154
37000,384229
37000,497301
37000,344516
37000,367274
37000,413414
37000,437590
37000,426217
37000,343994
37000,350903
37000,450786
37000,369238
37000,360637
37000,396355
37000,390312
37000,389425
37000,392350
37000,512251
37000,454897
37000,347679
37000,438418
37000,348381
37000,433337
37000,485847
37000,471264
37000,396972
37000,402752
37000,448343
37000,396173
37000,392387
37000,385279
37000,416960
37000,380153
37000,350583
37000,388916
37000,432803
37000,423890
37000,431115
37000,378908
37000,469549
38000,378075
38000,378260
38000,383876
38000,370850
38000,406743
38000,401988
38000,372927
38000,393932
38000,430371
38000,364852
38000,376267
38000,388194
38000,398194
38000,407685
38000,459660
38000,443778
38000,386526
38000,427021
38000,455007
38000,415078
38000,414190
38000,410479
38000,405204
38000,371125
38000,384835
38000,446750
38000,371169
38000,346169
38000,376231
38000,428190
38000,365782
38000,428364
38000,348540
38000,418470
38000,328046
38000,380015
38000,452502
38000,429904
38000,410197
38000,471439
38000,353034
38000,470919
38000,514143
38000,441081
38000,385431
38000,424209
38000,440277
38000,397590
38000,441247
38000,382867
39000,389949
39000,389742
39000,359948
39000,403013
39000,467075
39000,589515
39000,524584
39000,468402
39000,447560
39000,541056
39000,433658
39000,459040
39000,381929
39000,425982
39000,396503
39000,551462
39000,373376
39000,404341
39000,462435
39000,404414
39000,487572
39000,544188
39000,429302
39000,544949
39000,434764
39000,455808
39000,416008
39000,456908
39000,372854
39000,423752
39000,507011
39000,505060
39000,397913
39000,415150
39000,440239
39000,517814
39000,496316
39000,423464
39000,460827
39000,472203
39000,446139
39000,441385
39000,399132
39000,431036
39000,398320
39000,443989
39000,522244
39000,466709
39000,503598
39000,415172
40000,430139
40000,455191
40000,400113
40000,398485
40000,430287
40000,426720
40000,430860
40000,432762
40000,477494
40000,409705
40000,507853
40000,368552
40000,407078
40000,436667
40000,389002
40000,432723
40000,548489
40000,429636
40000,435344
40000,472499
40000,443740
40000,421311
40000,415786
40000,406605
40000,404003
40000,401297
40000,453311
40000,384624
40000,360572
40000,358658
40000,404082
40000,585015
40000,379409
40000,408703
40000,480225
40000,438607
40000,401141
40000,440343
40000,402628
40000,467882
40000,471345
40000,503388
40000,468424
40000,427582
40000,440220
40000,416796
40000,400290
40000,415197
40000,441015
40000,424697
41000,474495
41000,502577
41000,536819
41000,449014
41000,505414
41000,448347
41000,486641
41000,505251
41000,516371
41000,460082
41000,413178
41000,429129
41000,421818
41000,475913
41000,423043
41000,402050
41000,487490
41000,469401
41000,418338
41000,477782
41000,399484
41000,419149
41000,463981
41000,432506
41000,434495
41000,493478
41000,559413
41000,547470
41000,439175
41000,444350
41000,461373
41000,457780
41000,413835
41000,498498
41000,528834
41000,492195
41000,433987
41000,384867
41000,461830
41000,548062
41000,524645
41000,410909
41000,436828
41000,454912
41000,424086
41000,477487
41000,508853
41000,429597
41000,484164
41000,546877
42000,478591
42000,460678
42000,554136
42000,464584
42000,516633
42000,490694
42000,510850
42000,424296
42000,467243
42000,483254
42000,566089
42000,545603
42000,502683
42000,453731
42000,432139
42000,508075
42000,442133
42000,476985
42000,452899
42000,389963
42000,424611
42000,452298
42000,519055
42000,405268
42000,491816
42000,430035
42000,400349
42000,444399
42000,474116
42000,505326
42000,525901
42000,481491
42000,483260
42000,426521
42000,434386
42000,456587
42000,451270
42000,418044
42000,574170
42000,435806
42000,433959
42000,447687
42000,422977
42000,429134
42000,451899
42000,450573
42000,500382
42000,409995
42000,458672
42000,475311
43000,408546
43000,596395
43000,474412
43000,553813
43000,488133
43000,440389
43000,415968
43000,559929
43000,466141
43000,628386
43000,454380
43000,466228
43000,439317
43000,457877
43000,549741
43000,463664
43000,490344
43000,458854
43000,529408
43000,503903
43000,433820
43000,400561
43000,534113
43000,423108
43000,496147
43000,438783
43000,461217
43000,494386
43000,529243
43000,540704
43000,439804
43000,440034
43000,529350
43000,447855
43000,455130
43000,393405
43000,457925
43000,505570
43000,438819
43000,710750
43000,501646
43000,452444
43000,528953
43000,452615
43000,415886
43000,467691
43000,478276
43000,502585
43000,520049
43000,592378
44000,484864
44000,453272
44000,420465
44000,465647
44000,579963
44000,543910
44000,417727
44000,508948
44000,474248
44000,396818
44000,500853
44000,514574
44000,458819
44000,486837
44000,495126
44000,457231
44000,585901
44000,471874
44000,528376
44000,457723
44000,440910
44000,532178
44000,419366
44000,474922
44000,477234
44000,428327
44000,547760
44000,471308
44000,566190
44000,529458
44000,545678
44000,470793
44000,563818
44000,493042
44000,441412
44000,450548
44000,717838
44000,697412
44000,491617
44000,488483
44000,561986
44000,482665
44000,500764
44000,520956
44000,450861
44000,417193
44000,424836
44000,563521
44000,524990
44000,455460
45000,498288
45000,490674
45000,562364
45000,482914
45000,458423
45000,640458
45000,539325
45000,479025
45000,441758
45000,542336
45000,457769
45000,450693
45000,566654
45000,487482
45000,465277
45000,441700
45000,502759
45000,568133
45000,446913
45000,485770
45000,449116
45000,450431
45000,514761
45000,535516
45000,456837
45000,474893
45000,565171
45000,564383
45000,419715
45000,503098
45000,542459
45000,537689
45000,462404
45000,488264
45000,430787
45000,473868
45000,591846
45000,411281
45000,604747
45000,457803
45000,596325
45000,524131
45000,536825
45000,439276
45000,452306
45000,480068
45000,524166
45000,666291
45000,478789
45000,459595
46000,475137
46000,554116
46000,804128
46000,476457
46000,564998
46000,438110
46000,727283
46000,513005
46000,498222
46000,542646
46000,555154
46000,558897
46000,465310
46000,566560
46000,519008
46000,493808
46000,524477
46000,487215
46000,633712
46000,465055
46000,638067
46000,532796
46000,484690
46000,447469
46000,516329
46000,490305
46000,525245
46000,486484
46000,558336
46000,526736
46000,637014
46000,782975
46000,449763
46000,538990
46000,556201
46000,457172
46000,593971
46000,562239
46000,548610
46000,557152
46000,518948
46000,553374
46000,619486
46000,544120
46000,516879
46000,547043
46000,587368
46000,551029
46000,519166
46000,516880
47000,486252
47000,494001
47000,604263
47000,521899
47000,551412
47000,576720
47000,536269
47000,585375
47000,540461
47000,529253
47000,491698
47000,534285
47000,498593
47000,640802
47000,534135
47000,569431
47000,511767
47000,561646
47000,677547
47000,440508
47000,534427
47000,505318
47000,650197
47000,462603
47000,478937
47000,579808
47000,507603
47000,543070
47000,497627
47000,507681
47000,478721
47000,572809
47000,472778
47000,639196
47000,505398
47000,508411
47000,494566
47000,521725
47000,666479
47000,513214
47000,534728
47000,590725
47000,473285
47000,542554
47000,532890
47000,561574
47000,522485
47000,494814
47000,492731
47000,539415
48000,491158
48000,559018
48000,643675
48000,716736
48000,543973
48000,554072
48000,569555
48000,592250
48000,551433
48000,554888
48000,499024
48000,492540
48000,516336
48000,784995
48000,566616
48000,553043
48000,567378
48000,578805
48000,596018
48000,511607
48000,482228
48000,504608
48000,585476
48000,586189
48000,510730
48000,597584
48000,493039
48000,522848
48000,503680
48000,475663
48000,561178
48000,478474
48000,587380
48000,741896
48000,649571
48000,634626
48000,466793
48000,499934
48000,487758
48000,653741
48000,481307
48000,482834
48000,521169
48000,617274
48000,539979
48000,657316
48000,517343
48000,500333
48000,629470
48000,544558
49000,575171
49000,486033
49000,538267
49000,513948
49000,467407
49000,523383
49000,521821
49000,530502
49000,521582
49000,577865
49000,473354
49000,538241
49000,538010
49000,522032
49000,589143
49000,638639
49000,497471
49000,498793
49000,558696
49000,568292
49000,540485
49000,500357
49000,576294
49000,511095
49000,588969
49000,637923
49000,508141
49000,497040
49000,635242
49000,570603
49000,543896
49000,582645
49000,597180
49000,569020
49000,490442
49000,584187
49000,575561
49000,529111
49000,480155
49000,535639
49000,503344
49000,646302
49000,565956
49000,552976
49000,480980
49000,542630
49000,606920
49000,552077
49000,615082
49000,590847
50000,516843
50000,633305
50000,593342
50000,534974
50000,622186
50000,511179
50000,597599
50000,602972
50000,626955
50000,592108
50000,645059
50000,548258
50000,524485
50000,689265
50000,470697
50000,513095
50000,513214
50000,549446
50000,565841
50000,601329
50000,500759
50000,559774
50000,571081
50000,488182
50000,539448
50000,735947
50000,586280
50000,502718
50000,700901
50000,501684
50000,702797
50000,499616
50000,652401
50000,601276
50000,552946
50000,573999
50000,525209
50000,726368
50000,476666
50000,646993
50000,564681
50000,644215
50000,499579
50000,603793
50000,575937
50000,505700
50000,548018
50000,549786
50000,564671
50000,612020
51000,527998
51000,608783
51000,561185
51000,567379
51000,580754
51000,508039
51000,500409
51000,647051
51000,513464
51000,556664
51000,528421
51000,573372
51000,571494
51000,494173
51000,513845
51000,515374
51000,544397
51000,609215
51000,685202
51000,651127
51000,544814
51000,536377
51000,603058
51000,535666
51000,572808
51000,553197
51000,491715
51000,531611
51000,574901
51000,549766
51000,482853
51000,780022
51000,607253
51000,499142
51000,778175
51000,546364
51000,568497
51000,641720
51000,631390
51000,595239
51000,532141
51000,647973
51000,553556
51000,535088
51000,484503
51000,534755
51000,555712
51000,542972
51000,632786
51000,514180
52000,563604
52000,535087
52000,492293
52000,538087
52000,517624
52000,518658
52000,555184
52000,551323
52000,525173
52000,521524
52000,553235
52000,827281
52000,486421
52000,577024
52000,659740
52000,577247
52000,527166
52000,575404
52000,675679
52000,564927
52000,673583
52000,503854
52000,604825
52000,503793
52000,596453
52000,760235
52000,709425
52000,550291
52000,554460
52000,593181
52000,665753
52000,671738
52000,509460
52000,572383
52000,594183
52000,548631
52000,596330
52000,646650
52000,559592
52000,564380
52000,609485
52000,490634
52000,517860
52000,654040
52000,585299
52000,512083
52000,714475
52000,623316
52000,537887
52000,578980
53000,572848
53000,617866
53000,693943
53000,672959
53000,528488
53000,582171
53000,580385
53000,568012
53000,700148
53000,520909
53000,646087
53000,542714
53000,614846
53000,643873
53000,601934
53000,570167
53000,691849
53000,533236
53000,663790
53000,819753
53000,645509
53000,546065
53000,582533
53000,584184
53000,662191
53000,730847
53000,579232
53000,512200
53000,576274
53000,688546
53000,673821
53000,681973
53000,734110
53000,557727
53000,581197
53000,559309
53000,667591
53000,647848
53000,525388
53000,544273
53000,819734
53000,616927
53000,602843
53000,730634
53000,541788
53000,606608
53000,598621
53000,526185
53000,557116
53000,636094
54000,574682
54000,640380
54000,590053
54000,621838
54000,506325
54000,688071
54000,644653
54000,638944
54000,599115
54000,571105
54000,580904
54000,645709
54000,605249
54000,613709
54000,563121
54000,539526
54000,607208
54000,634949
54000,608362
54000,694817
54000,599098
54000,611691
54000,675187
54000,568825
54000,544508
54000,590287
54000,696327
54000,647903
54000,574693
54000,542411
54000,572452
54000,589743
54000,755221
54000,623688
54000,599014
54000,561402
54000,593226
54000,560504
54000,528562
54000,604773
54000,677672
54000,690587
54000,571538
54000,687005
54000,690904
54000,537334
54000,582141
54000,653564
54000,619830
54000,578700
55000,545573
55000,615272
55000,536223
55000,638580
55000,533620
55000,572718
55000,635444
55000,590653
55000,652486
55000,558632
55000,641980
55000,608040
55000,645949
55000,541351
55000,629405
55000,586100
55000,678340
55000,543710
55000,609269
55000,695376
55000,658554
55000,564726
55000,544146
55000,614273
55000,766491
55000,572613
55000,854008
55000,530720
55000,543659
55000,570511
55000,593720
55000,551742
55000,556130
55000,602856
55000,625416
55000,609859
55000,619748
55000,596858
55000,668158
55000,871217
55000,558351
55000,636616
55000,568442
55000,646597
55000,620413
55000,574702
55000,645185
55000,584249
55000,717083
55000,626937
56000,577368
56000,620093
56000,587027
56000,706655
56000,601847
56000,614482
56000,563766
56000,645836
56000,608943
56000,821757
56000,587394
56000,585041
56000,574869
56000,546715
56000,668109
56000,580348
56000,733228
56000,818987
56000,691824
56000,545052
56000,603517
56000,659918
56000,610092
56000,586320
56000,559450
56000,712630
56000,592891
56000,598266
56000,658243
56000,666269
56000,727801
56000,706334
56000,577405
56000,698451
56000,605798
56000,724619
56000,567926
56000,582447
56000,642133
56000,687387
56000,561543
56000,631736
56000,633341
56000,684617
56000,743749
56000,929418
56000,651652
56000,589030
56000,644652
56000,561316
57000,643748
57000,699743
57000,628440
57000,621456
57000,603063
57000,651481
57000,562767
57000,638956
57000,668069
57000,598325
57000,759856
57000,746251
57000,584305
57000,642663
57000,713316
57000,664561
57000,568958
57000,710146
57000,709037
57000,715067
57000,714327
57000,649725
57000,684038
57000,725450
57000,673434
57000,633498
57000,698526
57000,617977
57000,616736
57000,651860
57000,692569
57000,663080
57000,661158
57000,602668
57000,660406
57000,568936
57000,548620
57000,616009
57000,621453
57000,636737
57000,580342
57000,634057
57000,577395
57000,672839
57000,604412
57000,629995
57000,635564
57000,917669
57000,796518
57000,633080
58000,627072
58000,838570
58000,670395
58000,799111
58000,594715
58000,536205
58000,585856
58000,819803
58000,668570
58000,601099
58000,560177
58000,605184
58000,657685
58000,740834
58000,698892
58000,604264
58000,740514
58000,654665
58000,647964
58000,1013664
58000,674135
58000,757149
58000,636506
58000,585019
58000,539754
58000,765119
58000,652552
58000,634008
58000,715033
58000,662681
58000,805849
58000,608629
58000,629379
58000,661898
58000,734191
58000,645728
58000,632829
58000,771467
58000,588027
58000,674117
58000,693216
58000,658468
58000,635670
58000,666644
58000,719855
58000,633282
58000,718594
58000,570327
58000,597580
58000,591174
59000,650283
59000,800976
59000,722474
59000,625038
59000,707989
59000,579848
59000,655889
59000,702068
59000,613480
59000,753111
59000,676295
59000,640377
59000,588952
59000,683509
59000,773059
59000,692974
59000,718975
59000,663434
59000,693006
59000,624245
59000,759854
59000,656501
59000,669885
59000,616799
59000,650749
59000,689481
59000,765721
59000,659202
59000,722742
59000,680859
59000,603598
59000,718914
59000,612580
59000,649702
59000,709562
59000,591164
59000,848432
59000,885731
59000,576634
59000,610013
59000,608755
59000,713221
59000,729276
59000,624313
59000,720352
59000,603907
59000,675790
59000,746153
59000,604309
59000,658490
60000,660103
60000,783787
60000,768796
60000,810833
60000,593650
60000,679306
60000,643388
60000,697288
60000,618704
60000,640851
60000,636779
60000,754480
60000,695022
60000,687705
60000,640153
60000,692897
60000,571204
60000,758722
60000,788587
60000,592054
60000,666603
60000,759020
60000,686647
60000,726291
60000,618257
60000,876455
60000,718141
60000,607494
60000,790919
60000,805441
60000,902696
60000,728817
60000,800976
60000,755527
60000,879333
60000,673102
60000,796444
60000,685970
60000,622980
60000,606184
60000,795384
60000,647665
60000,675605
60000,716054
60000,634792
60000,601250
60000,612006
60000,580001
60000,568442
60000,727323
61000,679389
61000,826362
61000,666354
61000,841698
61000,688056
61000,780527
61000,919251
61000,683725
61000,542355
61000,791911
61000,692871
61000,703656
61000,654293
61000,667552
61000,658886
61000,674078
61000,728351
61000,677091
61000,694023
61000,768169
61000,557273
61000,710470
61000,750354
61000,670600
61000,640300
61000,615024
61000,1043969
61000,690441
61000,697275
61000,785632
61000,760438
61000,789572
61000,801117
61000,711406
61000,637118
61000,661905
61000,603306
61000,642743
61000,787059
61000,683345
61000,738187
61000,626439
61000,679756
61000,732870
61000,621324
61000,732166
61000,807806
61000,642414
61000,645796
61000,645232
62000,806546
62000,675215
62000,705668
62000,691201
62000,705953
62000,691017
62000,701025
62000,642024
62000,738947
62000,660227
62000,622709
62000,607615
62000,800255
62000,717029
62000,667236
62000,629507
62000,728730
62000,713198
62000,757330
62000,732382
62000,687757
62000,633846
62000,857034
62000,744781
62000,590455
62000,819675
62000,688777
62000,773625
62000,719491
62000,709797
62000,751056
62000,729653
62000,686686
62000,751437
62000,821809
62000,592957
62000,636666
62000,635640
62000,742383
62000,689518
62000,696293
62000,647259
62000,828674
62000,661407
62000,761409
62000,816086
62000,656758
62000,783533
62000,742926
62000,789451
63000,784597
63000,688870
63000,730611
63000,893121
63000,675184
63000,655659
63000,759365
63000,764388
63000,685821
63000,687423
63000,669939
63000,727019
63000,720449
63000,661981
63000,792495
63000,734658
63000,737575
63000,806785
63000,720729
63000,749554
63000,686502
63000,665036
63000,790045
63000,859164
63000,756434
63000,773556
63000,843794
63000,695820
63000,683231
63000,770896
63000,656005
63000,764990
63000,796492
63000,704333
63000,694715
63000,698989
63000,636829
63000,827376
63000,781771
63000,712493
63000,657741
63000,959439
63000,672368
63000,811012
63000,851855
63000,712372
63000,773452
63000,734076
63000,717043
63000,706713
64000,837500
64000,685494
64000,690974
64000,824156
64000,740388
64000,693266
64000,677942
64000,770212
64000,766618
64000,711598
64000,821436
64000,1033469
64000,818111
64000,788073
64000,723232
64000,831028
64000,761314
64000,780753
64000,808220
64000,735094
64000,736711
64000,672253
64000,735801
64000,851057
64000,732432
64000,751039
64000,904892
64000,772687
64000,662594
64000,649945
64000,826685
64000,705729
64000,621296
64000,690189
64000,719702
64000,763302
64000,836798
64000,647686
64000,682472
64000,698984
64000,766296
64000,754201
64000,624132
64000,628145
64000,889665
64000,659912
64000,653546
64000,758538
64000,789560
64000,618753
65000,748086
65000,680780
65000,807154
65000,742282
65000,759289
65000,698784
65000,640199
65000,697866
65000,715533
65000,987687
65000,686719
65000,771299
65000,885261
65000,794778
65000,661940
65000,711703
65000,777244
65000,706562
65000,720876
65000,739408
65000,672931
65000,688311
65000,693771
65000,778522
65000,704608
65000,730240
65000,648119
65000,763270
65000,805860
65000,908919
65000,845184
65000,902040
65000,725356
65000,742141
65000,680944
65000,1052785
65000,716707
65000,1071096
65000,698035
65000,828042
65000,927911
65000,702625
65000,740727
65000,783749
65000,817058
65000,892129
65000,608330
65000,641618
65000,781796
65000,765870
66000,748840
66000,713611
66000,659359
66000,671325
66000,826365
66000,727019
66000,869011
66000,751069
66000,719847
66000,858184
66000,769107
66000,738017
66000,735969
66000,796388
66000,733232
66000,704329
66000,665769
66000,794339
66000,901188
66000,803980
66000,712916
66000,655752
66000,775308
66000,698487
66000,774912
66000,654079
66000,803482
66000,728791
66000,702863
66000,848221
66000,711090
66000,732542
66000,767726
66000,681915
66000,957855
66000,788007
66000,766082
66000,782629
66000,704282
66000,723634
66000,717071
66000,650990
66000,775162
66000,709433
66000,872280
66000,809348
66000,721164
66000,750933
66000,797742
66000,761657
67000,1083303
67000,740146
67000,854698
67000,728156
67000,885860
67000,757574
67000,731481
67000,851389
67000,817773
67000,730690
67000,732115
67000,736965
67000,660381
67000,686218
67000,703483
67000,712672
67000,855474
67000,754099
67000,1019038
67000,719121
67000,751276
67000,674564
67000,871341
67000,895709
67000,695192
67000,857778
67000,845560
67000,679865
67000,689610
67000,882780
67000,848199
67000,650789
67000,867419
67000,775504
67000,639738
67000,829832
67000,880221
67000,695103
67000,804750
67000,711291
67000,762315
67000,760619
67000,933216
67000,831748
67000,798034
67000,788510
67000,788724
67000,685170
67000,701386
67000,803611
68000,743332
68000,806076
68000,752992
68000,663543
68000,850401
68000,875721
68000,781706
68000,874269
68000,829273
68000,1007502
68000,894736
68000,779647
68000,838444
68000,756856
68000,856429
68000,814377
68000,878342
68000,829244
68000,797070
68000,773467
68000,1010179
68000,703605
68000,701008
68000,918310
68000,897600
68000,815608
68000,770333
68000,670330
68000,690356
68000,811878
68000,653410
68000,818999
68000,921132
68000,811915
68000,906224
68000,734315
68000,961366
68000,938500
68000,906367
68000,861609
68000,977516
68000,668981
68000,954792
68000,699812
68000,819985
68000,916178
68000,862955
68000,781237
68000,673303
68000,817416
69000,895456
69000,783861
69000,777879
69000,964388
69000,835556
69000,1079414
69000,784468
69000,767004
69000,984861
69000,799906
69000,770197
69000,784998
69000,836144
69000,735718
69000,798328
69000,992005
69000,693097
69000,697775
69000,703909
69000,796922
69000,868434
69000,794277
69000,775947
69000,721687
69000,681343
69000,853006
69000,817651
69000,825922
69000,787077
69000,783244
69000,712150
69000,729181
69000,799990
69000,739864
69000,722792
69000,665755
69000,775917
69000,771376
69000,839018
69000,765063
69000,741518
69000,891762
69000,845765
69000,812720
69000,746125
69000,801999
69000,855089
69000,814651
69000,733922
69000,795043
70000,721924
70000,765426
70000,769431
70000,726838
70000,792676
70000,786836
70000,750292
70000,738410
70000,1011741
70000,908612
70000,774820
70000,932353
70000,800047
70000,864389
70000,741019
70000,794838
70000,832571
70000,782117
70000,931637
70000,760559
70000,805283
70000,731934
70000,851205
70000,891351
70000,793412
70000,782486
70000,886628
70000,887319
70000,779622
70000,766809
70000,839462
70000,760185
70000,833595
70000,918804
70000,921665
70000,795862
70000,855398
70000,829502
70000,744933
70000,899553
70000,861737
70000,809662
70000,945304
70000,938166
70000,860180
70000,1064853
70000,775505
70000,842000
70000,974787
70000,789929
71000,900748
71000,985687
71000,839385
71000,814898
71000,782160
71000,825054
71000,878567
71000,737955
71000,936276
71000,905448
71000,736296
71000,835428
71000,780437
71000,846991
71000,867164
71000,801400
71000,905230
71000,821364
71000,862825
71000,774787
71000,783755
71000,814855
71000,770420
71000,819249
71000,1013946
71000,847080
71000,767104
71000,833386
71000,857001
71000,954347
71000,793862
71000,821539
71000,828550
71000,728745
71000,706562
71000,793810
71000,955540
71000,797958
71000,884496
71000,946529
71000,845012
71000,836143
71000,742253
71000,827245
71000,867128
71000,718385
71000,885339
71000,695583
71000,866261
71000,823109
72000,788350
72000,926079
72000,767044
72000,965721
72000,846359
72000,837284
72000,786297
72000,779038
72000,724208
72000,695797
72000,915886
72000,801457
72000,766916
72000,801742
72000,805526
72000,830097
72000,786752
72000,853670
72000,749072
72000,855062
72000,926757
72000,727321
72000,935973
72000,817811
72000,739747
72000,814346
72000,715547
72000,804486
72000,880990
72000,792290
72000,802901
72000,918550
72000,779096
72000,847322
72000,838557
72000,847186
72000,804106
72000,830902
72000,758495
72000,729369
72000,1075630
72000,917753
72000,1036362
72000,806442
72000,769499
72000,862112
72000,865494
72000,1057446
72000,836623
72000,763045
73000,972938
73000,838570
73000,917411
73000,925828
73000,845118
73000,748204
73000,742604
73000,793285
73000,808236
73000,867175
73000,769556
73000,850705
73000,794214
73000,878037
73000,741528
73000,865493
73000,887058
73000,727877
73000,944194
73000,752126
73000,753430
73000,756460
73000,932707
73000,769512
73000,847001
73000,927781
73000,873438
73000,861235
73000,778918
73000,934214
73000,871131
73000,778923
73000,997146
73000,809675
73000,788456
73000,788496
73000,798661
73000,770866
73000,831078
73000,838897
73000,906178
73000,757029
73000,804343
73000,817141
73000,813866
73000,722209
73000,785623
73000,1004231
73000,765709
73000,724170
74000,947127
74000,724679
74000,834319
74000,898555
74000,832237
74000,876937
74000,807806
74000,835649
74000,748318
74000,787049
74000,888714
74000,969054
74000,855571
74000,859134
74000,852166
74000,852941
74000,809511
74000,882337
74000,792969
74000,867505
74000,775333
74000,813322
74000,803297
74000,921165
74000,899052
74000,792155
74000,796813
74000,924719
74000,831810
74000,834521
74000,1055938
74000,796595
74000,948096
74000,948632
74000,777773
74000,811014
74000,841832
74000,837663
74000,873007
74000,766690
74000,947341
74000,965025
74000,902814
74000,827183
74000,829387
74000,890240
74000,854723
74000,783955
74000,860198
74000,714710
75000,869738
75000,865585
75000,825676
75000,834537
75000,825538
75000,817236
75000,770889
75000,904945
75000,920773
75000,764573
75000,828800
75000,887304
75000,948340
75000,888778
75000,1000926
75000,891107
75000,963618
75000,834709
75000,1035379
75000,908974
75000,899779
75000,784223
75000,923004
75000,949882
75000,834484
75000,905085
75000,1008184
75000,858987
75000,843633
75000,904817
75000,804413
75000,821312
75000,1007750
75000,800834
75000,1045733
75000,851042
75000,975567
75000,885459
75000,1070397
75000,725693
75000,860505
75000,943589
75000,803840
75000,800739
75000,922093
75000,1295864
75000,828246
75000,789829
75000,898198
75000,962070
76000,819408
76000,840216
76000,857649
76000,850949
76000,835055
76000,866581
76000,944595
76000,961362
76000,866349
76000,981327
76000,890430
76000,841320
76000,965760
76000,873317
76000,827098
76000,879399
76000,853889
76000,861761
76000,935196
76000,890199
76000,841651
76000,768768
76000,936165
76000,870791
76000,1014316
76000,862949
76000,850658
76000,852658
76000,900407
76000,1359036
76000,823803
76000,870327
76000,849489
76000,852511
76000,839757
76000,934495
76000,730267
76000,871137
76000,862472
76000,848864
76000,863953
76000,849976
76000,900395
76000,879826
76000,1118950
76000,977357
76000,835599
76000,789770
76000,786237
76000,884091
77000,907761
77000,971488
77000,856678
77000,853065
77000,829742
77000,914615
77000,1030456
77000,864098
77000,889753
77000,898511
77000,852877
77000,781309
77000,892742
77000,940153
77000,911554
77000,858943
77000,973005
77000,902380
77000,798232
77000,785838
77000,869101
77000,975182
77000,888090
77000,906110
77000,825440
77000,933602
77000,799769
77000,857739
77000,936205
77000,983999
77000,883068
77000,1221586
77000,788633
77000,957102
77000,851850
77000,843233
77000,810755
77000,1119962
77000,816086
77000,982575
77000,909429
77000,846982
77000,932339
77000,916326
77000,923200
77000,1054203
77000,945289
77000,953990
77000,1200272
77000,928852
78000,901006
78000,856839
78000,878200
78000,1073234
78000,812739
78000,1035466
78000,970521
78000,834266
78000,966317
78000,902263
78000,921724
78000,1090189
78000,872799
78000,844455
78000,951395
78000,843126
78000,833955
78000,886529
78000,1318139
78000,911629
78000,1158135
78000,992616
78000,986895
78000,932859
78000,929376
78000,985349
78000,871479
78000,1078693
78000,1056522
78000,767640
78000,823996
78000,989423
78000,791323
78000,781772
78000,922121
78000,877469
78000,859548
78000,850454
78000,822004
78000,857589
78000,963073
78000,947232
78000,1044424
78000,882593
78000,780394
78000,860983
78000,960791
78000,944363
78000,858033
78000,795531
79000,762672
79000,1023262
79000,823792
79000,1016150
79000,815995
79000,825829
79000,880454
79000,946760
79000,895674
79000,1109251
79000,957527
79000,878441
79000,876565
79000,932682
79000,990362
79000,938418
79000,819940
79000,935317
79000,1071229
79000,1026307
79000,864062
79000,1161979
79000,901941
79000,834642
79000,1272048
79000,971243
79000,1071973
79000,950047
79000,1159049
79000,904310
79000,980978
79000,1144053
79000,836309
79000,901505
79000,823427
79000,932713
79000,858611
79000,787181
79000,1042762
79000,1007915
79000,928433
79000,934785
79000,942311
79000,801363
79000,901196
79000,892305
79000,794046
79000,901329
79000,974980
79000,823873
80000,978770
80000,1015315
80000,853864
80000,984254
80000,869851
80000,856150
80000,908938
80000,929734
80000,981984
80000,916209
80000,907886
80000,855911
80000,977813
80000,1026203
80000,841847
80000,960078
80000,883628
80000,964214
80000,936854
80000,1096892
80000,1091055
80000,1032633
80000,980358
80000,961165
80000,817909
80000,952430
80000,856657
80000,922082
80000,908397
80000,952661
80000,1052318
80000,856744
80000,915591
80000,919951
80000,865192
80000,837988
80000,883733
80000,851319
80000,947698
80000,847623
80000,969296
80000,1063935
80000,1084314
80000,914993
80000,1008989
80000,833105
80000,822057
80000,1135534
80000,1150506
80000,905689
81000,937909
81000,903771
81000,893251
81000,959957
81000,937973
81000,963990
81000,885282
81000,957637
81000,1019658
81000,934367
81000,1127535
81000,1014855
81000,764725
81000,897135
81000,1446972
81000,938046
81000,851961
81000,929656
81000,891284
81000,896561
81000,787507
81000,1114416
81000,1310743
81000,1056095
81000,812424
81000,884975
81000,968688
81000,989382
81000,1131636
81000,1076012
81000,965422
81000,1109369
81000,1317616
81000,836102
81000,1009756
81000,924774
81000,951844
81000,925164
81000,1040457
81000,1016048
81000,992416
81000,927945
81000,1063291
81000,984515
81000,1103082
81000,897019
81000,933055
81000,915030
81000,909096
81000,1084025
82000,907615
82000,883623
82000,1103179
82000,894254
82000,1041232
82000,1019028
82000,973906
82000,882975
82000,1195097
82000,920259
82000,963646
82000,1001324
82000,962926
82000,1004737
82000,1132380
82000,821347
82000,969334
82000,898183
82000,1148050
82000,1041293
82000,905380
82000,944288
82000,955040
82000,978221
82000,1094828
82000,959203
82000,984740
82000,865378
82000,870811
82000,937393
82000,934688
82000,854128
82000,1049620
82000,915464
82000,1071524
82000,996680
82000,1145364
82000,946090
82000,1101946
82000,1021569
82000,939969
82000,924145
82000,1140087
82000,998780
82000,1001557
82000,1004630
82000,1034240
82000,844083
82000,1040793
82000,842675
83000,970718
83000,894904
83000,876777
83000,868525
83000,1192972
83000,1041735
83000,883588
83000,874596
83000,1012099
83000,939052
83000,1022986
83000,945012
83000,895403
83000,906574
83000,852757
83000,1016707
83000,1149920
83000,933341
83000,943163
83000,1071730
83000,934602
83000,950366
83000,1126613
83000,1006338
83000,1129060
83000,1049055
83000,1049234
83000,1383254
83000,943284
83000,961348
83000,966952
83000,1043036
83000,910122
83000,1038049
83000,1109006
83000,947168
83000,1044804
83000,1018278
83000,1095171
83000,1008187
83000,1059984
83000,993304
83000,900420
83000,985777
83000,838481
83000,911291
83000,825959
83000,1047581
83000,1157917
83000,959556
84000,842522
84000,1308384
84000,1027465
84000,1077238
84000,1089878
84000,877501
84000,928805
84000,1029872
84000,1011635
84000,939620
84000,1079320
84000,1002843
84000,883273
84000,1065750
84000,1123890
84000,945961
84000,1199901
84000,930088
84000,925086
84000,1278847
84000,944918
84000,844297
84000,998540
84000,1025678
84000,824243
84000,996071
84000,1096133
84000,990271
84000,1001091
84000,1005049
84000,1321738
84000,841206
84000,997545
84000,1093663
84000,884080
84000,888289
84000,810764
84000,847484
84000,861371
84000,1116732
84000,1020958
84000,978301
84000,977611
84000,900319
84000,1095534
84000,1058104
84000,1234942
84000,1054902
84000,1054397
84000,933553
85000,920236
85000,1537227
85000,1150050
85000,905679
85000,1099639
85000,1008429
85000,1161966
85000,1088701
85000,1067646
85000,921910
85000,976492
85000,1144828
85000,1038525
85000,1123875
85000,894656
85000,875655
85000,1011691
85000,865076
85000,951260
85000,1042318
85000,935244
85000,899794
85000,961992
85000,1012941
85000,874084
85000,926149
85000,1169522
85000,1061714
85000,1053762
85000,1270490
85000,967294
85000,1004604
85000,849736
85000,1079489
85000,1066890
85000,924305
85000,1042732
85000,1024658
85000,1019746
85000,1032916
85000,1145619
85000,1044424
85000,902960
85000,1015793
85000,948598
85000,937383
85000,1054607
85000,970412
85000,1317231
85000,923485
86000,1016237
86000,1053697
86000,998311
86000,1075378
86000,917471
86000,948080
86000,996785
86000,877160
86000,1293186
86000,969451
86000,1051925
86000,1121862
86000,1003319
86000,1092076
86000,1181503
86000,935551
86000,924332
86000,1020017
86000,1069862
86000,1033681
86000,1012248
86000,1134148
86000,1099225
86000,920539
86000,948439
86000,1025520
86000,1235640
86000,930399
86000,889797
86000,1061925
86000,1214511
86000,1369968
86000,856511
86000,977842
86000,1217720
86000,1062025
86000,980731
86000,1054719
86000,1187093
86000,1413056
86000,943155
86000,1063459
86000,1030824
86000,1229839
86000,1038084
86000,982479
86000,1091475
86000,938334
86000,951744
86000,1154619
87000,933372
87000,986580
87000,911064
87000,932672
87000,999509
87000,941863
87000,902078
87000,885142
87000,1214145
87000,1073308
87000,904661
87000,1030923
87000,1094434
87000,989173
87000,1006887
87000,1328889
87000,995418
87000,1004615
87000,1141203
87000,1048691
87000,959738
87000,934382
87000,919411
87000,908538
87000,1058883
87000,941592
87000,1226007
87000,898927
87000,1118285
87000,1658881
87000,980962
87000,939026
87000,1050661
87000,1318571
87000,1016038
87000,909895
87000,886529
87000,911505
87000,1084660
87000,1050424
87000,1087463
87000,985288
87000,1026735
87000,965921
87000,1006627
87000,1170203
87000,1032524
87000,1020880
87000,981159
87000,1103926
88000,1185662
88000,1230829
88000,1128547
88000,1032695
88000,866466
88000,1134763
88000,1032854
88000,933726
88000,1202890
88000,867157
88000,901168
88000,969195
88000,977763
88000,1036785
88000,1047525
88000,929839
88000,952648
88000,990671
88000,1028692
88000,1044683
88000,1091712
88000,1098174
88000,1519947
88000,980427
88000,936377
88000,1210857
88000,1114525
88000,1046509
88000,983446
88000,1180157
88000,988117
88000,960651
88000,991076
88000,1076413
88000,1180938
88000,1070613
88000,1018696
88000,925003
88000,977126
88000,1104460
88000,1137191
88000,998237
88000,1079055
88000,1010135
88000,990025
88000,1238269
88000,981998
88000,942977
88000,962158
88000,1318862
89000,1025977
89000,989980
89000,1096511
89000,925924
89000,1147083
89000,1077241
89000,988580
89000,1096264
89000,970752
89000,972513
89000,1229189
89000,1091292
89000,1182305
89000,1199866
89000,1194207
89000,1193844
89000,1053200
89000,1105677
89000,917393
89000,1062991
89000,1226860
89000,917468
89000,1004318
89000,1064316
89000,964284
89000,901674
89000,1174950
89000,951412
89000,1062218
89000,964375
89000,973046
89000,1031032
89000,1210406
89000,1058452
89000,1002698
89000,975338
89000,1156209
89000,968799
89000,971260
89000,1145556
89000,1217114
89000,920468
89000,1291729
89000,1000630
89000,855532
89000,1198448
89000,1123568
89000,1220999
89000,1113187
89000,1167702
90000,1066189
90000,1105380
90000,1144983
90000,1038844
90000,1091924
90000,1077170
90000,1097246
90000,919573
90000,1203625
90000,980440
90000,1163529
90000,1073374
90000,1165364
90000,1047501
90000,1182746
90000,944970
90000,1015534
90000,1086982
90000,1061897
90000,1002061
90000,1104403
90000,972008
90000,993542
90000,1129459
90000,1044280
90000,1215988
90000,919027
90000,1079588
90000,1270098
90000,984630
90000,965277
90000,1120185
90000,1057892
90000,939880
90000,1267002
90000,971561
90000,1040019
90000,1150551
90000,1222770
90000,1090795
90000,1009471
90000,922450
90000,958072
90000,1087305
90000,933333
90000,1211370
90000,1090015
90000,1080541
90000,922878
90000,947698
91000,1149199
91000,1024600
91000,1103955
91000,973616
91000,915276
91000,1010766
91000,1081432
91000,976425
91000,923204
91000,1452722
91000,994024
91000,1051744
91000,938832
91000,1160447
91000,1035700
91000,1077973
91000,1110994
91000,1107982
91000,1112143
91000,1072723
91000,953113
91000,1027385
91000,1031570
91000,1086783
91000,1088813
91000,1067787
91000,1010381
91000,986961
91000,1108204
91000,1073030
91000,971035
91000,1095945
91000,1370637
91000,922095
91000,1140132
91000,975240
91000,991023
91000,1084176
91000,1549414
91000,1166520
91000,1236045
91000,1078514
91000,1154375
91000,1100391
91000,1048155
91000,983664
91000,959483
91000,1040647
91000,1018546
91000,1202655
92000,1145425
92000,1247223
92000,1113203
92000,1051046
92000,1009645
92000,973349
92000,1061143
92000,1146680
92000,1000930
92000,1171076
92000,1056781
92000,1171248
92000,1165520
92000,998291
92000,1104937
92000,1011169
92000,1159873
92000,1079991
92000,1043548
92000,1372839
92000,1091447
92000,966515
92000,1096540
92000,1112971
92000,1228161
92000,1061510
92000,1306691
92000,1070373
92000,1161174
92000,1277093
92000,1048786
92000,1143886
92000,945555
92000,1253589
92000,1092037
92000,1041849
92000,1093089
92000,1073366
92000,1103683
92000,1119744
92000,1102825
92000,1034485
92000,1033271
92000,1063796
92000,973851
92000,1035148
92000,1574643
92000,985710
92000,1062351
92000,1067090
93000,1067535
93000,1334571
93000,1139845
93000,1084923
93000,1207528
93000,1275456
93000,1091313
93000,1076203
93000,1065475
93000,1166536
93000,1109422
93000,1177371
93000,1068189
93000,1062371
93000,1043312
93000,1068657
93000,1310107
93000,981477
93000,1187082
93000,1121937
93000,1218985
93000,1142767
93000,1177220
93000,1018014
93000,1154696
93000,1120885
93000,1042258
93000,1193788
93000,1029725
93000,1154660
93000,1040638
93000,1249357
93000,984278
93000,1138202
93000,1095816
93000,986048
93000,1005902
93000,1045596
93000,971844
93000,1100742
93000,1019513
93000,998213
93000,1118707
93000,1101669
93000,1048116
93000,1014353
93000,1308069
93000,1384929
93000,1230305
93000,1265763
94000,1354228
94000,973754
94000,1063295
94000,1074388
94000,1177487
94000,1168433
94000,1083694
94000,1296606
94000,1248692
94000,1262863
94000,1077863
94000,1195202
94000,1069921
94000,1101796
94000,1224628
94000,1149422
94000,1079522
94000,1044579
94000,1044326
94000,1276615
94000,1166249
94000,1142355
94000,1141069
94000,1053094
94000,1113928
94000,1185129
94000,1139086
94000,1078674
94000,1040559
94000,1120866
94000,1144694
94000,1120989
94000,1642829
94000,926400
94000,1721469
94000,1052627
94000,1117503
94000,1074663
94000,1016484
94000,1149721
94000,1044359
94000,1128836
94000,1130591
94000,1162338
94000,973214
94000,1294455
94000,1117998
94000,1177131
94000,1421180
94000,1082861
95000,1124304
95000,1121935
95000,1209058
95000,1254086
95000,1339884
95000,1192379
95000,1145704
95000,1039423
95000,1416302
95000,1374109
95000,1119706
95000,1256658
95000,1469702
95000,1036889
95000,1224961
95000,1137143
95000,1129304
95000,1211619
95000,1014985
95000,1056171
95000,1156859
95000,1093583
95000,1166747
95000,1253837
95000,1121717
95000,972294
95000,1154916
95000,970629
95000,1110749
95000,1426299
95000,1219285
95000,1253485
95000,1031482
95000,1102342
95000,1068736
95000,1162198
95000,1010924
95000,1203762
95000,1070763
95000,1018102
95000,1097263
95000,1091351
95000,1268954
95000,1487711
95000,1342197
95000,1053108
95000,1081820
95000,1168003
95000,1107110
95000,999569
96000,1153599
96000,970513
96000,1054094
96000,1008624
96000,1010902
96000,1005282
96000,1068465
96000,1063889
96000,1484352
96000,1129510
96000,997893
96000,1148990
96000,1032129
96000,1078381
96000,1031406
96000,980046
96000,1148132
96000,1056808
96000,1001228
96000,1228902
96000,1079019
96000,1103239
96000,1101268
96000,1109144
96000,1376960
96000,1060563
96000,1226925
96000,1242950
96000,1128640
96000,1082162
96000,1059756
96000,1145804
96000,1104990
96000,1063808
96000,1145154
96000,965629
96000,1534381
96000,1247325
96000,1191861
96000,1090903
96000,1238259
96000,1283394
96000,1004412
96000,1249564
96000,1015792
96000,1069406
96000,1160386
96000,1176390
96000,1152202
96000,1185947
97000,1080861
97000,1240458
97000,1325699
97000,1146936
97000,1138670
97000,1176702
97000,1274761
97000,1178066
97000,1030084
97000,1361168
97000,1141362
97000,1142225
97000,1270810
97000,1205866
97000,1080027
97000,1666153
97000,1089373
97000,1279944
97000,1230138
97000,1225183
97000,1134491
97000,1167288
97000,1091624
97000,1448723
97000,1154618
97000,1057885
97000,1128160
97000,1271895
97000,1102995
97000,1216307
97000,968766
97000,1345080
97000,982068
97000,1030255
97000,1284386
97000,1112321
97000,1177367
97000,1361106
97000,1146046
97000,1263602
97000,1010817
97000,1138762
97000,1072640
97000,991816
97000,1066220
97000,1104639
97000,1021899
97000,1196116
97000,1039087
97000,971501
98000,1158608
98000,1245516
98000,1255295
98000,1024766
98000,1001462
98000,1019029
98000,1122918
98000,1191517
98000,1049672
98000,1135066
98000,1500269
98000,1011428
98000,1248009
98000,1191131
98000,1002409
98000,1062730
98000,1187290
98000,1271329
98000,1245499
98000,1051685
98000,1053854
98000,1086026
98000,937870
98000,1172842
98000,1159266
98000,1239938
98000,1046362
98000,1223512
98000,1156012
98000,1078330
98000,1148040
98000,1226549
98000,1447724
98000,1263716
98000,1426418
98000,1145139
98000,1163789
98000,1175591
98000,1039142
98000,1196387
98000,1064252
98000,1098028
98000,1121477
98000,1144522
98000,1412914
98000,1099236
98000,1001654
98000,1121098
98000,1646318
98000,1272835
99000,1391595
99000,1255850
99000,1205107
99000,1358073
99000,1006028
99000,1175848
99000,1157745
99000,1110556
99000,1303791
99000,1176534
99000,1281644
99000,1209296
99000,1467406
99000,1188166
99000,1222252
99000,1291976
99000,1148104
99000,1142746
99000,1111367
99000,1057129
99000,1059968
99000,1551792
99000,1219436
99000,1244732
99000,1181594
99000,1059074
99000,1127286
99000,1279222
99000,1165099
99000,1258606
99000,1087430
99000,1144043
99000,1260440
99000,1241354
99000,1046417
99000,1288516
99000,1290717
99000,1237904
99000,1260940
99000,1165280
99000,1247480
99000,1299667
99000,1632325
99000,1060489
99000,1115163
99000,1156257
99000,1168178
99000,1837682
99000,1025079
99000,1078434
100000,1070390
100000,1141004
100000,1341694
100000,1283399
100000,1242460
100000,1250166
100000,1361405
100000,1230848
100000,1280613
100000,1389484
100000,1096675
100000,1116733
100000,1375041
100000,1129302
100000,1265399
100000,1071121
100000,1097358
100000,1112778
100000,1173211
100000,1093843
100000,1674386
100000,1252924
100000,1058794
100000,1151089
100000,1101327
100000,1005143
100000,1118537
100000,1136555
100000,1321821
100000,1293506
100000,1106532
100000,1320409
100000,1146753
100000,1069187
100000,1125439
100000,1320142
100000,1050206
100000,1250451
100000,1413183
100000,1069832
100000,1392827
100000,1281525
100000,1107650
100000,1169522
100000,1424468
100000,1504744
100000,1346138
100000,1203421
100000,1313183
100000,1072648
