n,D-C
1000,2164
1000,4524
1000,939
1000,3281
1000,3620
1000,1466
1000,2255
1000,678
1000,1880
1000,420
1000,1921
1000,2149
1000,3834
1000,2124
1000,1139
1000,2645
1000,466
1000,5432
1000,7727
1000,3771
1000,631
1000,2571
1000,2858
1000,229
1000,2556
1000,5970
1000,6012
1000,56
1000,3751
1000,4613
1000,2265
1000,2910
1000,2343
1000,379
1000,1345
1000,3222
1000,2784
1000,322
1000,3033
1000,3405
1000,4319
1000,3608
1000,4586
1000,1642
1000,4203
1000,3279
1000,1514
1000,3971
1000,2288
1000,1987
2000,5336
2000,7394
2000,5020
2000,1299
2000,6776
2000,2686
2000,5631
2000,9180
2000,2996
2000,6368
2000,581
2000,3236
2000,7012
2000,4362
2000,3043
2000,4896
2000,4600
2000,9301
2000,1771
2000,1056
2000,7579
2000,2631
2000,4675
2000,495
2000,7926
2000,5576
2000,4232
2000,5005
2000,2498
2000,5085
2000,10014
2000,2634
2000,5987
2000,5042
2000,4394
2000,6121
2000,2381
2000,7056
2000,5136
2000,3808
2000,1966
2000,6006
2000,2505
2000,7226
2000,2479
2000,2423
2000,7604
2000,8295
2000,3525
2000,4674
3000,8380
3000,9018
3000,1683
3000,5039
3000,8753
3000,10000
3000,2012
3000,2496
3000,3883
3000,5949
3000,5528
3000,7705
3000,9297
3000,10191
3000,2724
3000,9450
3000,12489
3000,6339
3000,4152
3000,7654
3000,8154
3000,6679
3000,6082
3000,13302
3000,5137
3000,3678
3000,3940
3000,12128
3000,3555
3000,11514
3000,6998
3000,5164
3000,16660
3000,11615
3000,10632
3000,11283
3000,7586
3000,6514
3000,4528
3000,15349
3000,17142
3000,4009
3000,8920
3000,2380
3000,15632
3000,3714
3000,8029
3000,10896
3000,11269
3000,9406
4000,3322
4000,5789
4000,10038
4000,9572
4000,23543
4000,3248
4000,1226
4000,13444
4000,9117
4000,10942
4000,13973
4000,1323
4000,7900
4000,11615
4000,9553
4000,7130
4000,7758
4000,10808
4000,5297
4000,12993
4000,6056
4000,3316
4000,13917
4000,5555
4000,1936
4000,5644
4000,12321
4000,16383
4000,10651
4000,3439
4000,18189
4000,16271
4000,10598
4000,11997
4000,9695
4000,9686
4000,4928
4000,13107
4000,12693
4000,12278
4000,13915
4000,2654
4000,21967
4000,7176
4000,2950
4000,5166
4000,3391
4000,10251
4000,8601
4000,4364
5000,5338
5000,29689
5000,9504
5000,5959
5000,5147
5000,21882
5000,4135
5000,2875
5000,18959
5000,20167
5000,12674
5000,12478
5000,24973
5000,19886
5000,11396
5000,30423
5000,11911
5000,13347
5000,11144
5000,4605
5000,13307
5000,1396
5000,4133
5000,19096
5000,8291
5000,5330
5000,15777
5000,11406
5000,8950
5000,9171
5000,8105
5000,16958
5000,15843
5000,5212
5000,5446
5000,1415
5000,26206
5000,13700
5000,13317
5000,4738
5000,11432
5000,13717
5000,6664
5000,17943
5000,18965
5000,12345
5000,25253
5000,17651
5000,19725
5000,15118
6000,1497
6000,41652
6000,16071
6000,12298
6000,5941
6000,11386
6000,15194
6000,1041
6000,5712
6000,22233
6000,12324
6000,12159
6000,19747
6000,21092
6000,16748
6000,14465
6000,29400
6000,4108
6000,11696
6000,22130
6000,10463
6000,18189
6000,7973
6000,1363
6000,26993
6000,23359
6000,16095
6000,18511
6000,22853
6000,8097
6000,4241
6000,10183
6000,12650
6000,1056
6000,30125
6000,19889
6000,1716
6000,11749
6000,4493
6000,9585
6000,15809
6000,11747
6000,15116
6000,22862
6000,15714
6000,68
6000,10816
6000,12037
6000,12439
6000,16319
7000,19544
7000,17655
7000,54782
7000,15958
7000,17644
7000,13725
7000,30470
7000,22541
7000,11962
7000,17464
7000,16517
7000,34050
7000,23694
7000,10843
7000,11843
7000,55323
7000,21304
7000,756
7000,38200
7000,14960
7000,10892
7000,18274
7000,14604
7000,18926
7000,17395
7000,31487
7000,23506
7000,23164
7000,26783
7000,13932
7000,17790
7000,11487
7000,18880
7000,14817
7000,30756
7000,22909
7000,18182
7000,24897
7000,16583
7000,20772
7000,11604
7000,29241
7000,32961
7000,5037
7000,37028
7000,20519
7000,33218
7000,30359
7000,4556
7000,13356
8000,29528
8000,17480
8000,13258
8000,23907
8000,18035
8000,19431
8000,11312
8000,39113
8000,31480
8000,29944
8000,72934
8000,18792
8000,19741
8000,20098
8000,31874
8000,31820
8000,17034
8000,24858
8000,4550
8000,27155
8000,6018
8000,26132
8000,20124
8000,14711
8000,25100
8000,17729
8000,28685
8000,25807
8000,42975
8000,20857
8000,35962
8000,4595
8000,11554
8000,15758
8000,4143
8000,31781
8000,5748
8000,26692
8000,30684
8000,23652
8000,20361
8000,13218
8000,14765
8000,10940
8000,32064
8000,14920
8000,16456
8000,21633
8000,14002
8000,27799
9000,24992
9000,27097
9000,25445
9000,18730
9000,35907
9000,680
9000,14917
9000,22460
9000,21054
9000,17083
9000,16819
9000,14545
9000,27234
9000,31010
9000,20713
9000,27941
9000,53876
9000,40583
9000,54643
9000,13054
9000,17139
9000,22424
9000,39215
9000,10412
9000,6870
9000,22206
9000,45363
9000,25634
9000,24235
9000,24752
9000,29523
9000,12734
9000,23085
9000,33551
9000,12690
9000,6558
9000,21524
9000,45671
9000,4343
9000,11897
9000,16751
9000,6586
9000,15952
9000,26472
9000,19225
9000,10630
9000,47447
9000,13120
9000,25370
9000,27560
10000,13117
10000,35243
10000,19353
10000,18464
10000,30100
10000,17330
10000,20085
10000,26358
10000,15426
10000,7567
10000,12702
10000,18801
10000,36627
10000,24241
10000,22911
10000,16207
10000,8344
10000,14222
10000,57886
10000,5538
10000,42187
10000,7390
10000,30717
10000,31972
10000,46626
10000,34575
10000,20108
10000,12820
10000,35992
10000,13764
10000,62196
10000,37103
10000,40272
10000,24020
10000,4567
10000,37877
10000,21234
10000,24388
10000,28964
10000,19125
10000,29017
10000,7283
10000,13839
10000,33551
10000,46856
10000,20256
10000,11208
10000,18909
10000,41972
10000,3432
11000,60405
11000,39507
11000,29894
11000,2527
11000,37792
11000,7579
11000,64898
11000,30964
11000,17854
11000,24687
11000,22129
11000,23131
11000,40052
11000,26051
11000,25531
11000,15933
11000,28286
11000,33870
11000,2516
11000,17269
11000,43683
11000,39566
11000,33666
11000,31699
11000,19986
11000,26724
11000,22613
11000,26809
11000,9917
11000,24992
11000,41148
11000,32939
11000,34796
11000,34762
11000,58010
11000,2944
11000,6880
11000,51720
11000,29653
11000,48315
11000,28694
11000,46269
11000,47291
11000,16805
11000,13193
11000,53491
11000,9508
11000,34245
11000,34317
11000,15282
12000,37506
12000,9055
12000,19714
12000,65767
12000,23333
12000,3296
12000,32584
12000,23084
12000,19317
12000,37090
12000,26253
12000,37340
12000,50187
12000,57683
12000,19667
12000,21190
12000,62054
12000,22763
12000,20415
12000,12491
12000,10251
12000,43564
12000,49931
12000,33615
12000,37109
12000,35711
12000,81564
12000,20150
12000,24328
12000,61361
12000,17807
12000,5257
12000,64045
12000,32185
12000,55059
12000,22961
12000,29076
12000,53341
12000,27130
12000,45519
12000,41375
12000,33557
12000,5344
12000,22164
12000,46246
12000,33215
12000,31052
12000,36516
12000,15517
12000,34508
13000,19023
13000,25848
13000,54606
13000,17446
13000,51985
13000,11790
13000,26951
13000,48979
13000,4923
13000,25471
13000,22211
13000,40740
13000,28532
13000,40842
13000,26416
13000,38021
13000,30215
13000,32234
13000,40566
13000,36847
13000,17801
13000,32616
13000,50149
13000,31353
13000,28087
13000,9200
13000,3068
13000,44548
13000,59668
13000,21679
13000,58473
13000,14849
13000,12857
13000,22149
13000,23986
13000,17442
13000,26704
13000,52259
13000,173
13000,34817
13000,31044
13000,52934
13000,52840
13000,56471
13000,36844
13000,4609
13000,28698
13000,31581
13000,64208
13000,42579
14000,34711
14000,67748
14000,25989
14000,23934
14000,189
14000,98042
14000,17708
14000,34117
14000,23393
14000,45372
14000,51953
14000,27745
14000,40093
14000,25116
14000,32983
14000,277
14000,80856
14000,9581
14000,52666
14000,21936
14000,57437
14000,40151
14000,32137
14000,35107
14000,32828
14000,37607
14000,10853
14000,13499
14000,29784
14000,57800
14000,35607
14000,55097
14000,39098
14000,46649
14000,37713
14000,49526
14000,13372
14000,42420
14000,56826
14000,26950
14000,77944
14000,22235
14000,41867
14000,27413
14000,16942
14000,44185
14000,48596
14000,17426
14000,41943
14000,35620
15000,44516
15000,49639
15000,28772
15000,70571
15000,29438
15000,65975
15000,12303
15000,45688
15000,29295
15000,68445
15000,35299
15000,22972
15000,2901
15000,35916
15000,31935
15000,10429
15000,60629
15000,14363
15000,15132
15000,59358
15000,5669
15000,71727
15000,89586
15000,48518
15000,31530
15000,15783
15000,16977
15000,35723
15000,75421
15000,15931
15000,92680
15000,72583
15000,33206
15000,39760
15000,19126
15000,8404
15000,16768
15000,49641
15000,24936
15000,9093
15000,47463
15000,17513
15000,24367
15000,52230
15000,57591
15000,67581
15000,100542
15000,30504
15000,23056
15000,35403
16000,67865
16000,66006
16000,47875
16000,36962
16000,4229
16000,76476
16000,21916
16000,50308
16000,37171
16000,60830
16000,68133
16000,89265
16000,21340
16000,42326
16000,43531
16000,13259
16000,89662
16000,41808
16000,63166
16000,26958
16000,45361
16000,42984
16000,36216
16000,49246
16000,52161
16000,37668
16000,3373
16000,69447
16000,75400
16000,7380
16000,59716
16000,340
16000,20851
16000,64169
16000,23816
16000,32901
16000,72698
16000,20797
16000,64552
16000,24511
16000,32668
16000,6528
16000,8804
16000,70826
16000,107453
16000,78904
16000,16298
16000,35458
16000,40022
16000,38169
17000,34725
17000,97570
17000,73876
17000,105702
17000,27967
17000,46793
17000,37904
17000,53066
17000,663
17000,45060
17000,2880
17000,41050
17000,53353
17000,84123
17000,50459
17000,24468
17000,75009
17000,41058
17000,90902
17000,73997
17000,19211
17000,70911
17000,34402
17000,1395
17000,38108
17000,21815
17000,86118
17000,82935
17000,53867
17000,48587
17000,28387
17000,15791
17000,33229
17000,39145
17000,21211
17000,58139
17000,46910
17000,101421
17000,66737
17000,84349
17000,93875
17000,25844
17000,68601
17000,28806
17000,67072
17000,38880
17000,42289
17000,38125
17000,39726
17000,63908
18000,53829
18000,37087
18000,64598
18000,22611
18000,37205
18000,62419
18000,91466
18000,22748
18000,52926
18000,78635
18000,49329
18000,50515
18000,119770
18000,16790
18000,11388
18000,31381
18000,84132
18000,68538
18000,29343
18000,53906
18000,41616
18000,26973
18000,48737
18000,78153
18000,83144
18000,49648
18000,33517
18000,38477
18000,48916
18000,39447
18000,82734
18000,101768
18000,21095
18000,39468
18000,57586
18000,39713
18000,16288
18000,13652
18000,62496
18000,29803
18000,45681
18000,49864
18000,55977
18000,33538
18000,378
18000,19218
18000,40351
18000,43208
18000,60796
18000,41719
19000,63527
19000,72157
19000,94027
19000,75051
19000,43850
19000,70924
19000,24859
19000,3866
19000,137855
19000,80283
19000,52693
19000,71160
19000,40577
19000,43561
19000,44515
19000,24903
19000,16644
19000,24670
19000,41154
19000,42025
19000,67158
19000,628
19000,29009
19000,40204
19000,43649
19000,67745
19000,27240
19000,3588
19000,89106
19000,52387
19000,45781
19000,80445
19000,89507
19000,38245
19000,25654
19000,53277
19000,68273
19000,45791
19000,75596
19000,13766
19000,74846
19000,2481
19000,37644
19000,8946
19000,79578
19000,93073
19000,61881
19000,33595
19000,11550
19000,40090
20000,32960
20000,70964
20000,22738
20000,26825
20000,1102
20000,73771
20000,30320
20000,60040
20000,51394
20000,44701
20000,34074
20000,47179
20000,70376
20000,21894
20000,75416
20000,36254
20000,35304
20000,95183
20000,8511
20000,75257
20000,13562
20000,66462
20000,87393
20000,15556
20000,82640
20000,22908
20000,71698
20000,46815
20000,51816
20000,6057
20000,63489
20000,64623
20000,35230
20000,17582
20000,78673
20000,62106
20000,28348
20000,72744
20000,12134
20000,93858
20000,67359
20000,29823
20000,57232
20000,65168
20000,20062
20000,40108
20000,83323
20000,60938
20000,37042
20000,163241
21000,84284
21000,57377
21000,171705
21000,48755
21000,56482
21000,66816
21000,1929
21000,56520
21000,60189
21000,64329
21000,159057
21000,40547
21000,50993
21000,54045
21000,82788
21000,92993
21000,68793
21000,40401
21000,48788
21000,131502
21000,36678
21000,27233
21000,81283
21000,99585
21000,35037
21000,58118
21000,60782
21000,45608
21000,56575
21000,54455
21000,20252
21000,66574
21000,10344
21000,27448
21000,39861
21000,79685
21000,29586
21000,21723
21000,44384
21000,130909
21000,75320
21000,55811
21000,15235
21000,31561
21000,57273
21000,48555
21000,187981
21000,121803
21000,43582
21000,1850
22000,80791
22000,155100
22000,7282
22000,108338
22000,45248
22000,34131
22000,52211
22000,16999
22000,42015
22000,15448
22000,69197
22000,41419
22000,40415
22000,84973
22000,42879
22000,41058
22000,95487
22000,126692
22000,104605
22000,61238
22000,103001
22000,142327
22000,32286
22000,71354
22000,7256
22000,48472
22000,92038
22000,37824
22000,94728
22000,19325
22000,104591
22000,95324
22000,63587
22000,90950
22000,25169
22000,9568
22000,59226
22000,27727
22000,55001
22000,32645
22000,31684
22000,29124
22000,56999
22000,29136
22000,26472
22000,25992
22000,62396
22000,66819
22000,24627
22000,47434
23000,73600
23000,54037
23000,53848
23000,35054
23000,54222
23000,39512
23000,7213
23000,13729
23000,55049
23000,28945
23000,23727
23000,33102
23000,47974
23000,44056
23000,46307
23000,45977
23000,72131
23000,49446
23000,42315
23000,9050
23000,55661
23000,38161
23000,93624
23000,26420
23000,125282
23000,369
23000,35988
23000,50912
23000,69919
23000,67145
23000,89237
23000,129326
23000,60647
23000,10707
23000,26283
23000,48630
23000,48738
23000,138607
23000,7246
23000,35267
23000,45757
23000,36131
23000,49997
23000,53763
23000,32151
23000,57612
23000,80246
23000,75259
23000,3156
23000,140234
24000,79883
24000,22148
24000,74706
24000,8316
24000,66783
24000,33158
24000,17234
24000,54884
24000,45393
24000,74903
24000,99449
24000,87644
24000,58110
24000,68087
24000,26884
24000,104385
24000,28055
24000,21466
24000,96509
24000,29169
24000,77530
24000,297
24000,165456
24000,128766
24000,37848
24000,72725
24000,26339
24000,105121
24000,36685
24000,138464
24000,33156
24000,13813
24000,98701
24000,168151
24000,118346
24000,80952
24000,101989
24000,34025
24000,67145
24000,39947
24000,88723
24000,134481
24000,105329
24000,42225
24000,41213
24000,51900
24000,46181
24000,94416
24000,103489
24000,95011
25000,34307
25000,14728
25000,117304
25000,60701
25000,80916
25000,42262
25000,65900
25000,53926
25000,16839
25000,19247
25000,84605
25000,61654
25000,71839
25000,66048
25000,153101
25000,109838
25000,79331
25000,69401
25000,111741
25000,58129
25000,32242
25000,74950
25000,51920
25000,36835
25000,83856
25000,66196
25000,28433
25000,66270
25000,36363
25000,19627
25000,88761
25000,49656
25000,81235
25000,42661
25000,65977
25000,12275
25000,15853
25000,65736
25000,55210
25000,61930
25000,57860
25000,32477
25000,60383
25000,42122
25000,68746
25000,37117
25000,36832
25000,33971
25000,105672
25000,126617
26000,20632
26000,22809
26000,44447
26000,34946
26000,76693
26000,15546
26000,39451
26000,51901
26000,56399
26000,70739
26000,53763
26000,15194
26000,20999
26000,37721
26000,28965
26000,17634
26000,112510
26000,56189
26000,45111
26000,60733
26000,91532
26000,40170
26000,57260
26000,83963
26000,187522
26000,26527
26000,83672
26000,104510
26000,72209
26000,93111
26000,44648
26000,84632
26000,60404
26000,29626
26000,35711
26000,77610
26000,70647
26000,64378
26000,48313
26000,79686
26000,4475
26000,68471
26000,110672
26000,14632
26000,109645
26000,5138
26000,18947
26000,57265
26000,59216
26000,62379
27000,129111
27000,38208
27000,156298
27000,19120
27000,115487
27000,29513
27000,42461
27000,97870
27000,40508
27000,90791
27000,68914
27000,64561
27000,78853
27000,16444
27000,58080
27000,75458
27000,10629
27000,10973
27000,108525
27000,79266
27000,74314
27000,82477
27000,77073
27000,108451
27000,76325
27000,12742
27000,73896
27000,37271
27000,68219
27000,76412
27000,93358
27000,69940
27000,123681
27000,81131
27000,130632
27000,91364
27000,47111
27000,77555
27000,27007
27000,9151
27000,90812
27000,2872
27000,100073
27000,91587
27000,85459
27000,25358
27000,31608
27000,47960
27000,131411
27000,49358
28000,92699
28000,81721
28000,120724
28000,39215
28000,60858
28000,96028
28000,67092
28000,115315
28000,88506
28000,114998
28000,68569
28000,80093
28000,91817
28000,13564
28000,4969
28000,33311
28000,48254
28000,33272
28000,231280
28000,125614
28000,60850
28000,180586
28000,173111
28000,90356
28000,118251
28000,117038
28000,57979
28000,26490
28000,54708
28000,20836
28000,90226
28000,69959
28000,19556
28000,27573
28000,2294
28000,120568
28000,103163
28000,183
28000,96331
28000,68417
28000,104940
28000,139233
28000,83864
28000,50890
28000,157011
28000,72564
28000,3861
28000,33842
28000,55320
28000,32701
29000,33364
29000,44222
29000,118209
29000,82668
29000,116590
29000,28084
29000,19087
29000,155293
29000,85670
29000,91517
29000,95452
29000,48862
29000,72071
29000,123831
29000,78834
29000,98302
29000,114515
29000,232349
29000,118978
29000,50751
29000,109793
29000,59572
29000,32973
29000,93238
29000,106958
29000,5446
29000,129461
29000,18180
29000,64479
29000,38831
29000,36405
29000,88012
29000,74230
29000,127575
29000,161466
29000,55844
29000,93103
29000,29185
29000,39271
29000,49874
29000,74219
29000,71881
29000,52402
29000,136833
29000,53380
29000,34819
29000,88142
29000,43853
29000,56833
29000,90883
30000,13975
30000,72381
30000,83646
30000,61148
30000,102928
30000,155246
30000,108004
30000,119213
30000,111965
30000,61619
30000,149548
30000,97764
30000,50137
30000,96272
30000,93726
30000,107312
30000,51455
30000,122330
30000,84720
30000,70384
30000,71398
30000,161727
30000,57644
30000,105465
30000,63002
30000,36054
30000,84763
30000,62600
30000,82188
30000,54674
30000,36911
30000,47036
30000,67140
30000,100390
30000,56350
30000,48335
30000,81825
30000,46976
30000,67792
30000,42357
30000,27861
30000,96022
30000,102820
30000,38417
30000,102244
30000,41379
30000,73517
30000,38625
30000,31962
30000,55303
31000,156788
31000,106389
31000,75218
31000,68012
31000,69845
31000,76310
31000,154404
31000,55644
31000,193596
31000,109054
31000,14716
31000,35479
31000,85784
31000,34292
31000,36373
31000,14408
31000,18473
31000,138336
31000,98953
31000,31604
31000,49477
31000,116152
31000,90870
31000,124136
31000,94208
31000,73409
31000,62729
31000,142604
31000,89705
31000,29096
31000,35649
31000,86678
31000,136481
31000,66728
31000,42046
31000,113796
31000,35795
31000,95386
31000,105145
31000,72457
31000,111686
31000,33131
31000,40255
31000,35906
31000,139019
31000,57451
31000,224708
31000,105466
31000,70539
31000,243988
32000,106591
32000,60942
32000,82165
32000,98283
32000,71400
32000,162362
32000,81048
32000,26484
32000,33071
32000,124772
32000,51030
32000,90043
32000,67313
32000,27218
32000,17882
32000,163261
32000,41545
32000,156010
32000,132716
32000,103653
32000,139746
32000,93091
32000,63340
32000,19326
32000,112107
32000,28022
32000,77047
32000,131620
32000,94266
32000,87179
32000,89415
32000,12948
32000,93580
32000,138928
32000,70745
32000,20614
32000,23824
32000,142533
32000,77171
32000,90611
32000,31087
32000,99637
32000,60004
32000,35108
32000,99640
32000,157872
32000,40723
32000,84538
32000,113524
32000,28073
33000,59521
33000,54597
33000,58877
33000,71830
33000,38646
33000,33001
33000,115936
33000,78137
33000,38555
33000,69782
33000,45288
33000,83307
33000,97351
33000,117857
33000,33377
33000,35486
33000,110248
33000,68509
33000,58721
33000,93704
33000,61203
33000,132789
33000,130279
33000,113049
33000,180213
33000,8270
33000,196412
33000,105867
33000,170165
33000,213841
33000,87600
33000,77983
33000,128578
33000,22888
33000,55943
33000,99282
33000,96989
33000,75523
33000,82669
33000,128742
33000,127235
33000,77362
33000,121615
33000,91220
33000,94538
33000,39828
33000,107612
33000,149980
33000,55083
33000,92203
34000,213383
34000,102826
34000,92704
34000,60225
34000,61402
34000,196915
34000,76227
34000,52126
34000,96376
34000,88458
34000,67719
34000,64121
34000,85612
34000,84927
34000,170502
34000,36847
34000,36466
34000,66065
34000,247758
34000,95891
34000,66679
34000,17308
34000,93079
34000,139996
34000,112807
34000,133798
34000,42805
34000,26278
34000,29619
34000,38677
34000,111657
34000,96195
34000,91479
34000,52585
34000,70687
34000,121369
34000,54037
34000,92239
34000,67468
34000,171387
34000,85876
34000,117827
34000,84893
34000,84769
34000,127360
34000,35616
34000,90996
34000,72499
34000,153755
34000,23571
35000,6809
35000,80542
35000,56531
35000,133500
35000,52923
35000,3772
35000,95462
35000,113573
35000,210221
35000,30669
35000,123143
35000,202815
35000,138789
35000,121395
35000,93320
35000,62487
35000,164257
35000,75467
35000,118972
35000,19422
35000,54668
35000,78133
35000,27692
35000,86740
35000,43554
35000,136388
35000,87496
35000,28828
35000,106683
35000,60430
35000,245741
35000,109921
35000,216772
35000,23173
35000,68670
35000,46467
35000,923
35000,220202
35000,146923
35000,83892
35000,19963
35000,119683
35000,62919
35000,127289
35000,134653
35000,172493
35000,629
35000,96536
35000,93623
35000,101986
36000,156883
36000,66642
36000,66829
36000,50281
36000,153663
36000,126653
36000,81003
36000,34180
36000,30545
36000,92643
36000,26520
36000,117627
36000,85175
36000,157409
36000,87775
36000,40364
36000,24456
36000,80475
36000,173799
36000,108164
36000,59255
36000,8371
36000,57823
36000,86338
36000,168449
36000,79262
36000,66669
36000,75844
36000,57027
36000,69451
36000,3296
36000,22258
36000,28176
36000,106049
36000,87165
36000,68138
36000,23090
36000,86056
36000,108590
36000,68531
36000,118263
36000,98975
36000,114615
36000,93610
36000,106777
36000,142923
36000,112738
36000,52870
36000,68889
36000,185700
37000,175755
37000,140024
37000,134659
37000,115157
37000,120890
37000,95698
37000,119664
37000,46204
37000,109395
37000,100359
37000,88256
37000,156027
37000,278905
37000,176156
37000,73251
37000,96945
37000,70566
37000,72521
37000,82441
37000,159088
37000,74049
37000,92761
37000,124265
37000,160369
37000,181184
37000,142111
37000,103216
37000,81765
37000,30306
37000,86270
37000,97919
37000,135854
37000,95164
37000,43451
37000,170900
37000,189742
37000,155873
37000,42497
37000,80470
37000,73542
37000,73197
37000,87939
37000,93655
37000,110051
37000,121006
37000,304782
37000,68485
37000,152135
37000,175505
37000,27092
38000,106757
38000,86044
38000,102661
38000,67502
38000,125994
38000,143990
38000,132107
38000,154598
38000,46786
38000,295160
38000,145452
38000,122323
38000,89069
38000,70924
38000,56634
38000,116609
38000,229265
38000,85239
38000,68512
38000,280562
38000,187910
38000,73125
38000,58956
38000,66612
38000,91325
38000,49236
38000,175036
38000,261049
38000,83211
38000,112650
38000,107242
38000,211660
38000,117445
38000,61651
38000,149469
38000,69352
38000,76039
38000,58963
38000,78232
38000,57829
38000,122092
38000,46407
38000,14112
38000,47721
38000,158762
38000,41798
38000,222607
38000,105279
38000,104387
38000,174901
39000,127121
39000,75537
39000,123441
39000,81133
39000,64582
39000,30257
39000,2130
39000,78079
39000,103728
39000,38079
39000,149127
39000,96754
39000,136782
39000,114360
39000,110858
39000,56280
39000,152085
39000,191309
39000,37266
39000,63759
39000,103199
39000,23911
39000,72353
39000,5064
39000,88926
39000,66437
39000,84526
39000,40065
39000,114052
39000,81545
39000,58546
39000,59507
39000,104507
39000,86669
39000,131655
39000,30514
39000,60080
39000,121244
39000,216580
39000,119282
39000,91164
39000,119763
39000,125486
39000,49744
39000,82220
39000,78529
39000,5653
39000,59684
39000,119062
39000,159342
40000,146783
40000,88224
40000,126134
40000,143968
40000,187751
40000,48977
40000,120628
40000,141377
40000,31134
40000,123584
40000,70070
40000,152287
40000,90463
40000,44956
40000,141179
40000,92803
40000,38752
40000,162527
40000,137398
40000,83705
40000,88569
40000,180759
40000,103251
40000,120620
40000,140027
40000,161991
40000,89377
40000,161579
40000,230816
40000,382094
40000,105685
40000,28822
40000,113964
40000,84067
40000,129361
40000,120330
40000,134554
40000,84077
40000,65903
40000,65989
40000,35476
40000,90461
40000,75701
40000,95956
40000,161834
40000,56250
40000,162468
40000,70445
40000,143099
40000,127038
41000,65438
41000,27501
41000,107891
41000,110748
41000,20201
41000,103675
41000,35414
41000,137715
41000,9370
41000,35480
41000,82588
41000,176503
41000,102563
41000,31758
41000,124803
41000,149841
41000,73742
41000,57483
41000,147965
41000,130528
41000,145541
41000,138456
41000,72771
41000,179605
41000,109281
41000,317214
41000,19237
41000,49544
41000,59628
41000,81182
41000,71143
41000,89282
41000,71510
41000,183269
41000,68336
41000,96870
41000,204091
41000,137027
41000,27802
41000,108631
41000,12324
41000,136948
41000,127414
41000,96342
41000,94690
41000,167290
41000,81311
41000,171961
41000,35790
41000,54087
42000,13593
42000,189003
42000,39008
42000,48226
42000,74990
42000,203017
42000,124833
42000,143081
42000,70853
42000,45642
42000,91040
42000,19223
42000,30414
42000,72421
42000,145747
42000,53304
42000,143061
42000,108574
42000,123843
42000,146754
42000,99485
42000,86722
42000,54313
42000,139621
42000,108933
42000,129679
42000,163377
42000,175238
42000,88290
42000,33192
42000,24009
42000,77262
42000,78296
42000,97869
42000,78427
42000,150646
42000,53542
42000,133492
42000,25585
42000,100152
42000,109016
42000,80450
42000,172474
42000,216512
42000,147336
42000,81392
42000,149463
42000,98969
42000,135770
42000,76205
43000,176563
43000,8375
43000,110428
43000,27959
43000,102492
43000,88376
43000,88499
43000,25229
43000,92839
43000,67152
43000,97625
43000,72288
43000,113375
43000,132970
43000,20204
43000,86689
43000,76145
43000,74255
43000,12408
43000,144241
43000,86517
43000,200625
43000,119909
43000,181397
43000,196614
43000,106378
43000,80256
43000,74370
43000,56545
43000,57030
43000,159495
43000,122661
43000,89417
43000,372191
43000,207799
43000,298405
43000,77047
43000,107070
43000,258475
43000,74460
43000,37152
43000,137889
43000,54528
43000,92769
43000,155412
43000,74551
43000,102136
43000,75761
43000,147987
43000,40454
44000,94188
44000,141774
44000,116094
44000,124891
44000,9163
44000,53127
44000,163382
44000,125127
44000,79617
44000,146793
44000,30764
44000,60203
44000,131385
44000,165706
44000,123073
44000,145214
44000,27443
44000,161844
44000,52744
44000,113821
44000,167071
44000,109647
44000,142361
44000,115492
44000,185317
44000,266712
44000,79048
44000,78581
44000,68935
44000,198418
44000,125878
44000,109687
44000,40480
44000,150134
44000,261375
44000,81032
44000,14375
44000,78008
44000,84404
44000,94926
44000,90911
44000,153230
44000,122617
44000,206262
44000,125256
44000,126405
44000,179380
44000,65303
44000,40020
44000,216090
45000,123084
45000,221754
45000,57716
45000,76839
45000,198632
45000,112276
45000,74675
45000,162280
45000,202154
45000,220246
45000,132754
45000,238462
45000,230878
45000,121605
45000,194009
45000,240318
45000,70047
45000,31763
45000,145579
45000,100069
45000,162816
45000,293862
45000,122910
45000,85176
45000,123484
45000,118429
45000,31381
45000,33751
45000,152988
45000,68171
45000,141796
45000,63670
45000,135357
45000,119208
45000,238250
45000,98448
45000,20508
45000,203581
45000,83002
45000,184437
45000,117023
45000,138244
45000,120772
45000,287061
45000,125817
45000,228477
45000,65503
45000,46671
45000,136465
45000,176783
46000,279820
46000,98264
46000,4715
46000,125496
46000,30805
46000,212404
46000,47898
46000,86035
46000,91761
46000,203404
46000,115342
46000,57540
46000,213797
46000,244451
46000,97798
46000,210705
46000,85585
46000,75328
46000,55783
46000,201586
46000,115855
46000,47785
46000,109655
46000,251746
46000,129615
46000,99255
46000,80578
46000,123496
46000,36433
46000,124538
46000,63870
46000,121886
46000,257566
46000,190571
46000,58670
46000,134916
46000,52411
46000,19700
46000,130112
46000,36199
46000,126018
46000,30746
46000,65391
46000,91669
46000,201975
46000,57080
46000,97473
46000,176192
46000,201704
46000,194633
47000,102196
47000,179353
47000,22706
47000,82896
47000,138656
47000,113614
47000,89860
47000,196789
47000,279478
47000,128609
47000,127978
47000,77431
47000,127291
47000,32354
47000,34617
47000,44092
47000,197361
47000,148598
47000,26835
47000,187463
47000,162919
47000,166026
47000,91919
47000,129991
47000,100345
47000,11475
47000,194923
47000,62631
47000,62516
47000,191536
47000,179044
47000,6944
47000,126469
47000,8424
47000,143549
47000,103896
47000,85069
47000,149873
47000,121376
47000,81503
47000,50604
47000,79248
47000,302903
47000,148002
47000,103008
47000,74285
47000,106080
47000,38007
47000,265771
47000,107391
48000,203197
48000,77892
48000,392982
48000,16376
48000,58722
48000,13630
48000,98595
48000,76536
48000,119381
48000,159055
48000,310116
48000,141403
48000,164048
48000,27048
48000,128732
48000,48642
48000,60247
48000,113970
48000,149285
48000,142162
48000,174565
48000,363818
48000,61951
48000,69002
48000,123865
48000,56500
48000,118160
48000,213292
48000,108687
48000,244050
48000,112868
48000,182378
48000,14131
48000,16949
48000,7501
48000,22515
48000,102097
48000,148261
48000,169572
48000,85431
48000,322456
48000,158914
48000,258562
48000,199413
48000,153708
48000,16728
48000,103161
48000,175957
48000,34867
48000,98924
49000,79195
49000,140252
49000,103238
49000,135317
49000,136676
49000,98521
49000,199328
49000,111890
49000,241103
49000,100521
49000,167093
49000,78053
49000,344464
49000,153330
49000,149322
49000,57904
49000,162053
49000,161508
49000,60705
49000,65094
49000,221914
49000,163164
49000,66016
49000,210483
49000,163389
49000,4353
49000,97294
49000,135185
49000,58147
49000,156626
49000,84372
49000,71434
49000,137944
49000,171103
49000,173678
49000,150295
49000,38456
49000,142798
49000,144470
49000,115137
49000,176882
49000,109395
49000,100353
49000,99672
49000,105213
49000,112700
49000,53063
49000,115469
49000,27480
49000,23926
50000,210720
50000,24589
50000,59625
50000,63769
50000,57367
50000,148906
50000,104128
50000,141114
50000,19784
50000,65625
50000,105970
50000,122391
50000,167831
50000,137130
50000,235060
50000,219012
50000,160645
50000,97533
50000,52191
50000,99550
50000,185863
50000,146820
50000,62409
50000,227156
50000,167007
50000,52794
50000,77182
50000,121400
50000,86853
50000,160680
50000,19661
50000,130979
50000,90147
50000,18538
50000,62364
50000,72870
50000,127705
50000,102913
50000,323821
50000,34404
50000,95789
50000,6082
50000,124881
50000,27542
50000,151411
50000,138044
50000,139199
50000,17868
50000,134441
50000,144488
51000,139685
51000,88894
51000,180578
51000,138204
51000,43912
51000,113577
51000,217513
51000,52949
51000,104891
51000,133486
51000,113003
51000,97120
51000,203099
51000,348036
51000,281278
51000,146230
51000,218074
51000,26747
51000,100491
51000,9514
51000,140828
51000,359314
51000,254036
51000,144204
51000,130530
51000,171116
51000,211807
51000,77031
51000,57298
51000,165058
51000,184000
51000,92048
51000,111150
51000,152250
51000,33737
51000,106512
51000,151427
51000,82744
51000,31108
51000,422266
51000,237104
51000,100247
51000,83358
51000,215938
51000,192750
51000,182588
51000,147716
51000,123337
51000,94833
51000,162331
52000,149533
52000,185280
52000,155236
52000,175716
52000,225420
52000,213911
52000,178337
52000,176107
52000,121912
52000,106170
52000,182735
52000,287363
52000,187453
52000,139143
52000,177077
52000,356524
52000,132371
52000,139534
52000,31425
52000,44054
52000,34689
52000,281964
52000,155972
52000,108858
52000,38010
52000,68471
52000,189451
52000,143753
52000,172960
52000,179729
52000,141627
52000,58341
52000,124423
52000,135018
52000,99696
52000,106618
52000,134281
52000,54771
52000,180098
52000,100794
52000,20866
52000,265173
52000,272719
52000,47074
52000,164045
52000,153571
52000,19787
52000,33977
52000,114943
52000,93999
53000,90143
53000,118955
53000,100822
53000,55203
53000,157474
53000,168071
53000,139434
53000,141527
53000,45472
53000,275130
53000,139348
53000,161269
53000,158648
53000,37282
53000,110828
53000,236118
53000,48324
53000,144406
53000,250758
53000,215795
53000,120710
53000,153332
53000,185968
53000,160577
53000,59429
53000,125108
53000,159065
53000,198117
53000,277307
53000,103874
53000,136127
53000,169425
53000,21688
53000,196087
53000,123504
53000,157541
53000,52131
53000,115785
53000,82543
53000,91697
53000,7738
53000,47966
53000,109787
53000,14263
53000,227024
53000,264157
53000,184286
53000,395006
53000,213757
53000,231459
54000,225044
54000,133870
54000,238090
54000,133941
54000,269539
54000,44192
54000,217197
54000,113915
54000,259092
54000,203055
54000,102327
54000,98309
54000,138050
54000,178404
54000,296742
54000,287608
54000,54618
54000,128168
54000,152679
54000,147093
54000,85854
54000,112850
54000,118191
54000,155652
54000,235811
54000,114281
54000,134175
54000,143722
54000,122702
54000,186003
54000,250347
54000,121686
54000,30386
54000,59363
54000,148028
54000,99943
54000,142915
54000,165637
54000,133460
54000,424796
54000,232986
54000,68918
54000,130400
54000,36672
54000,138877
54000,328046
54000,177217
54000,81293
54000,68588
54000,156355
55000,201338
55000,127423
55000,230136
55000,54901
55000,319594
55000,242257
55000,108503
55000,171234
55000,114554
55000,174935
55000,159771
55000,103598
55000,111428
55000,233913
55000,168221
55000,127442
55000,180518
55000,383157
55000,107080
55000,31495
55000,144881
55000,102685
55000,251716
55000,101094
55000,107205
55000,182162
55000,96115
55000,263707
55000,342508
55000,145689
55000,124748
55000,164247
55000,284364
55000,114275
55000,176462
55000,164389
55000,147184
55000,169665
55000,194873
55000,55427
55000,176855
55000,213716
55000,212668
55000,115831
55000,190901
55000,185156
55000,73005
55000,80459
55000,84690
55000,81524
56000,208221
56000,241595
56000,199479
56000,119117
56000,130022
56000,134303
56000,154725
56000,249086
56000,176109
56000,224
56000,222357
56000,196396
56000,345081
56000,120208
56000,214575
56000,291599
56000,81489
56000,120807
56000,23936
56000,217902
56000,186329
56000,120135
56000,203467
56000,220170
56000,255152
56000,85693
56000,146171
56000,357690
56000,97096
56000,72092
56000,164079
56000,55873
56000,360124
56000,51680
56000,191705
56000,141318
56000,253444
56000,226163
56000,133004
56000,120474
56000,135620
56000,134024
56000,291097
56000,182540
56000,72701
56000,73962
56000,66759
56000,246898
56000,192562
56000,145892
57000,179855
57000,57953
57000,147574
57000,136012
57000,153886
57000,140060
57000,266392
57000,157543
57000,43484
57000,420084
57000,114757
57000,70052
57000,363164
57000,309420
57000,83597
57000,74446
57000,211535
57000,60459
57000,56293
57000,24622
57000,146396
57000,56118
57000,56610
57000,27998
57000,100488
57000,68031
57000,112260
57000,202918
57000,147209
57000,230679
57000,115552
57000,107002
57000,172195
57000,175455
57000,138044
57000,119364
57000,278911
57000,226799
57000,367819
57000,59968
57000,165930
57000,81571
57000,172134
57000,96416
57000,312248
57000,147033
57000,353199
57000,13475
57000,38282
57000,334181
58000,174245
58000,28080
58000,136630
58000,155004
58000,263764
58000,233318
58000,133325
58000,276725
58000,111587
58000,208038
58000,253136
58000,152613
58000,92214
58000,45719
58000,165319
58000,276026
58000,84118
58000,234145
58000,142681
58000,48232
58000,264413
58000,73352
58000,151259
58000,178870
58000,336770
58000,56787
58000,84072
58000,123048
58000,89498
58000,176715
58000,32354
58000,59243
58000,136388
58000,256431
58000,145751
58000,273832
58000,127255
58000,14307
58000,120861
58000,77216
58000,86349
58000,81402
58000,259452
58000,237074
58000,12439
58000,115558
58000,27683
58000,213761
58000,238499
58000,213215
59000,193845
59000,150930
59000,119482
59000,168277
59000,88000
59000,227640
59000,138496
59000,143088
59000,234066
59000,157802
59000,76886
59000,323237
59000,281058
59000,49093
59000,146266
59000,115848
59000,71392
59000,156582
59000,193188
59000,217092
59000,248721
59000,104883
59000,243032
59000,160718
59000,152624
59000,168626
59000,123448
59000,205721
59000,115797
59000,140247
59000,155271
59000,77175
59000,116090
59000,83139
59000,67742
59000,256748
59000,118572
59000,57420
59000,287040
59000,339497
59000,149776
59000,155356
59000,84287
59000,114756
59000,51589
59000,120846
59000,115939
59000,198876
59000,270069
59000,347349
60000,107542
60000,73094
60000,6202
60000,21635
60000,307366
60000,95363
60000,191423
60000,92890
60000,312257
60000,126755
60000,186317
60000,107351
60000,127184
60000,134759
60000,118586
60000,208629
60000,231288
60000,268247
60000,139458
60000,179088
60000,197401
60000,25833
60000,293418
60000,190490
60000,155628
60000,39685
60000,131941
60000,164903
60000,55063
60000,98667
60000,1167
60000,147868
60000,76804
60000,234749
60000,83743
60000,149488
60000,174418
60000,243628
60000,278404
60000,365583
60000,20083
60000,230421
60000,211055
60000,42844
60000,152760
60000,259486
60000,411123
60000,187680
60000,277999
60000,175983
61000,139863
61000,134189
61000,138411
61000,18136
61000,64166
61000,72788
61000,8934
61000,186930
61000,365657
61000,88618
61000,203142
61000,230216
61000,200420
61000,560983
61000,327125
61000,260031
61000,143281
61000,247911
61000,222986
61000,87553
61000,306063
61000,63107
61000,105421
61000,151251
61000,495530
61000,392764
61000,8188
61000,350629
61000,202324
61000,103036
61000,444331
61000,117713
61000,98153
61000,90458
61000,424137
61000,195300
61000,189770
61000,249253
61000,53449
61000,284696
61000,137075
61000,207206
61000,208457
61000,149431
61000,183832
61000,129949
61000,7095
61000,127971
61000,142335
61000,205098
62000,58791
62000,62457
62000,126078
62000,195969
62000,124532
62000,184549
62000,174679
62000,194247
62000,216093
62000,162039
62000,313393
62000,343522
62000,26180
62000,154527
62000,353301
62000,177687
62000,48965
62000,97525
62000,94507
62000,295766
62000,138628
62000,216886
62000,56194
62000,34504
62000,131832
62000,89307
62000,317718
62000,44758
62000,113415
62000,225046
62000,119971
62000,45326
62000,137781
62000,175615
62000,183485
62000,351845
62000,262807
62000,281950
62000,81601
62000,346733
62000,314273
62000,173696
62000,74647
62000,279103
62000,64285
62000,63336
62000,202273
62000,299707
62000,268445
62000,120194
63000,183915
63000,258131
63000,52728
63000,84150
63000,166287
63000,120905
63000,116461
63000,117087
63000,131353
63000,228704
63000,175227
63000,101598
63000,149985
63000,174838
63000,48377
63000,51806
63000,186150
63000,40027
63000,239506
63000,235238
63000,95091
63000,134857
63000,47826
63000,191886
63000,166847
63000,76963
63000,92861
63000,310921
63000,119820
63000,91006
63000,166420
63000,158740
63000,28528
63000,124476
63000,71593
63000,160657
63000,186638
63000,81027
63000,258784
63000,143300
63000,140707
63000,28503
63000,175401
63000,73031
63000,320759
63000,176320
63000,164861
63000,118806
63000,80787
63000,63410
64000,51234
64000,205118
64000,382144
64000,191038
64000,92338
64000,144207
64000,315196
64000,72640
64000,19911
64000,232505
64000,164052
64000,55351
64000,43189
64000,106159
64000,130731
64000,36159
64000,107969
64000,89533
64000,39727
64000,82341
64000,185421
64000,166926
64000,140341
64000,6160
64000,158343
64000,37453
64000,31459
64000,63954
64000,265976
64000,230741
64000,76335
64000,264434
64000,282400
64000,186793
64000,232979
64000,107078
64000,147313
64000,245846
64000,163530
64000,254683
64000,167547
64000,118213
64000,367656
64000,179550
64000,103224
64000,151751
64000,127003
64000,126639
64000,170170
64000,246715
65000,68055
65000,106750
65000,115040
65000,143384
65000,175114
65000,183578
65000,228690
65000,134361
65000,50505
65000,84381
65000,159936
65000,107929
65000,70136
65000,110663
65000,198706
65000,218624
65000,131214
65000,178661
65000,137543
65000,394461
65000,225818
65000,158620
65000,267717
65000,138160
65000,268519
65000,233781
65000,148657
65000,105933
65000,47858
65000,235148
65000,94048
65000,140169
65000,94287
65000,238825
65000,173454
65000,15296
65000,377593
65000,97673
65000,256592
65000,163895
65000,32301
65000,233685
65000,189101
65000,82082
65000,441700
65000,57468
65000,268252
65000,256570
65000,103255
65000,120080
66000,253165
66000,121103
66000,270871
66000,226675
66000,101673
66000,194788
66000,131826
66000,201759
66000,168477
66000,361286
66000,166087
66000,157491
66000,253165
66000,106194
66000,185872
66000,259227
66000,375896
66000,119336
66000,30519
66000,127801
66000,182037
66000,411692
66000,183524
66000,178894
66000,174588
66000,231935
66000,45867
66000,187847
66000,133356
66000,235456
66000,287881
66000,170558
66000,178318
66000,181737
66000,65135
66000,289158
66000,143074
66000,97765
66000,277640
66000,151680
66000,222961
66000,530721
66000,114313
66000,375632
66000,123003
66000,136867
66000,92460
66000,67411
66000,151898
66000,259646
67000,161036
67000,262799
67000,145335
67000,121547
67000,67881
67000,263307
67000,144629
67000,39450
67000,167976
67000,272371
67000,268277
67000,178655
67000,386641
67000,208611
67000,430607
67000,187373
67000,76139
67000,184970
67000,6823
67000,120358
67000,96208
67000,374511
67000,79013
67000,100122
67000,208954
67000,46673
67000,58496
67000,431045
67000,93074
67000,20596
67000,200374
67000,426506
67000,139013
67000,113337
67000,265579
67000,97329
67000,107871
67000,162155
67000,112976
67000,129243
67000,212263
67000,159139
67000,185698
67000,114293
67000,113695
67000,68883
67000,200894
67000,196821
67000,248149
67000,132558
68000,256567
68000,149863
68000,71304
68000,292172
68000,93294
68000,26350
68000,222648
68000,163960
68000,240803
68000,71575
68000,12419
68000,157624
68000,69643
68000,130420
68000,81596
68000,128835
68000,221732
68000,137373
68000,209708
68000,359727
68000,12668
68000,345960
68000,136572
68000,45677
68000,3143
68000,135971
68000,176485
68000,191927
68000,333397
68000,102012
68000,289224
68000,40569
68000,138918
68000,186281
68000,78599
68000,308420
68000,56054
68000,159614
68000,89897
68000,85073
68000,126368
68000,117317
68000,61501
68000,186247
68000,216389
68000,92845
68000,122103
68000,106251
68000,229023
68000,87982
69000,126373
69000,133391
69000,336574
69000,248793
69000,175983
69000,91027
69000,109381
69000,165826
69000,104707
69000,131297
69000,138204
69000,267043
69000,70314
69000,138292
69000,169351
69000,5147
69000,352323
69000,339040
69000,334785
69000,210865
69000,15393
69000,225770
69000,147739
69000,294449
69000,377477
69000,131533
69000,396026
69000,93070
69000,430774
69000,270955
69000,278700
69000,243217
69000,414927
69000,282048
69000,132727
69000,508270
69000,111243
69000,293719
69000,203531
69000,86350
69000,253803
69000,309453
69000,236380
69000,364610
69000,130128
69000,121725
69000,140865
69000,253910
69000,189196
69000,207241
70000,308701
70000,207007
70000,266426
70000,191170
70000,140212
70000,112217
70000,174193
70000,307948
70000,116183
70000,50210
70000,55379
70000,81305
70000,213246
70000,193857
70000,325199
70000,171457
70000,280432
70000,115986
70000,84848
70000,185979
70000,168462
70000,399918
70000,138758
70000,135505
70000,124971
70000,155633
70000,284525
70000,78625
70000,108946
70000,135148
70000,200188
70000,267984
70000,153618
70000,226002
70000,118314
70000,206650
70000,182974
70000,123884
70000,225973
70000,394736
70000,81894
70000,99688
70000,94070
70000,38987
70000,123928
70000,1892
70000,126876
70000,118395
70000,188592
70000,160627
71000,165696
71000,32258
71000,134784
71000,86721
71000,209412
71000,231661
71000,269211
71000,191244
71000,67815
71000,113919
71000,265085
71000,161939
71000,121233
71000,211748
71000,172835
71000,151335
71000,85633
71000,149924
71000,211498
71000,106840
71000,172273
71000,171855
71000,192838
71000,147417
71000,43883
71000,221904
71000,338586
71000,110837
71000,250628
71000,22277
71000,262093
71000,224725
71000,113909
71000,158797
71000,422384
71000,209877
71000,125175
71000,406654
71000,131167
71000,143835
71000,27652
71000,206270
71000,293666
71000,126210
71000,190001
71000,355021
71000,54503
71000,482714
71000,98531
71000,86783
72000,53361
72000,49989
72000,170219
72000,31572
72000,168189
72000,322461
72000,122324
72000,418903
72000,335779
72000,312829
72000,203766
72000,126599
72000,224217
72000,176317
72000,288319
72000,284564
72000,139327
72000,211499
72000,201437
72000,377541
72000,164837
72000,292669
72000,107464
72000,264025
72000,226296
72000,237083
72000,260681
72000,175538
72000,200409
72000,198335
72000,213335
72000,104944
72000,277583
72000,81879
72000,79677
72000,198270
72000,212911
72000,371075
72000,99901
72000,221939
72000,55183
72000,115678
72000,21308
72000,142750
72000,297472
72000,212330
72000,211691
72000,218643
72000,194440
72000,108953
73000,101490
73000,255716
73000,163171
73000,150304
73000,144522
73000,451703
73000,234937
73000,101370
73000,326787
73000,201212
73000,165303
73000,416952
73000,264548
73000,233378
73000,216225
73000,129208
73000,217338
73000,240888
73000,113400
73000,221390
73000,276965
73000,475614
73000,92386
73000,257031
73000,159635
73000,349826
73000,231415
73000,304042
73000,302710
73000,233378
73000,223454
73000,210501
73000,233184
73000,459865
73000,142275
73000,178852
73000,127715
73000,183306
73000,209839
73000,157653
73000,310527
73000,186481
73000,320902
73000,395000
73000,270051
73000,322495
73000,227066
73000,249943
73000,113275
73000,182607
74000,63151
74000,289427
74000,230034
74000,333746
74000,255941
74000,149699
74000,233495
74000,220807
74000,290881
74000,166662
74000,219131
74000,29971
74000,238564
74000,280604
74000,229854
74000,212277
74000,158659
74000,327464
74000,122541
74000,224405
74000,267432
74000,416831
74000,179196
74000,139592
74000,39543
74000,263165
74000,200899
74000,153687
74000,182666
74000,201700
74000,156823
74000,639309
74000,363306
74000,97299
74000,186110
74000,228901
74000,205475
74000,151414
74000,168803
74000,396616
74000,227290
74000,114262
74000,106307
74000,250418
74000,217047
74000,121655
74000,76426
74000,232813
74000,202958
74000,207090
75000,181603
75000,289714
75000,181786
75000,222138
75000,247652
75000,200971
75000,352672
75000,200028
75000,126943
75000,230115
75000,282060
75000,272155
75000,28473
75000,134781
75000,17009
75000,37473
75000,42214
75000,156782
75000,71758
75000,157121
75000,148361
75000,409806
75000,141596
75000,48119
75000,277474
75000,167358
75000,49502
75000,172740
75000,280433
75000,266863
75000,313792
75000,293314
75000,176837
75000,313972
75000,122058
75000,309477
75000,51318
75000,75584
75000,83904
75000,370235
75000,225258
75000,248994
75000,234642
75000,380274
75000,121804
75000,20295
75000,216572
75000,317229
75000,249293
75000,186043
76000,157617
76000,163921
76000,295010
76000,243782
76000,192362
76000,405354
76000,45082
76000,85901
76000,195327
76000,309072
76000,34250
76000,407749
76000,78270
76000,299927
76000,267631
76000,330686
76000,194658
76000,245086
76000,185970
76000,142145
76000,505365
76000,441373
76000,38227
76000,423502
76000,15630
76000,185906
76000,173646
76000,160522
76000,52330
76000,52736
76000,324046
76000,176067
76000,301247
76000,202962
76000,404557
76000,83801
76000,266152
76000,235145
76000,131078
76000,227507
76000,248114
76000,511067
76000,178302
76000,133833
76000,18908
76000,102074
76000,366055
76000,329749
76000,326815
76000,123639
77000,132419
77000,70221
77000,207223
77000,237788
77000,116513
77000,349268
77000,130681
77000,221814
77000,341264
77000,134253
77000,248674
77000,238797
77000,127990
77000,123081
77000,150814
77000,209240
77000,53883
77000,154216
77000,184335
77000,214871
77000,393221
77000,409560
77000,240167
77000,91107
77000,173165
77000,170329
77000,256077
77000,266379
77000,124913
77000,121431
77000,185915
77000,87084
77000,282532
77000,79537
77000,281238
77000,347747
77000,168164
77000,21902
77000,185430
77000,238765
77000,81942
77000,173766
77000,35478
77000,143805
77000,159359
77000,198218
77000,230352
77000,125294
77000,70009
77000,212273
78000,156749
78000,195931
78000,309306
78000,138363
78000,389934
78000,95311
78000,301645
78000,210695
78000,419889
78000,217465
78000,131064
78000,128322
78000,249501
78000,216827
78000,54420
78000,288835
78000,187766
78000,254306
78000,38038
78000,297385
78000,58437
78000,232198
78000,155753
78000,205377
78000,111750
78000,293418
78000,336738
78000,59904
78000,101967
78000,533591
78000,288865
78000,277209
78000,253863
78000,418826
78000,212907
78000,142176
78000,154179
78000,278630
78000,216878
78000,211365
78000,128054
78000,327412
78000,374567
78000,174967
78000,412562
78000,91151
78000,197864
78000,117742
78000,327086
78000,289029
79000,424199
79000,229618
79000,117783
79000,40235
79000,253960
79000,383031
79000,184310
79000,172766
79000,232278
79000,106736
79000,230235
79000,239630
79000,267594
79000,324590
79000,174962
79000,110383
79000,173000
79000,305702
79000,52513
79000,140329
79000,315712
79000,25099
79000,189230
79000,223853
79000,35322
79000,198417
79000,49416
79000,269664
79000,195157
79000,351806
79000,186365
79000,195993
79000,249794
79000,182475
79000,340304
79000,102117
79000,291671
79000,244901
79000,137051
79000,138240
79000,79878
79000,90115
79000,258581
79000,206860
79000,94362
79000,94298
79000,235499
79000,328991
79000,358127
79000,258961
80000,354529
80000,135051
80000,369282
80000,273665
80000,423656
80000,341355
80000,322568
80000,195006
80000,404472
80000,298344
80000,145471
80000,264665
80000,184157
80000,4388
80000,253123
80000,345725
80000,304203
80000,554721
80000,422170
80000,52992
80000,35605
80000,185426
80000,224728
80000,347443
80000,411697
80000,124565
80000,253191
80000,100650
80000,416801
80000,164194
80000,10844
80000,798113
80000,160913
80000,132436
80000,654494
80000,361143
80000,318901
80000,209637
80000,111292
80000,258142
80000,286792
80000,44343
80000,3185
80000,160388
80000,265922
80000,203611
80000,283334
80000,20860
80000,162866
80000,224548
81000,222565
81000,143339
81000,211401
81000,9839
81000,311355
81000,243810
81000,319481
81000,216046
81000,264002
81000,283899
81000,135631
81000,295562
81000,438970
81000,229649
81000,18222
81000,258864
81000,238389
81000,388839
81000,264101
81000,259045
81000,338026
81000,18922
81000,80040
81000,263821
81000,401055
81000,198219
81000,142762
81000,78378
81000,199799
81000,20761
81000,197894
81000,241631
81000,200446
81000,258693
81000,186391
81000,236301
81000,647207
81000,193414
81000,202706
81000,176704
81000,316977
81000,325691
81000,86006
81000,270646
81000,142021
81000,238249
81000,266194
81000,195398
81000,218256
81000,96218
82000,140202
82000,250091
82000,226945
82000,418012
82000,658893
82000,226720
82000,316611
82000,328675
82000,6322
82000,311760
82000,268501
82000,241545
82000,109407
82000,192659
82000,2697
82000,359746
82000,65592
82000,207109
82000,135156
82000,143501
82000,233379
82000,239341
82000,100552
82000,129452
82000,244641
82000,285720
82000,29567
82000,323559
82000,97795
82000,328175
82000,395781
82000,222838
82000,149691
82000,137106
82000,28984
82000,43294
82000,7353
82000,203825
82000,131903
82000,117137
82000,586492
82000,390770
82000,83287
82000,342790
82000,108277
82000,109773
82000,21891
82000,221430
82000,226188
82000,301210
83000,199923
83000,228969
83000,409915
83000,311434
83000,298467
83000,142869
83000,235520
83000,315122
83000,285421
83000,118590
83000,132803
83000,233072
83000,282494
83000,229517
83000,175767
83000,177871
83000,347186
83000,141059
83000,280034
83000,79617
83000,157087
83000,132232
83000,59178
83000,223986
83000,122974
83000,63136
83000,45707
83000,24343
83000,176567
83000,239254
83000,323472
83000,70080
83000,191557
83000,213193
83000,394474
83000,328199
83000,83055
83000,217445
83000,371449
83000,219931
83000,134043
83000,151275
83000,473684
83000,213881
83000,186573
83000,404773
83000,367214
83000,79238
83000,31018
83000,409086
84000,457745
84000,187168
84000,93518
84000,245132
84000,99646
84000,272890
84000,202547
84000,247778
84000,138037
84000,234280
84000,270637
84000,182431
84000,347667
84000,58006
84000,9445
84000,247421
84000,202062
84000,254488
84000,368137
84000,174131
84000,334255
84000,212741
84000,88323
84000,179688
84000,201399
84000,275571
84000,134172
84000,247476
84000,101797
84000,153566
84000,93984
84000,448103
84000,522074
84000,228204
84000,180860
84000,235348
84000,290918
84000,553411
84000,487991
84000,56425
84000,82864
84000,311817
84000,134028
84000,359892
84000,307815
84000,97866
84000,315711
84000,126715
84000,166525
84000,294515
85000,212508
85000,13708
85000,166831
85000,186302
85000,131917
85000,292212
85000,139762
85000,98273
85000,95697
85000,442224
85000,208001
85000,161476
85000,444161
85000,37396
85000,372842
85000,469190
85000,108290
85000,426998
85000,279572
85000,225157
85000,283146
85000,576298
85000,327398
85000,475349
85000,232300
85000,180166
85000,119847
85000,94057
85000,380961
85000,53041
85000,201010
85000,235702
85000,405069
85000,123715
85000,225730
85000,317737
85000,283303
85000,205761
85000,204143
85000,161650
85000,13551
85000,659154
85000,212629
85000,299740
85000,148792
85000,547713
85000,413216
85000,470626
85000,58785
85000,349908
86000,114894
86000,119396
86000,277737
86000,208517
86000,385421
86000,319353
86000,163370
86000,235386
86000,179420
86000,214094
86000,150879
86000,64423
86000,224510
86000,231481
86000,255486
86000,217973
86000,243060
86000,218960
86000,149507
86000,440607
86000,274971
86000,297154
86000,59214
86000,386359
86000,180991
86000,160925
86000,29605
86000,253166
86000,325026
86000,283334
86000,248701
86000,27958
86000,383477
86000,153222
86000,71374
86000,155628
86000,161420
86000,184001
86000,111336
86000,96900
86000,162010
86000,239623
86000,108468
86000,706037
86000,256344
86000,184943
86000,171909
86000,273744
86000,411263
86000,168933
87000,373702
87000,581628
87000,695889
87000,305073
87000,444234
87000,270655
87000,359744
87000,286927
87000,91701
87000,83908
87000,216953
87000,257350
87000,142200
87000,374034
87000,195122
87000,20107
87000,176004
87000,189006
87000,53407
87000,176595
87000,354560
87000,385801
87000,449272
87000,288713
87000,101635
87000,219457
87000,191875
87000,251366
87000,488217
87000,75393
87000,168417
87000,422567
87000,545863
87000,120941
87000,222664
87000,438517
87000,644730
87000,280081
87000,315225
87000,71032
87000,223438
87000,159871
87000,278375
87000,520063
87000,460739
87000,56228
87000,301181
87000,511115
87000,357671
87000,111043
88000,111896
88000,112268
88000,156306
88000,109075
88000,436876
88000,38803
88000,210118
88000,375272
88000,194833
88000,589270
88000,230107
88000,347116
88000,296871
88000,155375
88000,218390
88000,557394
88000,272665
88000,310988
88000,124199
88000,66224
88000,29455
88000,26169
88000,190565
88000,230298
88000,442357
88000,375527
88000,29286
88000,308400
88000,143061
88000,82466
88000,176874
88000,339045
88000,294399
88000,364507
88000,77434
88000,152249
88000,404596
88000,526979
88000,270575
88000,226449
88000,135212
88000,433274
88000,90250
88000,132699
88000,176213
88000,123535
88000,165719
88000,204407
88000,334248
88000,29543
89000,269324
89000,293530
89000,342406
89000,277246
89000,183990
89000,125729
89000,505209
89000,171724
89000,131718
89000,115309
89000,358466
89000,203992
89000,117215
89000,70880
89000,44707
89000,149575
89000,185833
89000,283930
89000,313774
89000,454462
89000,167771
89000,351789
89000,211814
89000,214004
89000,242844
89000,343411
89000,10854
89000,298059
89000,233961
89000,483009
89000,174463
89000,226734
89000,281308
89000,222489
89000,247691
89000,388594
89000,86397
89000,397705
89000,280316
89000,121216
89000,282961
89000,346459
89000,176102
89000,173141
89000,445136
89000,144637
89000,58200
89000,147394
89000,44030
89000,296126
90000,349346
90000,149700
90000,64719
90000,243713
90000,126868
90000,377538
90000,188782
90000,237264
90000,133260
90000,370445
90000,207045
90000,465021
90000,47385
90000,161770
90000,74289
90000,357673
90000,154219
90000,145861
90000,330999
90000,414735
90000,322536
90000,318824
90000,242733
90000,253936
90000,238386
90000,112779
90000,592728
90000,221555
90000,120539
90000,474683
90000,191625
90000,107948
90000,148087
90000,365010
90000,475198
90000,429634
90000,213358
90000,32559
90000,186547
90000,236076
90000,283009
90000,368628
90000,278045
90000,245574
90000,243401
90000,83045
90000,206610
90000,224672
90000,235005
90000,366453
91000,134768
91000,398390
91000,94325
91000,341564
91000,361814
91000,236638
91000,126509
91000,191407
91000,407189
91000,330502
91000,265405
91000,348135
91000,555306
91000,153271
91000,309324
91000,236212
91000,142898
91000,186706
91000,388687
91000,445578
91000,447010
91000,165262
91000,273560
91000,284060
91000,294840
91000,434415
91000,204430
91000,135640
91000,134661
91000,187721
91000,192429
91000,375379
91000,309062
91000,469336
91000,267587
91000,228443
91000,298420
91000,180282
91000,101718
91000,151216
91000,164825
91000,287108
91000,217403
91000,238090
91000,462024
91000,442279
91000,440468
91000,269805
91000,723486
91000,193639
92000,317412
92000,44337
92000,199897
92000,288511
92000,149012
92000,366005
92000,168495
92000,108432
92000,233641
92000,212084
92000,249139
92000,256826
92000,593723
92000,210492
92000,499867
92000,349887
92000,63745
92000,184412
92000,299749
92000,8034
92000,201977
92000,286743
92000,162075
92000,217287
92000,84976
92000,126581
92000,109143
92000,226900
92000,193416
92000,179906
92000,122140
92000,380997
92000,571425
92000,102950
92000,143328
92000,279554
92000,127782
92000,152196
92000,478785
92000,147450
92000,325927
92000,435442
92000,401631
92000,242874
92000,496438
92000,362079
92000,20678
92000,214914
92000,281696
92000,307835
93000,186267
93000,238430
93000,239172
93000,264868
93000,334254
93000,45479
93000,349559
93000,83710
93000,338898
93000,118111
93000,166735
93000,125116
93000,311995
93000,140002
93000,222591
93000,442357
93000,45539
93000,275760
93000,104712
93000,204018
93000,204037
93000,55105
93000,163823
93000,231090
93000,25151
93000,332027
93000,280702
93000,113015
93000,429131
93000,343292
93000,350107
93000,147261
93000,431985
93000,327382
93000,173237
93000,251901
93000,244293
93000,189176
93000,172362
93000,125348
93000,301867
93000,259529
93000,147664
93000,159858
93000,234837
93000,275107
93000,100775
93000,21641
93000,196743
93000,44882
94000,206142
94000,385504
94000,172142
94000,441866
94000,295860
94000,160360
94000,120147
94000,58196
94000,169179
94000,210712
94000,329349
94000,134294
94000,195086
94000,264240
94000,174527
94000,110043
94000,163954
94000,307237
94000,306152
94000,95468
94000,160800
94000,225859
94000,394594
94000,240004
94000,314300
94000,305851
94000,152524
94000,412556
94000,503062
94000,187912
94000,218201
94000,275194
94000,27688
94000,409638
94000,280383
94000,460538
94000,368468
94000,291271
94000,479200
94000,334328
94000,576420
94000,131922
94000,155671
94000,288655
94000,332566
94000,65517
94000,200023
94000,154609
94000,7397
94000,290717
95000,121830
95000,497999
95000,207724
95000,346692
95000,88798
95000,24467
95000,187887
95000,297830
95000,84411
95000,108903
95000,431190
95000,70933
95000,37859
95000,393372
95000,231772
95000,117532
95000,488345
95000,303916
95000,532082
95000,331795
95000,706572
95000,232974
95000,62154
95000,297365
95000,334648
95000,291869
95000,110630
95000,413710
95000,188504
95000,55233
95000,238072
95000,130010
95000,324623
95000,231512
95000,329935
95000,193474
95000,362136
95000,133338
95000,340526
95000,371806
95000,369934
95000,396149
95000,36308
95000,147185
95000,161661
95000,143266
95000,369274
95000,75901
95000,191458
95000,353540
96000,60666
96000,261357
96000,285437
96000,789280
96000,484093
96000,323263
96000,290092
96000,432964
96000,187071
96000,207466
96000,210166
96000,401660
96000,287550
96000,322206
96000,276700
96000,221876
96000,174844
96000,374659
96000,343368
96000,182544
96000,400348
96000,294023
96000,420290
96000,116223
96000,4688
96000,278589
96000,160000
96000,220878
96000,287412
96000,324156
96000,529314
96000,345903
96000,286316
96000,360674
96000,344553
96000,314333
96000,69686
96000,143410
96000,6403
96000,189536
96000,134250
96000,98877
96000,255982
96000,238297
96000,298654
96000,209304
96000,200620
96000,147040
96000,408658
96000,198685
97000,275844
97000,108630
97000,183351
97000,205012
97000,413997
97000,134527
97000,182892
97000,143500
97000,258235
97000,284076
97000,216735
97000,224467
97000,537836
97000,87070
97000,338852
97000,42778
97000,698753
97000,412535
97000,124376
97000,258302
97000,402438
97000,331943
97000,205730
97000,166292
97000,199789
97000,281161
97000,316453
97000,225116
97000,146961
97000,218143
97000,471933
97000,105401
97000,406654
97000,508181
97000,73572
97000,384459
97000,104590
97000,418057
97000,327355
97000,272072
97000,492091
97000,261159
97000,510959
97000,405411
97000,432850
97000,208217
97000,501611
97000,335773
97000,441275
97000,468512
98000,73627
98000,50507
98000,101503
98000,329132
98000,345160
98000,256565
98000,395390
98000,152129
98000,290062
98000,94480
98000,6418
98000,623281
98000,178036
98000,160453
98000,503055
98000,261551
98000,204090
98000,19897
98000,98800
98000,279383
98000,279434
98000,199074
98000,453203
98000,267411
98000,232074
98000,170091
98000,369395
98000,220521
98000,329912
98000,355619
98000,370824
98000,144150
98000,154165
98000,144326
98000,177547
98000,444946
98000,263644
98000,359307
98000,736082
98000,133546
98000,263132
98000,212104
98000,183225
98000,518543
98000,220246
98000,397663
98000,448000
98000,403905
98000,174536
98000,212338
99000,180533
99000,177156
99000,65441
99000,126692
99000,523019
99000,257504
99000,241601
99000,260102
99000,193974
99000,147221
99000,92331
99000,319097
99000,58031
99000,172234
99000,499888
99000,67845
99000,342745
99000,327026
99000,512243
99000,468636
99000,310591
99000,78810
99000,334568
99000,165474
99000,198404
99000,427425
99000,268969
99000,187258
99000,351733
99000,141230
99000,350231
99000,269850
99000,162318
99000,104621
99000,219693
99000,244533
99000,254256
99000,354641
99000,193474
99000,252497
99000,148477
99000,82680
99000,106123
99000,794258
99000,291405
99000,281997
99000,340974
99000,66643
99000,393769
99000,411699
100000,286429
100000,312539
100000,334123
100000,64280
100000,210839
100000,64568
100000,55406
100000,99285
100000,83538
100000,11465
100000,198387
100000,677761
100000,19639
100000,249733
100000,358267
100000,462123
100000,186832
100000,362214
100000,110865
100000,232531
100000,20284
100000,507163
100000,327526
100000,162849
100000,283715
100000,305396
100000,333911
100000,327268
100000,256424
100000,420890
100000,345037
100000,297935
100000,298311
100000,317193
100000,271692
100000,170869
100000,491383
100000,253173
100000,249976
100000,420784
100000,352694
100000,325480
100000,322560
100000,342779
100000,293594
100000,165816
100000,71103
100000,750632
100000,166124
100000,457137
