n,D
1000,8504
1000,11096
1000,8503
1000,9949
1000,11056
1000,8593
1000,10290
1000,10061
1000,9706
1000,10418
1000,9270
1000,10334
1000,10065
1000,8464
1000,9074
1000,9763
1000,10061
1000,12524
1000,14613
1000,12395
1000,8783
1000,9119
1000,10004
1000,9139
1000,9881
1000,11451
1000,13883
1000,10288
1000,10147
1000,10422
1000,11511
1000,10434
1000,8753
1000,9772
1000,10601
1000,10003
1000,10254
1000,10643
1000,9940
1000,9612
1000,10932
1000,12056
1000,11723
1000,9195
1000,10933
1000,10819
1000,9862
1000,11961
1000,8711
1000,8192
2000,21152
2000,22199
2000,20927
2000,20578
2000,21653
2000,17113
2000,19758
2000,22606
2000,17532
2000,23250
2000,18157
2000,17212
2000,21748
2000,22970
2000,18934
2000,21755
2000,20385
2000,24343
2000,14785
2000,24073
2000,21340
2000,20203
2000,18735
2000,18503
2000,23048
2000,21912
2000,19050
2000,17760
2000,17584
2000,27355
2000,23900
2000,17846
2000,20469
2000,19267
2000,23266
2000,19915
2000,17933
2000,23518
2000,21144
2000,16708
2000,19929
2000,19433
2000,20063
2000,22158
2000,20910
2000,16839
2000,23501
2000,26984
2000,18329
2000,16898
3000,35818
3000,30811
3000,28830
3000,30793
3000,40325
3000,41290
3000,30120
3000,28980
3000,29963
3000,35729
3000,30959
3000,29582
3000,36804
3000,31662
3000,30259
3000,27904
3000,35306
3000,38434
3000,30561
3000,34810
3000,29130
3000,31308
3000,29627
3000,37732
3000,30539
3000,37450
3000,33172
3000,30589
3000,28805
3000,40420
3000,33073
3000,30134
3000,40899
3000,35616
3000,34398
3000,30402
3000,32038
3000,33294
3000,44378
3000,39584
3000,52046
3000,34020
3000,31971
3000,28560
3000,40737
3000,35006
3000,29275
3000,32081
3000,32104
3000,34859
4000,39370
4000,41390
4000,46446
4000,48056
4000,52011
4000,47646
4000,38665
4000,48112
4000,47084
4000,46036
4000,48328
4000,43967
4000,39299
4000,44816
4000,39195
4000,37776
4000,46935
4000,46161
4000,48779
4000,54137
4000,40081
4000,49299
4000,51077
4000,51567
4000,46977
4000,39390
4000,43730
4000,45060
4000,39599
4000,49610
4000,52299
4000,50049
4000,46840
4000,41963
4000,38155
4000,46045
4000,39077
4000,52929
4000,45818
4000,42243
4000,47309
4000,37068
4000,57544
4000,46945
4000,44961
4000,39382
4000,39553
4000,41548
4000,43294
4000,40929
5000,76159
5000,66686
5000,52282
5000,49576
5000,49071
5000,59639
5000,58196
5000,56024
5000,62965
5000,64104
5000,62674
5000,55792
5000,64773
5000,60595
5000,56065
5000,67358
5000,59073
5000,52623
5000,53856
5000,50365
5000,52074
5000,48008
5000,51950
5000,68901
5000,65770
5000,57121
5000,60016
5000,64807
5000,50120
5000,58280
5000,54590
5000,56393
5000,54496
5000,47347
5000,63111
5000,42352
5000,62905
5000,51719
5000,50702
5000,54312
5000,63954
5000,52718
5000,50949
5000,57128
5000,60341
5000,50753
5000,64970
5000,61770
5000,57809
5000,56245
6000,64955
6000,84991
6000,75968
6000,65660
6000,65484
6000,69435
6000,66752
6000,67126
6000,68555
6000,73780
6000,67308
6000,60347
6000,69421
6000,71822
6000,71626
6000,70008
6000,76299
6000,65333
6000,63967
6000,74547
6000,69752
6000,75391
6000,66834
6000,61732
6000,81129
6000,74707
6000,64731
6000,72309
6000,73474
6000,74597
6000,65461
6000,77988
6000,67659
6000,69932
6000,90099
6000,83463
6000,84686
6000,63127
6000,66406
6000,72129
6000,68982
6000,66484
6000,66806
6000,74877
6000,69069
6000,65587
6000,68615
6000,68315
6000,64151
6000,77236
7000,91142
7000,83431
7000,114606
7000,78564
7000,80200
7000,83905
7000,87654
7000,126818
7000,89770
7000,101041
7000,88974
7000,91456
7000,87021
7000,83906
7000,80749
7000,130802
7000,95231
7000,77053
7000,103456
7000,83500
7000,84466
7000,88173
7000,72648
7000,78930
7000,75742
7000,102837
7000,79836
7000,92644
7000,83136
7000,98725
7000,76186
7000,76749
7000,81889
7000,73190
7000,88439
7000,100213
7000,88244
7000,92607
7000,74294
7000,83712
7000,65879
7000,85094
7000,94965
7000,88880
7000,90776
7000,78453
7000,94994
7000,85200
7000,77592
7000,72122
8000,107295
8000,93071
8000,91675
8000,93005
8000,92374
8000,84938
8000,93725
8000,123459
8000,91504
8000,92465
8000,134151
8000,91200
8000,96063
8000,108907
8000,111352
8000,109545
8000,88596
8000,92165
8000,98850
8000,108508
8000,86941
8000,102785
8000,86947
8000,91819
8000,95477
8000,101789
8000,100192
8000,87364
8000,124132
8000,89403
8000,116357
8000,95316
8000,80953
8000,90051
8000,86505
8000,107531
8000,88259
8000,105451
8000,98470
8000,102854
8000,102477
8000,88054
8000,100804
8000,91811
8000,112780
8000,87041
8000,89327
8000,94494
8000,85862
8000,97129
9000,101725
9000,105614
9000,125131
9000,102749
9000,120844
9000,114412
9000,97154
9000,114261
9000,102341
9000,105380
9000,115023
9000,105467
9000,103291
9000,106405
9000,97146
9000,114594
9000,130119
9000,126530
9000,157648
9000,99244
9000,103732
9000,95190
9000,139894
9000,107336
9000,120332
9000,91975
9000,163801
9000,116787
9000,142566
9000,96303
9000,118705
9000,94149
9000,104823
9000,108939
9000,120152
9000,100438
9000,113743
9000,118507
9000,101043
9000,103519
9000,119940
9000,117603
9000,93499
9000,102694
9000,103057
9000,101498
9000,120938
9000,90608
9000,102215
9000,105274
10000,116416
10000,117790
10000,106920
10000,117855
10000,116072
10000,117206
10000,135038
10000,113569
10000,114616
10000,120147
10000,148422
10000,117067
10000,123904
10000,128739
10000,124774
10000,114520
10000,126513
10000,117982
10000,147817
10000,108861
10000,123647
10000,101897
10000,117081
10000,124949
10000,148224
10000,119605
10000,103106
10000,123992
10000,113286
10000,130342
10000,146069
10000,121531
10000,119942
10000,109694
10000,126126
10000,117260
10000,119204
10000,127515
10000,116928
10000,104825
10000,108019
10000,112637
10000,116205
10000,118970
10000,126697
10000,126772
10000,109002
10000,113077
10000,148641
10000,116392
11000,156093
11000,157190
11000,132364
11000,137489
11000,140995
11000,126242
11000,163379
11000,139903
11000,114953
11000,144275
11000,161441
11000,130517
11000,156240
11000,129993
11000,133963
11000,127093
11000,124088
11000,141347
11000,131920
11000,132303
11000,136546
11000,131381
11000,157137
11000,125003
11000,125848
11000,128510
11000,157338
11000,125098
11000,126715
11000,129364
11000,134371
11000,118540
11000,129029
11000,132784
11000,196463
11000,136131
11000,131738
11000,142338
11000,130628
11000,147023
11000,132022
11000,140778
11000,132714
11000,118462
11000,116998
11000,154983
11000,125100
11000,131658
11000,130979
11000,113973
12000,151779
12000,128190
12000,158923
12000,171349
12000,132169
12000,166247
12000,143905
12000,129057
12000,129066
12000,166006
12000,136412
12000,138878
12000,145364
12000,164231
12000,129049
12000,142100
12000,155655
12000,138407
12000,135987
12000,130897
12000,145925
12000,147785
12000,161007
12000,142851
12000,162863
12000,134991
12000,214277
12000,127126
12000,138540
12000,162501
12000,140465
12000,144426
12000,181538
12000,134661
12000,157832
12000,147898
12000,135462
12000,157892
12000,144970
12000,155155
12000,153019
12000,153441
12000,150288
12000,146673
12000,160127
12000,145089
12000,158045
12000,149227
12000,133851
12000,139301
13000,158670
13000,159435
13000,170629
13000,160478
13000,181837
13000,164435
13000,156511
13000,153069
13000,152895
13000,152329
13000,159734
13000,185783
13000,162285
13000,157566
13000,205995
13000,166207
13000,155827
13000,191355
13000,167080
13000,158791
13000,174333
13000,147450
13000,165379
13000,158103
13000,177578
13000,142036
13000,179643
13000,165314
13000,175545
13000,176160
13000,170101
13000,144751
13000,144012
13000,147546
13000,174798
13000,150112
13000,144454
13000,163897
13000,148309
13000,155614
13000,157792
13000,172075
13000,160800
13000,184657
13000,164883
13000,152758
13000,145886
13000,163108
13000,168771
13000,167467
14000,176866
14000,192762
14000,180612
14000,155664
14000,185168
14000,234359
14000,178501
14000,190489
14000,177839
14000,164242
14000,183043
14000,165436
14000,171823
14000,175248
14000,156088
14000,211758
14000,206617
14000,169595
14000,188438
14000,194963
14000,181884
14000,166792
14000,171677
14000,178720
14000,161179
14000,170322
14000,161687
14000,186560
14000,150687
14000,178196
14000,164382
14000,186442
14000,165100
14000,170370
14000,182390
14000,190883
14000,151757
14000,177020
14000,202322
14000,151752
14000,209151
14000,172343
14000,173666
14000,170192
14000,165099
14000,193343
14000,196687
14000,159647
14000,191859
14000,187046
15000,192005
15000,197359
15000,167233
15000,217453
15000,170022
15000,195724
15000,187852
15000,179500
15000,176623
15000,209262
15000,186972
15000,178157
15000,180925
15000,184556
15000,184821
15000,239003
15000,197573
15000,228460
15000,171581
15000,198847
15000,176090
15000,208373
15000,219074
15000,193704
15000,187289
15000,191175
15000,180395
15000,169011
15000,211043
15000,189409
15000,213033
15000,222335
15000,169363
15000,190496
15000,159859
15000,165586
15000,219571
15000,196864
15000,186333
15000,159848
15000,190355
15000,156615
15000,171110
15000,204395
15000,203261
15000,195560
15000,242041
15000,196342
15000,167203
15000,172439
16000,231666
16000,226004
16000,203739
16000,169466
16000,209347
16000,240915
16000,176255
16000,205084
16000,197040
16000,212968
16000,220587
16000,226550
16000,188306
16000,208359
16000,195425
16000,182995
16000,234015
16000,194456
16000,223543
16000,200699
16000,210809
16000,204086
16000,194604
16000,192227
16000,223347
16000,202022
16000,228820
16000,212068
16000,231837
16000,209596
16000,238755
16000,162420
16000,209979
16000,233616
16000,199388
16000,191195
16000,216501
16000,197839
16000,211273
16000,332707
16000,176176
16000,197000
16000,170248
16000,217110
16000,256212
16000,242221
16000,178919
16000,187696
16000,192405
16000,218583
17000,228632
17000,248882
17000,227986
17000,243173
17000,249252
17000,220202
17000,228363
17000,242809
17000,217508
17000,208027
17000,227017
17000,210895
17000,194719
17000,231813
17000,220191
17000,209421
17000,223492
17000,224965
17000,248414
17000,219949
17000,194141
17000,224532
17000,201059
17000,205068
17000,238414
17000,184911
17000,244512
17000,234792
17000,225221
17000,224910
17000,200899
17000,200307
17000,207474
17000,210583
17000,241630
17000,206119
17000,214536
17000,255787
17000,218865
17000,258068
17000,287806
17000,225359
17000,220796
17000,204229
17000,223246
17000,195555
17000,206702
17000,191202
17000,181112
17000,227717
18000,221815
18000,223657
18000,222038
18000,205940
18000,220837
18000,229287
18000,280848
18000,185366
18000,219186
18000,264659
18000,209284
18000,220135
18000,314465
18000,253694
18000,220194
18000,214537
18000,242291
18000,234119
18000,206107
18000,236309
18000,220058
18000,230913
18000,213700
18000,248449
18000,261925
18000,246084
18000,233988
18000,279804
18000,214840
18000,223162
18000,287236
18000,259941
18000,212601
18000,231053
18000,250423
18000,213195
18000,211732
18000,216267
18000,224590
18000,202234
18000,234897
18000,238834
18000,261877
18000,206909
18000,194515
18000,204256
18000,216322
18000,242721
18000,251009
18000,215436
19000,266528
19000,235475
19000,291632
19000,247015
19000,264215
19000,260009
19000,240955
19000,290455
19000,299201
19000,287007
19000,229802
19000,253044
19000,223644
19000,245390
19000,276823
19000,238168
19000,218698
19000,229641
19000,206496
19000,237690
19000,268249
19000,247047
19000,220366
19000,229109
19000,216570
19000,246050
19000,253848
19000,237767
19000,268578
19000,251966
19000,257089
19000,277653
19000,251193
19000,225983
19000,198848
19000,248313
19000,247957
19000,235899
19000,249287
19000,313909
19000,248760
19000,245636
19000,250974
19000,214982
19000,254016
19000,268717
19000,275507
19000,236815
19000,220880
19000,234386
20000,254944
20000,262561
20000,258204
20000,283815
20000,242622
20000,284077
20000,280366
20000,264459
20000,253531
20000,251595
20000,245655
20000,271594
20000,261179
20000,239221
20000,267307
20000,270407
20000,245881
20000,326884
20000,232791
20000,278739
20000,227058
20000,245609
20000,278035
20000,249158
20000,286620
20000,262686
20000,250403
20000,254471
20000,258067
20000,264586
20000,264906
20000,279561
20000,247470
20000,241576
20000,261198
20000,272881
20000,244153
20000,286053
20000,236936
20000,284268
20000,262514
20000,298235
20000,275477
20000,250287
20000,244607
20000,255719
20000,283778
20000,229513
20000,247654
20000,349840
21000,276394
21000,273268
21000,351443
21000,271800
21000,247629
21000,303960
21000,249802
21000,279573
21000,260613
21000,271275
21000,344302
21000,292013
21000,238677
21000,278584
21000,286664
21000,286747
21000,267153
21000,250503
21000,270632
21000,334276
21000,296682
21000,244511
21000,265551
21000,379449
21000,284645
21000,270491
21000,296552
21000,246073
21000,257101
21000,256148
21000,274936
21000,316332
21000,261723
21000,265912
21000,271598
21000,340832
21000,272243
21000,256821
21000,298943
21000,329597
21000,323166
21000,272842
21000,344303
21000,251437
21000,254115
21000,266296
21000,406143
21000,318604
21000,266843
21000,286445
22000,278963
22000,373121
22000,289581
22000,365294
22000,276016
22000,307868
22000,277430
22000,282846
22000,264257
22000,319524
22000,309472
22000,309249
22000,256945
22000,318009
22000,252889
22000,323968
22000,287340
22000,363135
22000,306306
22000,304979
22000,337326
22000,385691
22000,300954
22000,314533
22000,273872
22000,276483
22000,301968
22000,316333
22000,304504
22000,260305
22000,352436
22000,297866
22000,258412
22000,337710
22000,275249
22000,280378
22000,267254
22000,258713
22000,276381
22000,243673
22000,284961
22000,279893
22000,279593
22000,278911
22000,268811
22000,236031
22000,287142
22000,317425
22000,282125
22000,257776
23000,286708
23000,292836
23000,300113
23000,266991
23000,281378
23000,288333
23000,337543
23000,281586
23000,270452
23000,269184
23000,294368
23000,305684
23000,278852
23000,261402
23000,314816
23000,310494
23000,308049
23000,314627
23000,251141
23000,306596
23000,319508
23000,308764
23000,336841
23000,309453
23000,355336
23000,279246
23000,322730
23000,274732
23000,304572
23000,304468
23000,314511
23000,370448
23000,295772
23000,316344
23000,409784
23000,296804
23000,341055
23000,356475
23000,277716
23000,309135
23000,247609
23000,301278
23000,301472
23000,317672
23000,292177
23000,280369
23000,288677
23000,328770
23000,340137
23000,369260
24000,327502
24000,334237
24000,315960
24000,356045
24000,339573
24000,324295
24000,331159
24000,304492
24000,279523
24000,300608
24000,336421
24000,353569
24000,300043
24000,286709
24000,300155
24000,344886
24000,331904
24000,326527
24000,335835
24000,266937
24000,315795
24000,283350
24000,387616
24000,377685
24000,297646
24000,323710
24000,312524
24000,337037
24000,333572
24000,340930
24000,275030
24000,281710
24000,336924
24000,451053
24000,378698
24000,351477
24000,421966
24000,277737
24000,282837
24000,303432
24000,341961
24000,392989
24000,352228
24000,291362
24000,281592
24000,316993
24000,305343
24000,327602
24000,357472
24000,333676
25000,309015
25000,333053
25000,382212
25000,290228
25000,368178
25000,295367
25000,333687
25000,294524
25000,333131
25000,311266
25000,313328
25000,355745
25000,328503
25000,305203
25000,422074
25000,353466
25000,348224
25000,321257
25000,340091
25000,402351
25000,291152
25000,327508
25000,372035
25000,326753
25000,343925
25000,362751
25000,308790
25000,353438
25000,301452
25000,369644
25000,333340
25000,336872
25000,327323
25000,317192
25000,338815
25000,299761
25000,320949
25000,325666
25000,340620
25000,336324
25000,303698
25000,293499
25000,328182
25000,280499
25000,318998
25000,306514
25000,318483
25000,284517
25000,346919
25000,375712
26000,308885
26000,390350
26000,304045
26000,317364
26000,339597
26000,350018
26000,299382
26000,313658
26000,378830
26000,315894
26000,329200
26000,301190
26000,340210
26000,375291
26000,283593
26000,403154
26000,341613
26000,295457
26000,301704
26000,360432
26000,369539
26000,343814
26000,354999
26000,316574
26000,464721
26000,315301
26000,352421
26000,335559
26000,356134
26000,364466
26000,397890
26000,328072
26000,327491
26000,334139
26000,322434
26000,350608
26000,316238
26000,340689
26000,300942
26000,349670
26000,306868
26000,361902
26000,379161
26000,294770
26000,329976
26000,459728
26000,325822
26000,353279
26000,346282
26000,326503
27000,378991
27000,347780
27000,463457
27000,374960
27000,375598
27000,299224
27000,311738
27000,329606
27000,332411
27000,355045
27000,329995
27000,349152
27000,336253
27000,314521
27000,337319
27000,355202
27000,331005
27000,370842
27000,420824
27000,390463
27000,354098
27000,396854
27000,348387
27000,359730
27000,343846
27000,316464
27000,366967
27000,325266
27000,329485
27000,399727
27000,388386
27000,347942
27000,379262
27000,314318
27000,392929
27000,327753
27000,337269
27000,323199
27000,402582
27000,354843
27000,330300
27000,305206
27000,381509
27000,360839
27000,373420
27000,334409
27000,461508
27000,343667
27000,407589
27000,304458
28000,359897
28000,327981
28000,427364
28000,359013
28000,361723
28000,395597
28000,384842
28000,438794
28000,355834
28000,383514
28000,328949
28000,361382
28000,355789
28000,318013
28000,389249
28000,391942
28000,403014
28000,354429
28000,532387
28000,386827
28000,318339
28000,461256
28000,443143
28000,347688
28000,389533
28000,375366
28000,340111
28000,375495
28000,344872
28000,420955
28000,397549
28000,368589
28000,410846
28000,367786
28000,377428
28000,427382
28000,381714
28000,319905
28000,354770
28000,380057
28000,417466
28000,426868
28000,380290
28000,356556
28000,441183
28000,343455
28000,366712
28000,358370
28000,358052
28000,346657
29000,409117
29000,378208
29000,420732
29000,397787
29000,395405
29000,367464
29000,390707
29000,463334
29000,408304
29000,471165
29000,387493
29000,332038
29000,424235
29000,392146
29000,408750
29000,417451
29000,367845
29000,512196
29000,445079
29000,356831
29000,416211
29000,344151
29000,340793
29000,380947
29000,386976
29000,396920
29000,447084
29000,329482
29000,392423
29000,353413
29000,383838
29000,344859
29000,380372
29000,416547
29000,464327
29000,369966
29000,390658
29000,432422
29000,360609
29000,399109
29000,377107
29000,329042
29000,386341
29000,407318
29000,374912
29000,348685
29000,485185
29000,402947
29000,381974
29000,351717
30000,381461
30000,383230
30000,414018
30000,438933
30000,467610
30000,446339
30000,448778
30000,444831
30000,455134
30000,377638
30000,455609
30000,380052
30000,371582
30000,394854
30000,393893
30000,420077
30000,440211
30000,401860
30000,412373
30000,423095
30000,405166
30000,437342
30000,415080
30000,411251
30000,368862
30000,393387
30000,390939
30000,368516
30000,453698
30000,426419
30000,401703
30000,372955
30000,366124
30000,387298
30000,433299
30000,423636
30000,453291
30000,348836
30000,348523
30000,405205
30000,366884
30000,403317
30000,444947
30000,445562
30000,399954
30000,368792
30000,377451
30000,353601
30000,438656
30000,358337
31000,439208
31000,484124
31000,402811
31000,400856
31000,364134
31000,424391
31000,455737
31000,394057
31000,468729
31000,449868
31000,407836
31000,396726
31000,411742
31000,380713
31000,428472
31000,420394
31000,384244
31000,465236
31000,415078
31000,410113
31000,411548
31000,420272
31000,447618
31000,423900
31000,395129
31000,372621
31000,384970
31000,421693
31000,403669
31000,388384
31000,385564
31000,401678
31000,460765
31000,408296
31000,401263
31000,416812
31000,397305
31000,430062
31000,404697
31000,407513
31000,451836
31000,459284
31000,377134
31000,385542
31000,414972
31000,406075
31000,505796
31000,493315
31000,455705
31000,537604
32000,499724
32000,379586
32000,408167
32000,417407
32000,511580
32000,481962
32000,426684
32000,426732
32000,472943
32000,439863
32000,433683
32000,439675
32000,481917
32000,403262
32000,386784
32000,487310
32000,416667
32000,478650
32000,473609
32000,429138
32000,437638
32000,407708
32000,416487
32000,407512
32000,433416
32000,393172
32000,438030
32000,447397
32000,423568
32000,380153
32000,427141
32000,395784
32000,402398
32000,446684
32000,416003
32000,420657
32000,482646
32000,495918
32000,394859
32000,455026
32000,426896
32000,378815
32000,399781
32000,388294
32000,428626
32000,484441
32000,471347
32000,428645
32000,474667
32000,404688
33000,399127
33000,427048
33000,420096
33000,401518
33000,392129
33000,406345
33000,544575
33000,448977
33000,423027
33000,381688
33000,442368
33000,428871
33000,429903
33000,407876
33000,430397
33000,450547
33000,431592
33000,528263
33000,477145
33000,484067
33000,424062
33000,500857
33000,483599
33000,428107
33000,532610
33000,414069
33000,509880
33000,437781
33000,491080
33000,594057
33000,503398
33000,487127
33000,481538
33000,582022
33000,468629
33000,401693
33000,439308
33000,407455
33000,412386
33000,456449
33000,446636
33000,469965
33000,467631
33000,485761
33000,450528
33000,496407
33000,419834
33000,506794
33000,392092
33000,450386
34000,534824
34000,474595
34000,451094
34000,434259
34000,493435
34000,514419
34000,442209
34000,449735
34000,443592
34000,464606
34000,380048
34000,440845
34000,468307
34000,426412
34000,541355
34000,393273
34000,382986
34000,384578
34000,584703
34000,440434
34000,420223
34000,442466
34000,443248
34000,543331
34000,516140
34000,472400
34000,519764
34000,459754
34000,456931
34000,434876
34000,502405
34000,396811
34000,433549
34000,443143
34000,429317
34000,454204
34000,530877
34000,466173
34000,469802
34000,538436
34000,429191
34000,514336
34000,525890
34000,433398
34000,509744
34000,419342
34000,530583
34000,573597
34000,561014
34000,422203
35000,486016
35000,517930
35000,425848
35000,473626
35000,430388
35000,444099
35000,446258
35000,440448
35000,551982
35000,406373
35000,479252
35000,538892
35000,501282
35000,519178
35000,528257
35000,487552
35000,464376
35000,480776
35000,486456
35000,430471
35000,505505
35000,426092
35000,462041
35000,403175
35000,414294
35000,514688
35000,463477
35000,532347
35000,471653
35000,419991
35000,623306
35000,492064
35000,546332
35000,434801
35000,425022
35000,409258
35000,415789
35000,572932
35000,475547
35000,471287
35000,415736
35000,447064
35000,425957
35000,492321
35000,497702
35000,490535
35000,466877
35000,480731
35000,452333
35000,487227
36000,521411
36000,472779
36000,507036
36000,472597
36000,530138
36000,518797
36000,469850
36000,505624
36000,470989
36000,509946
36000,488923
36000,482869
36000,492545
36000,489613
36000,504546
36000,560814
36000,443956
36000,499154
36000,595229
36000,477357
36000,448362
36000,456542
36000,476842
36000,500703
36000,571878
36000,425877
36000,502842
36000,427918
36000,446331
36000,424290
36000,459072
36000,481394
36000,480995
36000,522732
36000,485916
36000,512662
36000,466364
36000,457382
36000,531159
36000,466850
36000,527164
36000,552292
36000,534969
36000,481508
36000,478581
36000,521996
36000,493961
36000,512621
36000,460708
36000,529154
37000,532048
37000,533073
37000,495737
37000,507582
37000,480175
37000,470052
37000,517434
37000,487764
37000,525986
37000,516636
37000,422410
37000,540256
37000,776206
37000,520672
37000,440525
37000,510359
37000,508156
37000,498738
37000,426435
37000,509991
37000,524835
37000,461999
37000,484902
37000,556724
37000,571496
37000,531536
37000,495566
37000,594016
37000,485203
37000,433949
37000,536337
37000,484235
37000,528501
37000,529298
37000,642164
37000,586714
37000,558625
37000,490840
37000,476643
37000,465929
37000,458476
37000,504899
37000,473808
37000,460634
37000,509922
37000,737585
37000,492375
37000,583250
37000,554413
37000,496641
38000,484832
38000,464304
38000,486537
38000,438352
38000,532737
38000,545978
38000,505034
38000,548530
38000,477157
38000,660012
38000,521719
38000,510517
38000,487263
38000,478609
38000,516294
38000,560387
38000,615791
38000,512260
38000,523519
38000,695640
38000,602100
38000,483604
38000,464160
38000,437737
38000,476160
38000,495986
38000,546205
38000,607218
38000,459442
38000,540840
38000,473024
38000,640024
38000,465985
38000,480121
38000,477515
38000,449367
38000,528541
38000,488867
38000,488429
38000,529268
38000,475126
38000,517326
38000,528255
38000,488802
38000,544193
38000,466007
38000,662884
38000,502869
38000,545634
38000,557768
39000,517070
39000,465279
39000,483389
39000,484146
39000,531657
39000,619772
39000,526714
39000,546481
39000,551288
39000,579135
39000,582785
39000,555794
39000,518711
39000,540342
39000,507361
39000,607742
39000,525461
39000,595650
39000,499701
39000,468173
39000,590771
39000,568099
39000,501655
39000,550013
39000,523690
39000,522245
39000,500534
39000,496973
39000,486906
39000,505297
39000,565557
39000,564567
39000,502420
39000,501819
39000,571894
39000,548328
39000,556396
39000,544708
39000,677407
39000,591485
39000,537303
39000,561148
39000,524618
39000,480780
39000,480540
39000,522518
39000,527897
39000,526393
39000,622660
39000,574514
40000,576922
40000,543415
40000,526247
40000,542453
40000,618038
40000,475697
40000,551488
40000,574139
40000,508628
40000,533289
40000,577923
40000,520839
40000,497541
40000,481623
40000,530181
40000,525526
40000,587241
40000,592163
40000,572742
40000,556204
40000,532309
40000,602070
40000,519037
40000,527225
40000,544030
40000,563288
40000,542688
40000,546203
40000,591388
40000,740752
40000,509767
40000,613837
40000,493373
40000,492770
40000,609586
40000,558937
40000,535695
40000,524420
40000,468531
40000,533871
40000,506821
40000,593849
40000,544125
40000,523538
40000,602054
40000,473046
40000,562758
40000,485642
40000,584114
40000,551735
41000,539933
41000,530078
41000,644710
41000,559762
41000,525615
41000,552022
41000,522055
41000,642966
41000,525741
41000,495562
41000,495766
41000,605632
41000,524381
41000,507671
41000,547846
41000,551891
41000,561232
41000,526884
41000,566303
41000,608310
41000,545025
41000,557605
41000,536752
41000,612111
41000,543776
41000,810692
41000,578650
41000,597014
41000,498803
41000,525532
41000,532516
41000,547062
41000,485345
41000,681767
41000,597170
41000,589065
41000,638078
41000,521894
41000,489632
41000,656693
41000,536969
41000,547857
41000,564242
41000,551254
41000,518776
41000,644777
41000,590164
41000,601558
41000,519954
41000,600964
42000,492184
42000,649681
42000,593144
42000,512810
42000,591623
42000,693711
42000,635683
42000,567377
42000,538096
42000,528896
42000,657129
42000,564826
42000,533097
42000,526152
42000,577886
42000,561379
42000,585194
42000,585559
42000,576742
42000,536717
42000,524096
42000,539020
42000,573368
42000,544889
42000,600749
42000,559714
42000,563726
42000,619637
42000,562406
42000,538518
42000,549910
42000,558753
42000,561556
42000,524390
42000,512813
42000,607233
42000,504812
42000,551536
42000,599755
42000,535958
42000,542975
42000,528137
42000,595451
42000,645646
42000,599235
42000,531965
42000,649845
42000,508964
42000,594442
42000,551516
43000,585109
43000,604770
43000,584840
43000,581772
43000,590625
43000,528765
43000,504467
43000,585158
43000,558980
43000,695538
43000,552005
43000,538516
43000,552692
43000,590847
43000,569945
43000,550353
43000,566489
43000,533109
43000,541816
43000,648144
43000,520337
43000,601186
43000,654022
43000,604505
43000,692761
43000,545161
43000,541473
43000,568756
43000,585788
43000,597734
43000,599299
43000,562695
43000,618767
43000,820046
43000,662929
43000,691810
43000,534972
43000,612640
43000,697294
43000,785210
43000,538798
43000,590333
43000,583481
43000,545384
43000,571298
43000,542242
43000,580412
43000,578346
43000,668036
43000,632832
44000,579052
44000,595046
44000,536559
44000,590538
44000,589126
44000,597037
44000,581109
44000,634075
44000,553865
44000,543611
44000,531617
44000,574777
44000,590204
44000,652543
44000,618199
44000,602445
44000,613344
44000,633718
44000,581120
44000,571544
44000,607981
44000,641825
44000,561727
44000,590414
44000,662551
44000,695039
44000,626808
44000,549889
44000,635125
44000,727876
44000,671556
44000,580480
44000,604298
44000,643176
44000,702787
44000,531580
44000,732213
44000,775420
44000,576021
44000,583409
44000,652897
44000,635895
44000,623381
44000,727218
44000,576117
44000,543598
44000,604216
44000,628824
44000,565010
44000,671550
45000,621372
45000,712428
45000,620080
45000,559753
45000,657055
45000,752734
45000,614000
45000,641305
45000,643912
45000,762582
45000,590523
45000,689155
45000,797532
45000,609087
45000,659286
45000,682018
45000,572806
45000,599896
45000,592492
45000,585839
45000,611932
45000,744293
45000,637671
45000,620692
45000,580321
45000,593322
45000,596552
45000,598134
45000,572703
45000,571269
45000,684255
45000,601359
45000,597761
45000,607472
45000,669037
45000,572316
45000,612354
45000,614862
45000,687749
45000,642240
45000,713348
45000,662375
45000,657597
45000,726337
45000,578123
45000,708545
45000,589669
45000,712962
45000,615254
45000,636378
46000,754957
46000,652380
46000,808843
46000,601953
46000,595803
46000,650514
46000,775181
46000,599040
46000,589983
46000,746050
46000,670496
46000,616437
46000,679107
46000,811011
46000,616806
46000,704513
46000,610062
46000,562543
46000,689495
46000,666641
46000,753922
46000,580581
46000,594345
46000,699215
46000,645944
46000,589560
46000,605823
46000,609980
46000,594769
46000,651274
46000,700884
46000,904861
46000,707329
46000,729561
46000,614871
46000,592088
46000,646382
46000,581939
46000,678722
46000,593351
46000,644966
46000,584120
46000,684877
46000,635789
46000,718854
46000,604123
46000,684841
46000,727221
46000,720870
46000,711513
47000,588448
47000,673354
47000,626969
47000,604795
47000,690068
47000,690334
47000,626129
47000,782164
47000,819939
47000,657862
47000,619676
47000,611716
47000,625884
47000,673156
47000,568752
47000,613523
47000,709128
47000,710244
47000,704382
47000,627971
47000,697346
47000,671344
47000,742116
47000,592594
47000,579282
47000,591283
47000,702526
47000,605701
47000,560143
47000,699217
47000,657765
47000,579753
47000,599247
47000,647620
47000,648947
47000,612307
47000,579635
47000,671598
47000,787855
47000,594717
47000,585332
47000,669973
47000,776188
47000,690556
47000,635898
47000,635859
47000,628565
47000,532821
47000,758502
47000,646806
48000,694355
48000,636910
48000,1036657
48000,733112
48000,602695
48000,567702
48000,668150
48000,668786
48000,670814
48000,713943
48000,809140
48000,633943
48000,680384
48000,812043
48000,695348
48000,601685
48000,627625
48000,692775
48000,745303
48000,653769
48000,656793
48000,868426
48000,647427
48000,655191
48000,634595
48000,654084
48000,611199
48000,736140
48000,612367
48000,719713
48000,674046
48000,660852
48000,601511
48000,758845
48000,657072
48000,657141
48000,568890
48000,648195
48000,657330
48000,739172
48000,803763
48000,641748
48000,779731
48000,816687
48000,693687
48000,674044
48000,620504
48000,676290
48000,664337
48000,643482
49000,654366
49000,626285
49000,641505
49000,649265
49000,604083
49000,621904
49000,721149
49000,642392
49000,762685
49000,678386
49000,640447
49000,616294
49000,882474
49000,675362
49000,738465
49000,696543
49000,659524
49000,660301
49000,619401
49000,633386
49000,762399
49000,663521
49000,642310
49000,721578
49000,752358
49000,642276
49000,605435
49000,632225
49000,693389
49000,727229
49000,628268
49000,654079
49000,735124
49000,740123
49000,664120
49000,734482
49000,614017
49000,671909
49000,624625
49000,650776
49000,680226
49000,755697
49000,666309
49000,652648
49000,586193
49000,655330
49000,659983
49000,667546
49000,642562
49000,614773
50000,727563
50000,657894
50000,652967
50000,598743
50000,679553
50000,660085
50000,701727
50000,744086
50000,646739
50000,657733
50000,751029
50000,670649
50000,692316
50000,826395
50000,705757
50000,732107
50000,673859
50000,646979
50000,618032
50000,700879
50000,686622
50000,706594
50000,633490
50000,715338
50000,706455
50000,788741
50000,663462
50000,624118
50000,787754
50000,662364
50000,722458
50000,630595
50000,742548
50000,619814
50000,615310
50000,646869
50000,652914
50000,829281
50000,800487
50000,681397
50000,660470
50000,650297
50000,624460
50000,631335
50000,727348
50000,643744
50000,687217
50000,567654
50000,699112
50000,756508
51000,667683
51000,697677
51000,741763
51000,705583
51000,624666
51000,621616
51000,717922
51000,700000
51000,618355
51000,690150
51000,641424
51000,670492
51000,774593
51000,842209
51000,795123
51000,661604
51000,762471
51000,635962
51000,785693
51000,660641
51000,685642
51000,895691
51000,857094
51000,679870
51000,703338
51000,724313
51000,703522
51000,608642
51000,632199
51000,714824
51000,666853
51000,872070
51000,718403
51000,651392
51000,811912
51000,652876
51000,719924
51000,724464
51000,662498
51000,1017505
51000,769245
51000,748220
51000,636914
51000,751026
51000,677253
51000,717343
51000,703428
51000,666309
51000,727619
51000,676511
52000,713137
52000,720367
52000,647529
52000,713803
52000,743044
52000,732569
52000,733521
52000,727430
52000,647085
52000,627694
52000,735970
52000,1114644
52000,673874
52000,716167
52000,836817
52000,933771
52000,659537
52000,714938
52000,707104
52000,608981
52000,708272
52000,785818
52000,760797
52000,612651
52000,634463
52000,828706
52000,898876
52000,694044
52000,727420
52000,772910
52000,807380
52000,730079
52000,633883
52000,707401
52000,693879
52000,655249
52000,730611
52000,701421
52000,739690
52000,665174
52000,630351
52000,755807
52000,790579
52000,701114
52000,749344
52000,665654
52000,734262
52000,657293
52000,652830
52000,672979
53000,662991
53000,736821
53000,794765
53000,728162
53000,685962
53000,750242
53000,719819
53000,709539
53000,745620
53000,796039
53000,785435
53000,703983
53000,773494
53000,681155
53000,712762
53000,806285
53000,740173
53000,677642
53000,914548
53000,1035548
53000,766219
53000,699397
53000,768501
53000,744761
53000,721620
53000,855955
53000,738297
53000,710317
53000,853581
53000,792420
53000,809948
53000,851398
53000,755798
53000,753814
53000,704701
53000,716850
53000,719722
53000,763633
53000,607931
53000,635970
53000,827472
53000,664893
53000,712630
53000,744897
53000,768812
53000,870765
53000,782907
53000,921191
53000,770873
53000,867553
54000,799726
54000,774250
54000,828143
54000,755779
54000,775864
54000,732263
54000,861850
54000,752859
54000,858207
54000,774160
54000,683231
54000,744018
54000,743299
54000,792113
54000,859863
54000,827134
54000,661826
54000,763117
54000,761041
54000,841910
54000,684952
54000,724541
54000,793378
54000,724477
54000,780319
54000,704568
54000,830502
54000,791625
54000,697395
54000,728414
54000,822799
54000,711429
54000,785607
54000,683051
54000,747042
54000,661345
54000,736141
54000,726141
54000,662022
54000,1029569
54000,910658
54000,759505
54000,701938
54000,723677
54000,829781
54000,865380
54000,759358
54000,734857
54000,688418
54000,735055
55000,746911
55000,742695
55000,766359
55000,693481
55000,853214
55000,814975
55000,743947
55000,761887
55000,767040
55000,733567
55000,801751
55000,711638
55000,757377
55000,775264
55000,797626
55000,713542
55000,858858
55000,926867
55000,716349
55000,726871
55000,803435
55000,667411
55000,795862
55000,715367
55000,873696
55000,754775
55000,950123
55000,794427
55000,886167
55000,716200
55000,718468
55000,715989
55000,840494
55000,717131
55000,801878
55000,774248
55000,766932
55000,766523
55000,863031
55000,926644
55000,735206
55000,850332
55000,781110
55000,762428
55000,811314
55000,759858
55000,718190
55000,664708
55000,801773
55000,708461
56000,785589
56000,861688
56000,786506
56000,825772
56000,731869
56000,748785
56000,718491
56000,894922
56000,785052
56000,821981
56000,809751
56000,781437
56000,919950
56000,666923
56000,882684
56000,871947
56000,814717
56000,939794
56000,715760
56000,762954
56000,789846
56000,780053
56000,813559
56000,806490
56000,814602
56000,798323
56000,739062
56000,955956
56000,755339
56000,738361
56000,891880
56000,762207
56000,937529
56000,750131
56000,797503
56000,865937
56000,821370
56000,808610
56000,775137
56000,807861
56000,697163
56000,765760
56000,924438
56000,867157
56000,816450
56000,1003380
56000,718411
56000,835928
56000,837214
56000,707208
57000,823603
57000,757696
57000,776014
57000,757468
57000,756949
57000,791541
57000,829159
57000,796499
57000,711553
57000,1018409
57000,874613
57000,816303
57000,947469
57000,952083
57000,796913
57000,739007
57000,780493
57000,770605
57000,765330
57000,739689
57000,860723
57000,705843
57000,740648
57000,753448
57000,773922
57000,701529
57000,810786
57000,820895
57000,763945
57000,882539
57000,808121
57000,770082
57000,833353
57000,778123
57000,798450
57000,688300
57000,827531
57000,842808
57000,989272
57000,696705
57000,746272
57000,715628
57000,749529
57000,769255
57000,916660
57000,777028
57000,988763
57000,931144
57000,834800
57000,967261
58000,801317
58000,866650
58000,807025
58000,954115
58000,858479
58000,769523
58000,719181
58000,1096528
58000,780157
58000,809137
58000,813313
58000,757797
58000,749899
58000,786553
58000,864211
58000,880290
58000,824632
58000,888810
58000,790645
58000,1061896
58000,938548
58000,830501
58000,787765
58000,763889
58000,876524
58000,821906
58000,736624
58000,757056
58000,804531
58000,839396
58000,838203
58000,667872
58000,765767
58000,918329
58000,879942
58000,919560
58000,760084
58000,785774
58000,708888
58000,751333
58000,779565
58000,739870
58000,895122
58000,903718
58000,732294
58000,748840
58000,746277
58000,784088
58000,836079
58000,804389
59000,844128
59000,951906
59000,841956
59000,793315
59000,795989
59000,807488
59000,794385
59000,845156
59000,847546
59000,910913
59000,753181
59000,963614
59000,870010
59000,732602
59000,919325
59000,808822
59000,790367
59000,820016
59000,886194
59000,841337
59000,1008575
59000,761384
59000,912917
59000,777517
59000,803373
59000,858107
59000,889169
59000,864923
59000,838539
59000,821106
59000,758869
59000,796089
59000,728670
59000,732841
59000,777304
59000,847912
59000,967004
59000,943151
59000,863674
59000,949510
59000,758531
59000,868577
59000,813563
59000,739069
59000,771941
59000,724753
59000,791729
59000,945029
59000,874378
59000,1005839
60000,767645
60000,856881
60000,774998
60000,832468
60000,901016
60000,774669
60000,834811
60000,790178
60000,930961
60000,767606
60000,823096
60000,861831
60000,822206
60000,822464
60000,758739
60000,901526
60000,802492
60000,1026969
60000,928045
60000,771142
60000,864004
60000,784853
60000,980065
60000,916781
60000,773885
60000,916140
60000,850082
60000,772397
60000,845982
60000,904108
60000,903863
60000,876685
60000,877780
60000,990276
60000,963076
60000,822590
60000,970862
60000,929598
60000,901384
60000,971767
60000,815467
60000,878086
60000,886660
60000,758898
60000,787552
60000,860736
60000,1023129
60000,767681
60000,846441
60000,903306
61000,819252
61000,960551
61000,804765
61000,859834
61000,752222
61000,853315
61000,928185
61000,870655
61000,908012
61000,880529
61000,896013
61000,933872
61000,854713
61000,1228535
61000,986011
61000,934109
61000,871632
61000,925002
61000,917009
61000,855722
61000,863336
61000,773577
61000,855775
61000,821851
61000,1135830
61000,1007788
61000,1052157
61000,1041070
61000,899599
61000,888668
61000,1204769
61000,907285
61000,899270
61000,801864
61000,1061255
61000,857205
61000,793076
61000,891996
61000,840508
61000,968041
61000,875262
61000,833645
61000,888213
61000,882301
61000,805156
61000,862115
61000,814901
61000,770385
61000,788131
61000,850330
62000,865337
62000,737672
62000,831746
62000,887170
62000,830485
62000,875566
62000,875704
62000,836271
62000,955040
62000,822266
62000,936102
62000,951137
62000,826435
62000,871556
62000,1020537
62000,807194
62000,777695
62000,810723
62000,851837
62000,1028148
62000,826385
62000,850732
62000,913228
62000,779285
62000,722287
62000,908982
62000,1006495
62000,818383
62000,832906
62000,934843
62000,871027
62000,774979
62000,824467
62000,927052
62000,1005294
62000,944802
62000,899473
62000,917590
62000,823984
62000,1036251
62000,1010566
62000,820955
62000,903321
62000,940510
62000,825694
62000,879422
62000,859031
62000,1083240
62000,1011371
62000,909645
63000,968512
63000,947001
63000,783339
63000,977271
63000,841471
63000,776564
63000,875826
63000,881475
63000,817174
63000,916127
63000,845166
63000,828617
63000,870434
63000,836819
63000,840872
63000,786464
63000,923725
63000,846812
63000,960235
63000,984792
63000,781593
63000,799893
63000,837871
63000,1051050
63000,923281
63000,850519
63000,936655
63000,1006741
63000,803051
63000,861902
63000,822425
63000,923730
63000,825020
63000,828809
63000,766308
63000,859646
63000,823467
63000,908403
63000,1040555
63000,855793
63000,798448
63000,987942
63000,847769
63000,884043
63000,1172614
63000,888692
63000,938313
63000,852882
63000,797830
63000,770123
64000,888734
64000,890612
64000,1073118
64000,1015194
64000,832726
64000,837473
64000,993138
64000,842852
64000,786529
64000,944103
64000,985488
64000,1088820
64000,861300
64000,894232
64000,853963
64000,867187
64000,869283
64000,870286
64000,847947
64000,817435
64000,922132
64000,839179
64000,876142
64000,857217
64000,890775
64000,788492
64000,936351
64000,836641
64000,928570
64000,880686
64000,903020
64000,970163
64000,903696
64000,876982
64000,952681
64000,870380
64000,984111
64000,893532
64000,846002
64000,953667
64000,933843
64000,872414
64000,991788
64000,807695
64000,992889
64000,811663
64000,780549
64000,885177
64000,959730
64000,865468
65000,816141
65000,787530
65000,922194
65000,885666
65000,934403
65000,882362
65000,868889
65000,832227
65000,766038
65000,1072068
65000,846655
65000,879228
65000,955397
65000,905441
65000,860646
65000,930327
65000,908458
65000,885223
65000,858419
65000,1133869
65000,898749
65000,846931
65000,961488
65000,916682
65000,973127
65000,964021
65000,796776
65000,869203
65000,853718
65000,1144067
65000,939232
65000,1042209
65000,819643
65000,980966
65000,854398
65000,1068081
65000,1094300
65000,1168769
65000,954627
65000,991937
65000,960212
65000,936310
65000,929828
65000,865831
65000,1258758
65000,949597
65000,876582
65000,898188
65000,885051
65000,885950
66000,1002005
66000,834714
66000,930230
66000,898000
66000,928038
66000,921807
66000,1000837
66000,952828
66000,888324
66000,1219470
66000,935194
66000,895508
66000,989134
66000,902582
66000,919104
66000,963556
66000,1041665
66000,913675
66000,931707
66000,931781
66000,894953
66000,1067444
66000,958832
66000,877381
66000,949500
66000,886014
66000,849349
66000,916638
66000,836219
66000,1083677
66000,998971
66000,903100
66000,946044
66000,863652
66000,1022990
66000,1077165
66000,909156
66000,880394
66000,981922
66000,875314
66000,940032
66000,1181711
66000,889475
66000,1085065
66000,995283
66000,946215
66000,813624
66000,818344
66000,949640
66000,1021303
67000,1244339
67000,1002945
67000,1000033
67000,849703
67000,953741
67000,1020881
67000,876110
67000,890839
67000,985749
67000,1003061
67000,1000392
67000,915620
67000,1047022
67000,894829
67000,1134090
67000,900045
67000,931613
67000,939069
67000,1025861
67000,839479
67000,847484
67000,1049075
67000,950354
67000,995831
67000,904146
67000,904451
67000,904056
67000,1110910
67000,782684
67000,903376
67000,1048573
67000,1077295
67000,1006432
67000,888841
67000,905317
67000,927161
67000,988092
67000,857258
67000,917726
67000,840534
67000,974578
67000,919758
67000,1118914
67000,946041
67000,911729
67000,857393
67000,989618
67000,881991
67000,949535
67000,936169
68000,999899
68000,955939
68000,824296
68000,955715
68000,943695
68000,902071
68000,1004354
68000,1038229
68000,1070076
68000,1079077
68000,907155
68000,937271
68000,908087
68000,887276
68000,938025
68000,943212
68000,1100074
68000,966617
68000,1006778
68000,1133194
68000,1022847
68000,1049565
68000,837580
68000,963987
68000,900743
68000,951579
68000,946818
68000,862257
68000,1023753
68000,913890
68000,942634
68000,859568
68000,1060050
68000,998196
68000,984823
68000,1042735
68000,1017420
68000,1098114
68000,996264
68000,946682
68000,1103884
68000,786298
68000,1016293
68000,886059
68000,1036374
68000,1009023
68000,985058
68000,887488
68000,902326
68000,905398
69000,1021829
69000,917252
69000,1114453
69000,1213181
69000,1011539
69000,1170441
69000,893849
69000,932830
69000,1089568
69000,931203
69000,908401
69000,1052041
69000,906458
69000,874010
69000,967679
69000,997152
69000,1045420
69000,1036815
69000,1038694
69000,1007787
69000,883827
69000,1020047
69000,923686
69000,1016136
69000,1058820
69000,984539
69000,1213677
69000,918992
69000,1217851
69000,1054199
69000,990850
69000,972398
69000,1214917
69000,1021912
69000,855519
69000,1174025
69000,887160
69000,1065095
69000,1042549
69000,851413
69000,995321
69000,1201215
69000,1082145
69000,1177330
69000,876253
69000,923724
69000,995954
69000,1068561
69000,923118
69000,1002284
70000,1030625
70000,972433
70000,1035857
70000,918008
70000,932888
70000,899053
70000,924485
70000,1046358
70000,1127924
70000,958822
70000,830199
70000,1013658
70000,1013293
70000,1058246
70000,1066218
70000,966295
70000,1113003
70000,898103
70000,1016485
70000,946538
70000,973745
70000,1131852
70000,989963
70000,1026856
70000,918383
70000,938119
70000,1171153
70000,965944
70000,888568
70000,901957
70000,1039650
70000,1028169
70000,987213
70000,1144806
70000,1039979
70000,1002512
70000,1038372
70000,953386
70000,970906
70000,1294289
70000,943631
70000,909350
70000,1039374
70000,977153
70000,984108
70000,1066745
70000,902381
70000,960395
70000,1163379
70000,950556
71000,1066444
71000,1017945
71000,974169
71000,901619
71000,991572
71000,1056715
71000,1147778
71000,929199
71000,1004091
71000,1019367
71000,1001381
71000,997367
71000,901670
71000,1058739
71000,1039999
71000,952735
71000,990863
71000,971288
71000,1074323
71000,881627
71000,956028
71000,986710
71000,963258
71000,966666
71000,1057829
71000,1068984
71000,1105690
71000,944223
71000,1107629
71000,976624
71000,1055955
71000,1046264
71000,942459
71000,887542
71000,1128946
71000,1003687
71000,1080715
71000,1204612
71000,1015663
71000,1090364
71000,872664
71000,1042413
71000,1035919
71000,953455
71000,1057129
71000,1073406
71000,939842
71000,1178297
71000,964792
71000,909892
72000,841711
72000,976068
72000,937263
72000,997293
72000,1014548
72000,1159745
72000,908621
72000,1197941
72000,1059987
72000,1008626
72000,1119652
72000,928056
72000,991133
72000,978059
72000,1093845
72000,1114661
72000,926079
72000,1065169
72000,950509
72000,1232603
72000,1091594
72000,1019990
72000,1043437
72000,1081836
72000,966043
72000,1051429
72000,976228
72000,980024
72000,1081399
72000,990625
72000,1016236
72000,1023494
72000,1056679
72000,929201
72000,918234
72000,1045456
72000,1017017
72000,1201977
72000,858396
72000,951308
72000,1130813
72000,1033431
72000,1057670
72000,949192
72000,1066971
72000,1074442
72000,1077185
72000,1276089
72000,1031063
72000,871998
73000,1074428
73000,1094286
73000,1080582
73000,1076132
73000,989640
73000,1199907
73000,977541
73000,894655
73000,1135023
73000,1068387
73000,934859
73000,1267657
73000,1058762
73000,1111415
73000,957753
73000,994701
73000,1104396
73000,968765
73000,1057594
73000,973516
73000,1030395
73000,1232074
73000,1025093
73000,1026543
73000,1006636
73000,1277607
73000,1104853
73000,1165277
73000,1081628
73000,1167592
73000,1094585
73000,989424
73000,1230330
73000,1269540
73000,930731
73000,967348
73000,926376
73000,954172
73000,1040917
73000,996550
73000,1216705
73000,943510
73000,1125245
73000,1212141
73000,1083917
73000,1044704
73000,1012689
73000,1254174
73000,878984
73000,906777
74000,1010278
74000,1014106
74000,1064353
74000,1232301
74000,1088178
74000,1026636
74000,1041301
74000,1056456
74000,1039199
74000,953711
74000,1107845
74000,999025
74000,1094135
74000,1139738
74000,1082020
74000,1065218
74000,968170
74000,1209801
74000,915510
74000,1091910
74000,1042765
74000,1230153
74000,982493
74000,1060757
74000,938595
74000,1055320
74000,997712
74000,1078406
74000,1014476
74000,1036221
74000,1212761
74000,1435904
74000,1311402
74000,1045931
74000,963883
74000,1039915
74000,1047307
74000,989077
74000,1041810
74000,1163306
74000,1174631
74000,1079287
74000,1009121
74000,1077601
74000,1046434
74000,1011895
74000,931149
74000,1016768
74000,1063156
74000,921800
75000,1051341
75000,1155299
75000,1007462
75000,1056675
75000,1073190
75000,1018207
75000,1123561
75000,1104973
75000,1047716
75000,994688
75000,1110860
75000,1159459
75000,976813
75000,1023559
75000,1017935
75000,928580
75000,1005832
75000,991491
75000,1107137
75000,1066095
75000,1048140
75000,1194029
75000,1064600
75000,998001
75000,1111958
75000,1072443
75000,1057686
75000,1031727
75000,1124066
75000,1171680
75000,1118205
75000,1114626
75000,1184587
75000,1114806
75000,1167791
75000,1160519
75000,1026885
75000,961043
75000,1154301
75000,1095928
75000,1085763
75000,1192583
75000,1038482
75000,1181013
75000,1043897
75000,1316159
75000,1044818
75000,1107058
75000,1147491
75000,1148113
76000,977025
76000,1004137
76000,1152659
76000,1094731
76000,1027417
76000,1271935
76000,989677
76000,1047263
76000,1061676
76000,1290399
76000,924680
76000,1249069
76000,1044030
76000,1173244
76000,1094729
76000,1210085
76000,1048547
76000,1106847
76000,1121166
76000,1032344
76000,1347016
76000,1210141
76000,974392
76000,1294293
76000,1029946
76000,1048855
76000,1024304
76000,1013180
76000,952737
76000,1411772
76000,1147849
76000,1046394
76000,1150736
76000,1055473
76000,1244314
76000,1018296
76000,996419
76000,1106282
76000,993550
76000,1076371
76000,1112067
76000,1361043
76000,1078697
76000,1013659
76000,1137858
76000,1079431
76000,1201654
76000,1119519
76000,1113052
76000,1007730
77000,1040180
77000,1041709
77000,1063901
77000,1090853
77000,946255
77000,1263883
77000,1161137
77000,1085912
77000,1231017
77000,1032764
77000,1101551
77000,1020106
77000,1020732
77000,1063234
77000,1062368
77000,1068183
77000,1026888
77000,1056596
77000,982567
77000,1000709
77000,1262322
77000,1384742
77000,1128257
77000,997217
77000,998605
77000,1103931
77000,1055846
77000,1124118
77000,1061118
77000,1105430
77000,1068983
77000,1308670
77000,1071165
77000,1036639
77000,1133088
77000,1190980
77000,978919
77000,1141864
77000,1001516
77000,1221340
77000,991371
77000,1020748
77000,967817
77000,1060131
77000,1082559
77000,1252421
77000,1175641
77000,1079284
77000,1270281
77000,1141125
78000,1057755
78000,1052770
78000,1187506
78000,1211597
78000,1202673
78000,1130777
78000,1272166
78000,1044961
78000,1386206
78000,1119728
78000,1052788
78000,1218511
78000,1122300
78000,1061282
78000,1005815
78000,1131961
78000,1021721
78000,1140835
78000,1356177
78000,1209014
78000,1216572
78000,1224814
78000,1142648
78000,1138236
78000,1041126
78000,1278767
78000,1208217
78000,1138597
78000,1158489
78000,1301231
78000,1112861
78000,1266632
78000,1045186
78000,1200598
78000,1135028
78000,1019645
78000,1013727
78000,1129084
78000,1038882
78000,1068954
78000,1091127
78000,1274644
78000,1418991
78000,1057560
78000,1192956
78000,952134
78000,1158655
78000,1062105
78000,1185119
78000,1084560
79000,1186871
79000,1252880
79000,941575
79000,1056385
79000,1069955
79000,1208860
79000,1064764
79000,1119526
79000,1127952
79000,1215987
79000,1187762
79000,1118071
79000,1144159
79000,1257272
79000,1165324
79000,1048801
79000,992940
79000,1241019
79000,1123742
79000,1166636
79000,1179774
79000,1187078
79000,1091171
79000,1058495
79000,1307370
79000,1169660
79000,1121389
79000,1219711
79000,1354206
79000,1256116
79000,1167343
79000,1340046
79000,1086103
79000,1083980
79000,1163731
79000,1034830
79000,1150282
79000,1032082
79000,1179813
79000,1146155
79000,1008311
79000,1024900
79000,1200892
79000,1008223
79000,995558
79000,986603
79000,1029545
79000,1230320
79000,1333107
79000,1082834
80000,1333299
80000,1150366
80000,1223146
80000,1257919
80000,1293507
80000,1197505
80000,1231506
80000,1124740
80000,1386456
80000,1214553
80000,1053357
80000,1120576
80000,1161970
80000,1030591
80000,1094970
80000,1305803
80000,1187831
80000,1518935
80000,1359024
80000,1149884
80000,1126660
80000,1218059
80000,1205086
80000,1308608
80000,1229606
80000,1076995
80000,1109848
80000,1022732
80000,1325198
80000,1116855
80000,1063162
80000,1654857
80000,1076504
80000,1052387
80000,1519686
80000,1199131
80000,1202634
80000,1060956
80000,1058990
80000,1105765
80000,1256088
80000,1108278
80000,1087499
80000,1075381
80000,1274911
80000,1036716
80000,1105391
80000,1156394
80000,1313372
80000,1130237
81000,1160474
81000,1047110
81000,1104652
81000,969796
81000,1249328
81000,1207800
81000,1204763
81000,1173683
81000,1283660
81000,1218266
81000,1263166
81000,1310417
81000,1203695
81000,1126784
81000,1465194
81000,1196910
81000,1090350
81000,1318495
81000,1155385
81000,1155606
81000,1125533
81000,1133338
81000,1390783
81000,1319916
81000,1213479
81000,1083194
81000,1111450
81000,1067760
81000,1331435
81000,1096773
81000,1163316
81000,1351000
81000,1518062
81000,1094795
81000,1196147
81000,1161075
81000,1599051
81000,1118578
81000,1243163
81000,1192752
81000,1309393
81000,1253636
81000,1149297
81000,1255161
81000,1245103
81000,1135268
81000,1199249
81000,1110428
81000,1127352
81000,1180243
82000,1047817
82000,1133714
82000,1330124
82000,1312266
82000,1700125
82000,1245748
82000,1290517
82000,1211650
82000,1201419
82000,1232019
82000,1232147
82000,1242869
82000,1072333
82000,1197396
82000,1135077
82000,1181093
82000,1034926
82000,1105292
82000,1283206
82000,1184794
82000,1138759
82000,1183629
82000,1055592
82000,1107673
82000,1339469
82000,1244923
82000,1014307
82000,1188937
82000,968606
82000,1265568
82000,1330469
82000,1076966
82000,1199311
82000,1052570
82000,1100508
82000,1039974
82000,1152717
82000,1149915
82000,1233849
82000,1138706
82000,1526461
82000,1314915
82000,1223374
82000,1341570
82000,1109834
82000,1114403
82000,1056131
82000,1065513
82000,1266981
82000,1143885
83000,1170641
83000,1123873
83000,1286692
83000,1179959
83000,1491439
83000,1184604
83000,1119108
83000,1189718
83000,1297520
83000,1057642
83000,1155789
83000,1178084
83000,1177897
83000,1136091
83000,1028524
83000,1194578
83000,1497106
83000,1074400
83000,1223197
83000,1151347
83000,1091689
83000,1082598
83000,1185791
83000,1230324
83000,1252034
83000,1112191
83000,1094941
83000,1407597
83000,1119851
83000,1200602
83000,1290424
83000,1113116
83000,1101679
83000,1251242
83000,1503480
83000,1275367
83000,1127859
83000,1235723
83000,1466620
83000,1228118
83000,1194027
83000,1144579
83000,1374104
83000,1199658
83000,1025054
83000,1316064
83000,1193173
83000,1126819
83000,1188935
83000,1368642
84000,1300267
84000,1495552
84000,1120983
84000,1322370
84000,1189524
84000,1150391
84000,1131352
84000,1277650
84000,1149672
84000,1173900
84000,1349957
84000,1185274
84000,1230940
84000,1123756
84000,1133335
84000,1193382
84000,1401963
84000,1184576
84000,1293223
84000,1452978
84000,1279173
84000,1057038
84000,1086863
84000,1205366
84000,1025642
84000,1271642
84000,1230305
84000,1237747
84000,1102888
84000,1158615
84000,1415722
84000,1289309
84000,1519619
84000,1321867
84000,1064940
84000,1123637
84000,1101682
84000,1400895
84000,1349362
84000,1173157
84000,1103822
84000,1290118
84000,1111639
84000,1260211
84000,1403349
84000,1155970
84000,1550653
84000,1181617
84000,1220922
84000,1228068
85000,1132744
85000,1550935
85000,1316881
85000,1091981
85000,1231556
85000,1300641
85000,1301728
85000,1186974
85000,1163343
85000,1364134
85000,1184493
85000,1306304
85000,1482686
85000,1161271
85000,1267498
85000,1344845
85000,1119981
85000,1292074
85000,1230832
85000,1267475
85000,1218390
85000,1476092
85000,1289390
85000,1488290
85000,1106384
85000,1106315
85000,1289369
85000,1155771
85000,1434723
85000,1323531
85000,1168304
85000,1240306
85000,1254805
85000,1203204
85000,1292620
85000,1242042
85000,1326035
85000,1230419
85000,1223889
85000,1194566
85000,1159170
85000,1703578
85000,1115589
85000,1315533
85000,1097390
85000,1485096
85000,1467823
85000,1441038
85000,1376016
85000,1273393
86000,1131131
86000,1173093
86000,1276048
86000,1283895
86000,1302892
86000,1267433
86000,1160155
86000,1112546
86000,1472606
86000,1183545
86000,1202804
86000,1186285
86000,1227829
86000,1323557
86000,1436989
86000,1153524
86000,1167392
86000,1238977
86000,1219369
86000,1474288
86000,1287219
86000,1431302
86000,1158439
86000,1306898
86000,1129430
86000,1186445
86000,1265245
86000,1183565
86000,1214823
86000,1345259
86000,1463212
86000,1397926
86000,1239988
86000,1131064
86000,1289094
86000,1217653
86000,1142151
86000,1238720
86000,1298429
86000,1509956
86000,1105165
86000,1303082
86000,1139292
86000,1935876
86000,1294428
86000,1167422
86000,1263384
86000,1212078
86000,1363007
86000,1323552
87000,1307074
87000,1568208
87000,1606953
87000,1237745
87000,1443743
87000,1212518
87000,1261822
87000,1172069
87000,1305846
87000,1157216
87000,1121614
87000,1288273
87000,1236634
87000,1363207
87000,1202009
87000,1348996
87000,1171422
87000,1193621
87000,1194610
87000,1225286
87000,1314298
87000,1320183
87000,1368683
87000,1197251
87000,1160518
87000,1161049
87000,1417882
87000,1150293
87000,1606502
87000,1734274
87000,1149379
87000,1361593
87000,1596524
87000,1439512
87000,1238702
87000,1348412
87000,1531259
87000,1191586
87000,1399885
87000,1121456
87000,1310901
87000,1145159
87000,1305110
87000,1485984
87000,1467366
87000,1226431
87000,1333705
87000,1531995
87000,1338830
87000,1214969
88000,1297558
88000,1343097
88000,1284853
88000,1141770
88000,1303342
88000,1173566
88000,1242972
88000,1308998
88000,1397723
88000,1456427
88000,1131275
88000,1316311
88000,1274634
88000,1192160
88000,1265915
88000,1487233
88000,1225313
88000,1301659
88000,1152891
88000,1110907
88000,1121167
88000,1124343
88000,1710512
88000,1210725
88000,1378734
88000,1586384
88000,1143811
88000,1354909
88000,1126507
88000,1262623
88000,1164991
88000,1299696
88000,1285475
88000,1440920
88000,1258372
88000,1222862
88000,1423292
88000,1451982
88000,1247701
88000,1330909
88000,1272403
88000,1431511
88000,1169305
88000,1142834
88000,1166238
88000,1361804
88000,1147717
88000,1147384
88000,1296406
88000,1348405
89000,1295301
89000,1283510
89000,1438917
89000,1203170
89000,1331073
89000,1202970
89000,1493789
89000,1267988
89000,1102470
89000,1087822
89000,1587655
89000,1295284
89000,1299520
89000,1270746
89000,1238914
89000,1343419
89000,1239033
89000,1389607
89000,1231167
89000,1517453
89000,1394631
89000,1269257
89000,1216132
89000,1278320
89000,1207128
89000,1245085
89000,1185804
89000,1249471
89000,1296179
89000,1447384
89000,1147509
89000,1257766
89000,1491714
89000,1280941
89000,1250389
89000,1363932
89000,1242606
89000,1366504
89000,1251576
89000,1266772
89000,1500075
89000,1266927
89000,1467831
89000,1173771
89000,1300668
89000,1343085
89000,1181768
89000,1368393
89000,1157217
89000,1463828
90000,1415535
90000,1255080
90000,1209702
90000,1282557
90000,1218792
90000,1454708
90000,1286028
90000,1156837
90000,1336885
90000,1350885
90000,1370574
90000,1538395
90000,1212749
90000,1209271
90000,1257035
90000,1302643
90000,1169753
90000,1232843
90000,1392896
90000,1416796
90000,1426939
90000,1290832
90000,1236275
90000,1383395
90000,1282666
90000,1328767
90000,1511755
90000,1301143
90000,1390637
90000,1459313
90000,1156902
90000,1228133
90000,1205979
90000,1304890
90000,1742200
90000,1401195
90000,1253377
90000,1183110
90000,1409317
90000,1326871
90000,1292480
90000,1291078
90000,1236117
90000,1332879
90000,1176734
90000,1294415
90000,1296625
90000,1305213
90000,1157883
90000,1314151
91000,1283967
91000,1422990
91000,1198280
91000,1315180
91000,1277090
91000,1247404
91000,1207941
91000,1167832
91000,1330393
91000,1783224
91000,1259429
91000,1399879
91000,1494138
91000,1313718
91000,1345024
91000,1314185
91000,1253892
91000,1294688
91000,1500830
91000,1518301
91000,1400123
91000,1192647
91000,1305130
91000,1370843
91000,1383653
91000,1502202
91000,1214811
91000,1122601
91000,1242865
91000,1260751
91000,1163464
91000,1471324
91000,1679699
91000,1391431
91000,1407719
91000,1203683
91000,1289443
91000,1264458
91000,1651132
91000,1317736
91000,1400870
91000,1365622
91000,1371778
91000,1338481
91000,1510179
91000,1425943
91000,1399951
91000,1310452
91000,1742032
91000,1396294
92000,1462837
92000,1291560
92000,1313100
92000,1339557
92000,1158657
92000,1339354
92000,1229638
92000,1255112
92000,1234571
92000,1383160
92000,1305920
92000,1428074
92000,1759243
92000,1208783
92000,1604804
92000,1361056
92000,1223618
92000,1264403
92000,1343297
92000,1380873
92000,1293424
92000,1253258
92000,1258615
92000,1330258
92000,1313137
92000,1188091
92000,1415834
92000,1297273
92000,1354590
92000,1456999
92000,1170926
92000,1524883
92000,1516980
92000,1356539
92000,1235365
92000,1321403
92000,1220871
92000,1225562
92000,1582468
92000,1267194
92000,1428752
92000,1469927
92000,1434902
92000,1306670
92000,1470289
92000,1397227
92000,1595321
92000,1200624
92000,1344047
92000,1374925
93000,1253802
93000,1573001
93000,1379017
93000,1349791
93000,1541782
93000,1320935
93000,1440872
93000,1159913
93000,1404373
93000,1284647
93000,1276157
93000,1302487
93000,1380184
93000,1202373
93000,1265903
93000,1511014
93000,1355646
93000,1257237
93000,1291794
93000,1325955
93000,1423022
93000,1197872
93000,1341043
93000,1249104
93000,1179847
93000,1452912
93000,1322960
93000,1306803
93000,1458856
93000,1497952
93000,1390745
93000,1396618
93000,1416263
93000,1465584
93000,1269053
93000,1237949
93000,1250195
93000,1234772
93000,1144206
93000,1226090
93000,1321380
93000,1257742
93000,1266371
93000,1261527
93000,1282953
93000,1289460
93000,1408844
93000,1406570
93000,1427048
93000,1310645
94000,1560370
94000,1359258
94000,1235437
94000,1516254
94000,1473347
94000,1328793
94000,1203841
94000,1354802
94000,1417871
94000,1473575
94000,1407212
94000,1329496
94000,1265007
94000,1366036
94000,1399155
94000,1259465
94000,1243476
94000,1351816
94000,1350478
94000,1372083
94000,1327049
94000,1368214
94000,1535663
94000,1293098
94000,1428228
94000,1490980
94000,1291610
94000,1491230
94000,1543621
94000,1308778
94000,1362895
94000,1396183
94000,1670517
94000,1336038
94000,2001852
94000,1513165
94000,1485971
94000,1365934
94000,1495684
94000,1484049
94000,1620779
94000,1260758
94000,1286262
94000,1450993
94000,1305780
94000,1359972
94000,1318021
94000,1331740
94000,1428577
94000,1373578
95000,1246134
95000,1619934
95000,1416782
95000,1600778
95000,1428682
95000,1216846
95000,1333591
95000,1337253
95000,1500713
95000,1483012
95000,1550896
95000,1327591
95000,1507561
95000,1430261
95000,1456733
95000,1254675
95000,1617649
95000,1515535
95000,1547067
95000,1387966
95000,1863431
95000,1326557
95000,1228901
95000,1551202
95000,1456365
95000,1264163
95000,1265546
95000,1384339
95000,1299253
95000,1481532
95000,1457357
95000,1383495
95000,1356105
95000,1333854
95000,1398671
95000,1355672
95000,1373060
95000,1337100
95000,1411289
95000,1389908
95000,1467197
95000,1487500
95000,1305262
95000,1634896
95000,1503858
95000,1196374
95000,1451094
95000,1243904
95000,1298568
95000,1353109
96000,1214265
96000,1231870
96000,1339531
96000,1797904
96000,1494995
96000,1328545
96000,1358557
96000,1496853
96000,1671423
96000,1336976
96000,1208059
96000,1550650
96000,1319679
96000,1400587
96000,1308106
96000,1201922
96000,1322976
96000,1431467
96000,1344596
96000,1411446
96000,1479367
96000,1397262
96000,1521558
96000,1225367
96000,1381648
96000,1339152
96000,1386925
96000,1463828
96000,1416052
96000,1406318
96000,1589070
96000,1491707
96000,1391306
96000,1424482
96000,1489707
96000,1279962
96000,1604067
96000,1390735
96000,1198264
96000,1280439
96000,1372509
96000,1382271
96000,1260394
96000,1487861
96000,1314446
96000,1278710
96000,1361006
96000,1323430
96000,1560860
96000,1384632
97000,1356705
97000,1349088
97000,1509050
97000,1351948
97000,1552667
97000,1311229
97000,1457653
97000,1321566
97000,1288319
97000,1645244
97000,1358097
97000,1366692
97000,1808646
97000,1292936
97000,1418879
97000,1708931
97000,1788126
97000,1692479
97000,1354514
97000,1483485
97000,1536929
97000,1499231
97000,1297354
97000,1615015
97000,1354407
97000,1339046
97000,1444613
97000,1497011
97000,1249956
97000,1434450
97000,1440699
97000,1450481
97000,1388722
97000,1538436
97000,1357958
97000,1496780
97000,1281957
97000,1779163
97000,1473401
97000,1535674
97000,1502908
97000,1399921
97000,1583599
97000,1397227
97000,1499070
97000,1312856
97000,1523510
97000,1531889
97000,1480362
97000,1440013
98000,1232235
98000,1296023
98000,1356798
98000,1353898
98000,1346622
98000,1275594
98000,1518308
98000,1343646
98000,1339734
98000,1229546
98000,1506687
98000,1634709
98000,1426045
98000,1351584
98000,1505464
98000,1324281
98000,1391380
98000,1291226
98000,1344299
98000,1331068
98000,1333288
98000,1285100
98000,1391073
98000,1440253
98000,1391340
98000,1410029
98000,1415757
98000,1444033
98000,1485924
98000,1433949
98000,1518864
98000,1370699
98000,1601889
98000,1408042
98000,1603965
98000,1590085
98000,1427433
98000,1534898
98000,1775224
98000,1329933
98000,1327384
98000,1310132
98000,1304702
98000,1663065
98000,1633160
98000,1496899
98000,1449654
98000,1525003
98000,1820854
98000,1485173
99000,1572128
99000,1433006
99000,1270548
99000,1484765
99000,1529047
99000,1433352
99000,1399346
99000,1370658
99000,1497765
99000,1323755
99000,1373975
99000,1528393
99000,1525437
99000,1360400
99000,1722140
99000,1359821
99000,1490849
99000,1469772
99000,1623610
99000,1525765
99000,1370559
99000,1630602
99000,1554004
99000,1410206
99000,1379998
99000,1486499
99000,1396255
99000,1466480
99000,1516832
99000,1399836
99000,1437661
99000,1413893
99000,1422758
99000,1345975
99000,1266110
99000,1533049
99000,1544973
99000,1592545
99000,1454414
99000,1417777
99000,1395957
99000,1382347
99000,1738448
99000,1854747
99000,1406568
99000,1438254
99000,1509152
99000,1904325
99000,1418848
99000,1490133
100000,1356819
100000,1453543
100000,1675817
100000,1347679
100000,1453299
100000,1314734
100000,1416811
100000,1330133
100000,1364151
100000,1400949
100000,1295062
100000,1794494
100000,1394680
100000,1379035
100000,1623666
100000,1533244
100000,1284190
100000,1474992
100000,1284076
100000,1326374
100000,1694670
100000,1760087
100000,1386320
100000,1313938
100000,1385042
100000,1310539
100000,1452448
100000,1463823
100000,1578245
100000,1714396
100000,1451569
100000,1618344
100000,1445064
100000,1386380
100000,1397131
100000,1491011
100000,1541589
100000,1503624
100000,1663159
100000,1490616
100000,1745521
100000,1607005
100000,1430210
100000,1512301
100000,1718062
100000,1670560
100000,1417241
100000,1954053
100000,1479307
100000,1529785
