n,U
1000,341
1000,376
1000,354
1000,361
1000,376
1000,379
1000,360
1000,371
1000,379
1000,363
1000,379
1000,359
1000,374
1000,367
1000,371
1000,359
1000,360
1000,369
1000,357
1000,368
1000,377
1000,369
1000,363
1000,369
1000,368
1000,370
1000,360
1000,356
1000,354
1000,358
1000,356
1000,366
1000,377
1000,372
1000,369
1000,357
1000,392
1000,367
1000,371
1000,349
1000,357
1000,394
1000,368
1000,346
1000,387
1000,360
1000,377
1000,368
1000,335
1000,354
2000,763
2000,744
2000,740
2000,743
2000,723
2000,744
2000,742
2000,755
2000,734
2000,743
2000,740
2000,744
2000,727
2000,734
2000,734
2000,713
2000,720
2000,727
2000,727
2000,734
2000,718
2000,726
2000,718
2000,750
2000,684
2000,752
2000,736
2000,725
2000,744
2000,735
2000,732
2000,742
2000,742
2000,739
2000,759
2000,732
2000,736
2000,735
2000,711
2000,734
2000,727
2000,727
2000,752
2000,752
2000,743
2000,727
2000,756
2000,714
2000,738
2000,738
3000,1114
3000,1089
3000,1064
3000,1145
3000,1086
3000,1135
3000,1103
3000,1125
3000,1086
3000,1102
3000,1128
3000,1100
3000,1113
3000,1118
3000,1126
3000,1083
3000,1118
3000,1077
3000,1080
3000,1116
3000,1118
3000,1093
3000,1106
3000,1123
3000,1126
3000,1124
3000,1121
3000,1111
3000,1071
3000,1112
3000,1107
3000,1102
3000,1111
3000,1067
3000,1075
3000,1123
3000,1113
3000,1135
3000,1087
3000,1081
3000,1124
3000,1101
3000,1115
3000,1100
3000,1104
3000,1112
3000,1084
3000,1097
3000,1096
3000,1098
4000,1443
4000,1456
4000,1463
4000,1475
4000,1464
4000,1456
4000,1458
4000,1490
4000,1487
4000,1476
4000,1437
4000,1467
4000,1493
4000,1499
4000,1455
4000,1506
4000,1461
4000,1490
4000,1456
4000,1487
4000,1449
4000,1466
4000,1463
4000,1488
4000,1453
4000,1464
4000,1457
4000,1484
4000,1453
4000,1469
4000,1452
4000,1470
4000,1474
4000,1486
4000,1449
4000,1448
4000,1470
4000,1496
4000,1476
4000,1436
4000,1454
4000,1477
4000,1448
4000,1487
4000,1489
4000,1458
4000,1475
4000,1450
4000,1475
4000,1471
5000,1864
5000,1815
5000,1840
5000,1832
5000,1843
5000,1858
5000,1817
5000,1842
5000,1815
5000,1848
5000,1868
5000,1852
5000,1818
5000,1868
5000,1836
5000,1846
5000,1868
5000,1830
5000,1884
5000,1870
5000,1861
5000,1868
5000,1863
5000,1869
5000,1815
5000,1803
5000,1847
5000,1820
5000,1837
5000,1824
5000,1816
5000,1840
5000,1848
5000,1843
5000,1817
5000,1880
5000,1819
5000,1854
5000,1828
5000,1802
5000,1798
5000,1862
5000,1832
5000,1837
5000,1864
5000,1860
5000,1875
5000,1826
5000,1853
5000,1859
6000,2199
6000,2222
6000,2226
6000,2225
6000,2225
6000,2220
6000,2210
6000,2178
6000,2168
6000,2241
6000,2226
6000,2224
6000,2189
6000,2191
6000,2159
6000,2194
6000,2202
6000,2210
6000,2175
6000,2239
6000,2180
6000,2212
6000,2227
6000,2235
6000,2215
6000,2218
6000,2208
6000,2236
6000,2223
6000,2220
6000,2174
6000,2244
6000,2233
6000,2199
6000,2225
6000,2196
6000,2174
6000,2192
6000,2210
6000,2225
6000,2215
6000,2228
6000,2222
6000,2230
6000,2205
6000,2183
6000,2187
6000,2206
6000,2195
6000,2232
7000,2597
7000,2587
7000,2583
7000,2557
7000,2576
7000,2570
7000,2607
7000,2560
7000,2584
7000,2550
7000,2610
7000,2557
7000,2587
7000,2596
7000,2611
7000,2578
7000,2538
7000,2557
7000,2578
7000,2590
7000,2563
7000,2595
7000,2563
7000,2554
7000,2578
7000,2556
7000,2562
7000,2597
7000,2583
7000,2617
7000,2598
7000,2619
7000,2565
7000,2591
7000,2569
7000,2568
7000,2605
7000,2596
7000,2562
7000,2565
7000,2619
7000,2521
7000,2525
7000,2568
7000,2568
7000,2569
7000,2569
7000,2601
7000,2568
7000,2525
8000,2922
8000,2935
8000,2941
8000,2929
8000,2910
8000,2949
8000,2900
8000,2970
8000,2939
8000,2888
8000,2939
8000,2944
8000,2924
8000,2906
8000,3012
8000,2976
8000,2996
8000,2970
8000,2941
8000,2929
8000,2915
8000,2944
8000,2982
8000,2970
8000,2986
8000,2970
8000,2935
8000,2921
8000,2977
8000,2959
8000,2940
8000,2932
8000,2937
8000,2946
8000,2949
8000,2968
8000,2948
8000,2943
8000,2944
8000,2929
8000,2949
8000,2924
8000,2930
8000,2909
8000,2909
8000,2956
8000,2947
8000,2960
8000,2893
8000,2977
9000,3257
9000,3275
9000,3320
9000,3301
9000,3312
9000,3347
9000,3284
9000,3336
9000,3317
9000,3257
9000,3308
9000,3285
9000,3307
9000,3308
9000,3380
9000,3294
9000,3267
9000,3327
9000,3320
9000,3327
9000,3318
9000,3309
9000,3326
9000,3315
9000,3289
9000,3286
9000,3337
9000,3325
9000,3348
9000,3288
9000,3355
9000,3292
9000,3290
9000,3337
9000,3315
9000,3283
9000,3297
9000,3355
9000,3251
9000,3245
9000,3362
9000,3280
9000,3263
9000,3293
9000,3323
9000,3269
9000,3318
9000,3314
9000,3369
9000,3353
10000,3632
10000,3637
10000,3700
10000,3711
10000,3681
10000,3695
10000,3673
10000,3713
10000,3746
10000,3606
10000,3653
10000,3651
10000,3648
10000,3752
10000,3675
10000,3712
10000,3627
10000,3629
10000,3654
10000,3615
10000,3670
10000,3723
10000,3728
10000,3683
10000,3735
10000,3719
10000,3680
10000,3691
10000,3669
10000,3681
10000,3630
10000,3645
10000,3730
10000,3679
10000,3698
10000,3692
10000,3648
10000,3673
10000,3677
10000,3644
10000,3687
10000,3713
10000,3694
10000,3713
10000,3725
10000,3722
10000,3642
10000,3640
10000,3633
10000,3687
11000,4083
11000,4045
11000,4011
11000,4030
11000,4007
11000,4061
11000,4002
11000,4044
11000,4015
11000,4106
11000,4105
11000,4057
11000,4055
11000,4097
11000,4040
11000,4053
11000,4036
11000,4084
11000,4026
11000,3987
11000,4024
11000,4093
11000,4069
11000,4027
11000,3989
11000,3972
11000,4058
11000,4006
11000,4088
11000,4096
11000,4044
11000,4077
11000,4059
11000,4041
11000,4038
11000,4091
11000,4048
11000,4029
11000,4038
11000,4017
11000,4087
11000,4116
11000,3992
11000,4011
11000,4042
11000,4058
11000,4016
11000,4058
11000,4091
11000,4062
12000,4438
12000,4423
12000,4446
12000,4343
12000,4374
12000,4413
12000,4435
12000,4440
12000,4409
12000,4386
12000,4407
12000,4385
12000,4429
12000,4412
12000,4434
12000,4385
12000,4448
12000,4394
12000,4458
12000,4505
12000,4420
12000,4365
12000,4399
12000,4457
12000,4409
12000,4413
12000,4398
12000,4405
12000,4393
12000,4449
12000,4424
12000,4399
12000,4484
12000,4445
12000,4378
12000,4424
12000,4423
12000,4395
12000,4378
12000,4378
12000,4375
12000,4439
12000,4409
12000,4419
12000,4406
12000,4351
12000,4357
12000,4476
12000,4404
12000,4415
13000,4709
13000,4755
13000,4797
13000,4853
13000,4839
13000,4784
13000,4737
13000,4765
13000,4837
13000,4823
13000,4854
13000,4788
13000,4684
13000,4775
13000,4749
13000,4762
13000,4793
13000,4755
13000,4713
13000,4760
13000,4817
13000,4803
13000,4751
13000,4767
13000,4827
13000,4784
13000,4783
13000,4783
13000,4748
13000,4821
13000,4775
13000,4769
13000,4832
13000,4744
13000,4809
13000,4806
13000,4832
13000,4746
13000,4768
13000,4795
13000,4768
13000,4810
13000,4760
13000,4796
13000,4659
13000,4734
13000,4803
13000,4792
13000,4775
13000,4767
14000,5197
14000,5194
14000,5230
14000,5175
14000,5152
14000,5224
14000,5194
14000,5174
14000,5166
14000,5123
14000,5143
14000,5131
14000,5110
14000,5154
14000,5147
14000,5173
14000,5182
14000,5121
14000,5178
14000,5141
14000,5162
14000,5079
14000,5092
14000,5161
14000,5152
14000,5142
14000,5121
14000,5122
14000,5124
14000,5146
14000,5165
14000,5187
14000,5150
14000,5079
14000,5133
14000,5178
14000,5146
14000,5169
14000,5097
14000,5163
14000,5148
14000,5151
14000,5161
14000,5143
14000,5099
14000,5101
14000,5096
14000,5115
14000,5182
14000,5152
15000,5533
15000,5520
15000,5537
15000,5491
15000,5496
15000,5511
15000,5467
15000,5525
15000,5571
15000,5441
15000,5448
15000,5603
15000,5596
15000,5515
15000,5549
15000,5464
15000,5482
15000,5549
15000,5474
15000,5541
15000,5575
15000,5545
15000,5516
15000,5530
15000,5461
15000,5603
15000,5476
15000,5596
15000,5467
15000,5549
15000,5574
15000,5536
15000,5464
15000,5475
15000,5476
15000,5583
15000,5568
15000,5479
15000,5557
15000,5520
15000,5452
15000,5487
15000,5506
15000,5552
15000,5554
15000,5561
15000,5522
15000,5509
15000,5532
15000,5516
16000,5844
16000,5858
16000,5961
16000,5867
16000,5819
16000,5862
16000,5941
16000,5812
16000,5853
16000,5869
16000,5911
16000,5901
16000,5905
16000,5925
16000,5944
16000,5849
16000,5945
16000,5910
16000,5867
16000,5847
16000,5915
16000,5807
16000,5916
16000,5888
16000,5950
16000,5931
16000,5852
16000,5829
16000,5849
16000,5918
16000,5837
16000,5871
16000,5835
16000,5881
16000,5971
16000,5892
16000,5860
16000,5890
16000,5896
16000,5922
16000,5963
16000,5827
16000,5911
16000,5903
16000,5909
16000,5879
16000,5851
16000,5877
16000,5896
16000,5929
17000,6273
17000,6233
17000,6307
17000,6242
17000,6237
17000,6250
17000,6275
17000,6234
17000,6383
17000,6242
17000,6273
17000,6240
17000,6257
17000,6161
17000,6263
17000,6168
17000,6212
17000,6305
17000,6203
17000,6307
17000,6239
17000,6260
17000,6241
17000,6225
17000,6303
17000,6307
17000,6176
17000,6278
17000,6266
17000,6203
17000,6209
17000,6209
17000,6304
17000,6288
17000,6238
17000,6255
17000,6287
17000,6288
17000,6181
17000,6231
17000,6205
17000,6226
17000,6234
17000,6249
17000,6285
17000,6277
17000,6262
17000,6243
17000,6247
17000,6218
18000,6705
18000,6653
18000,6595
18000,6653
18000,6664
18000,6605
18000,6656
18000,6531
18000,6644
18000,6593
18000,6604
18000,6652
18000,6627
18000,6592
18000,6623
18000,6649
18000,6715
18000,6687
18000,6539
18000,6635
18000,6648
18000,6609
18000,6692
18000,6627
18000,6639
18000,6651
18000,6641
18000,6602
18000,6643
18000,6595
18000,6623
18000,6689
18000,6694
18000,6741
18000,6616
18000,6589
18000,6573
18000,6650
18000,6617
18000,6666
18000,6597
18000,6664
18000,6649
18000,6636
18000,6611
18000,6666
18000,6698
18000,6585
18000,6613
18000,6652
19000,6964
19000,7040
19000,6968
19000,6979
19000,6999
19000,6969
19000,7021
19000,6900
19000,6986
19000,7000
19000,7050
19000,6957
19000,7051
19000,6994
19000,6970
19000,6987
19000,6945
19000,6999
19000,6973
19000,6955
19000,6984
19000,6910
19000,6970
19000,7016
19000,7005
19000,6996
19000,6978
19000,6977
19000,7037
19000,7013
19000,6985
19000,6992
19000,7002
19000,7031
19000,6982
19000,6929
19000,6983
19000,6943
19000,6991
19000,7060
19000,7056
19000,6950
19000,6974
19000,6952
19000,7055
19000,7005
19000,7041
19000,7046
19000,6911
19000,7042
20000,7287
20000,7359
20000,7335
20000,7335
20000,7350
20000,7390
20000,7378
20000,7385
20000,7370
20000,7273
20000,7438
20000,7333
20000,7259
20000,7327
20000,7336
20000,7435
20000,7382
20000,7362
20000,7321
20000,7341
20000,7374
20000,7329
20000,7378
20000,7380
20000,7334
20000,7319
20000,7376
20000,7336
20000,7316
20000,7336
20000,7409
20000,7379
20000,7352
20000,7347
20000,7334
20000,7366
20000,7353
20000,7352
20000,7320
20000,7366
20000,7391
20000,7331
20000,7469
20000,7396
20000,7352
20000,7445
20000,7252
20000,7388
20000,7422
20000,7414
21000,7678
21000,7673
21000,7724
21000,7684
21000,7682
21000,7673
21000,7778
21000,7722
21000,7695
21000,7684
21000,7718
21000,7764
21000,7719
21000,7691
21000,7677
21000,7732
21000,7725
21000,7866
21000,7776
21000,7753
21000,7624
21000,7735
21000,7637
21000,7716
21000,7767
21000,7789
21000,7694
21000,7831
21000,7737
21000,7635
21000,7680
21000,7726
21000,7758
21000,7722
21000,7676
21000,7718
21000,7707
21000,7691
21000,7736
21000,7648
21000,7644
21000,7744
21000,7743
21000,7769
21000,7727
21000,7735
21000,7719
21000,7696
21000,7698
21000,7711
22000,8076
22000,8065
22000,8047
22000,8017
22000,8180
22000,8147
22000,8097
22000,8004
22000,8144
22000,8126
22000,8096
22000,8114
22000,8165
22000,8121
22000,8136
22000,8064
22000,8064
22000,8076
22000,8077
22000,8116
22000,8102
22000,8203
22000,8113
22000,8069
22000,8100
22000,8135
22000,8017
22000,8103
22000,8147
22000,8070
22000,8140
22000,8015
22000,8065
22000,8085
22000,8015
22000,8091
22000,8113
22000,8027
22000,8139
22000,8145
22000,8020
22000,8140
22000,8081
22000,8052
22000,8105
22000,8074
22000,8064
22000,8138
22000,8081
22000,8179
23000,8512
23000,8408
23000,8509
23000,8454
23000,8571
23000,8385
23000,8397
23000,8460
23000,8441
23000,8445
23000,8391
23000,8497
23000,8494
23000,8381
23000,8443
23000,8512
23000,8442
23000,8428
23000,8372
23000,8424
23000,8425
23000,8502
23000,8451
23000,8449
23000,8441
23000,8437
23000,8463
23000,8481
23000,8390
23000,8519
23000,8519
23000,8425
23000,8460
23000,8362
23000,8396
23000,8358
23000,8473
23000,8429
23000,8441
23000,8479
23000,8478
23000,8515
23000,8492
23000,8417
23000,8467
23000,8447
23000,8470
23000,8452
23000,8409
23000,8465
24000,8841
24000,8868
24000,8797
24000,8701
24000,8873
24000,8905
24000,8845
24000,8834
24000,8820
24000,8839
24000,8782
24000,8769
24000,8758
24000,8748
24000,8855
24000,8808
24000,8803
24000,8811
24000,8817
24000,8839
24000,8779
24000,8810
24000,8735
24000,8862
24000,8851
24000,8829
24000,8772
24000,8842
24000,8786
24000,8825
24000,8777
24000,8886
24000,8898
24000,8924
24000,8897
24000,8910
24000,8889
24000,8854
24000,8825
24000,8793
24000,8870
24000,8799
24000,8871
24000,8818
24000,8802
24000,8816
24000,8799
24000,8830
24000,8834
24000,8923
25000,9126
25000,9263
25000,9291
25000,9194
25000,9229
25000,9160
25000,9191
25000,9251
25000,9185
25000,9148
25000,9181
25000,9143
25000,9231
25000,9183
25000,9235
25000,9178
25000,9167
25000,9160
25000,9254
25000,9136
25000,9239
25000,9159
25000,9148
25000,9199
25000,9134
25000,9216
25000,9226
25000,9124
25000,9143
25000,9206
25000,9240
25000,9238
25000,9189
25000,9220
25000,9218
25000,9200
25000,9194
25000,9261
25000,9215
25000,9294
25000,9185
25000,9187
25000,9148
25000,9153
25000,9170
25000,9190
25000,9161
25000,9200
25000,9238
25000,9259
26000,9577
26000,9559
26000,9554
26000,9597
26000,9518
26000,9627
26000,9572
26000,9599
26000,9522
26000,9643
26000,9509
26000,9609
26000,9545
26000,9615
26000,9540
26000,9598
26000,9596
26000,9554
26000,9497
26000,9614
26000,9658
26000,9656
26000,9513
26000,9711
26000,9575
26000,9560
26000,9576
26000,9501
26000,9489
26000,9510
26000,9603
26000,9541
26000,9515
26000,9611
26000,9546
26000,9597
26000,9554
26000,9608
26000,9445
26000,9575
26000,9520
26000,9555
26000,9576
26000,9580
26000,9639
26000,9603
26000,9502
26000,9565
26000,9494
26000,9661
27000,9943
27000,9883
27000,9943
27000,9897
27000,9899
27000,9929
27000,9818
27000,9998
27000,9935
27000,9962
27000,9977
27000,10097
27000,9972
27000,10012
27000,10011
27000,9878
27000,9934
27000,9854
27000,9836
27000,9903
27000,9943
27000,9951
27000,9900
27000,9895
27000,9859
27000,9906
27000,9987
27000,9981
27000,9925
27000,9939
27000,10002
27000,10025
27000,9859
27000,9915
27000,9926
27000,10008
27000,9931
27000,10008
27000,9931
27000,9911
27000,9827
27000,9938
27000,9924
27000,9957
27000,9898
27000,9996
27000,9903
27000,9841
27000,9870
27000,9954
28000,10303
28000,10280
28000,10352
28000,10174
28000,10245
28000,10372
28000,10337
28000,10360
28000,10310
28000,10311
28000,10366
28000,10290
28000,10291
28000,10260
28000,10187
28000,10358
28000,10351
28000,10289
28000,10282
28000,10311
28000,10274
28000,10201
28000,10271
28000,10320
28000,10259
28000,10309
28000,10287
28000,10289
28000,10270
28000,10302
28000,10365
28000,10346
28000,10288
28000,10266
28000,10315
28000,10362
28000,10315
28000,10202
28000,10379
28000,10388
28000,10239
28000,10308
28000,10334
28000,10268
28000,10317
28000,10304
28000,10218
28000,10351
28000,10290
28000,10182
29000,10652
29000,10643
29000,10645
29000,10791
29000,10708
29000,10725
29000,10722
29000,10573
29000,10707
29000,10597
29000,10663
29000,10606
29000,10610
29000,10688
29000,10653
29000,10644
29000,10722
29000,10619
29000,10665
29000,10614
29000,10671
29000,10664
29000,10599
29000,10723
29000,10693
29000,10606
29000,10596
29000,10616
29000,10622
29000,10756
29000,10722
29000,10767
29000,10647
29000,10627
29000,10693
29000,10659
29000,10735
29000,10733
29000,10586
29000,10698
29000,10656
29000,10634
29000,10679
29000,10686
29000,10642
29000,10644
29000,10727
29000,10675
29000,10608
29000,10662
30000,11021
30000,10988
30000,11055
30000,10950
30000,11034
30000,11021
30000,11050
30000,11110
30000,10996
30000,11072
30000,11025
30000,11039
30000,11016
30000,11016
30000,11098
30000,11010
30000,11071
30000,11147
30000,10992
30000,11118
30000,10927
30000,11045
30000,11091
30000,11016
30000,11110
30000,11186
30000,10985
30000,11014
30000,11140
30000,11042
30000,10998
30000,11042
30000,11125
30000,11036
30000,11018
30000,10971
30000,11008
30000,11018
30000,11068
30000,10989
30000,11044
30000,11019
30000,11072
30000,10917
30000,11031
30000,11052
30000,11091
30000,11020
30000,11111
30000,11006
31000,11477
31000,11390
31000,11470
31000,11302
31000,11370
31000,11392
31000,11324
31000,11403
31000,11466
31000,11335
31000,11447
31000,11367
31000,11424
31000,11330
31000,11407
31000,11499
31000,11374
31000,11476
31000,11289
31000,11522
31000,11441
31000,11282
31000,11311
31000,11374
31000,11451
31000,11386
31000,11436
31000,11405
31000,11442
31000,11509
31000,11518
31000,11387
31000,11442
31000,11551
31000,11337
31000,11368
31000,11495
31000,11402
31000,11409
31000,11523
31000,11429
31000,11404
31000,11421
31000,11489
31000,11438
31000,11413
31000,11430
31000,11396
31000,11351
31000,11306
32000,11744
32000,11824
32000,11826
32000,11822
32000,11743
32000,11750
32000,11689
32000,11798
32000,11706
32000,11765
32000,11734
32000,11718
32000,11806
32000,11823
32000,11713
32000,11769
32000,11810
32000,11766
32000,11834
32000,11749
32000,11774
32000,11804
32000,11727
32000,11791
32000,11781
32000,11747
32000,11778
32000,11851
32000,11804
32000,11731
32000,11750
32000,11698
32000,11739
32000,11785
32000,11768
32000,11865
32000,11734
32000,11790
32000,11788
32000,11840
32000,11773
32000,11823
32000,11822
32000,11776
32000,11825
32000,11754
32000,11825
32000,11866
32000,11800
32000,11757
33000,12104
33000,12214
33000,12183
33000,12086
33000,12196
33000,12155
33000,12068
33000,12073
33000,12191
33000,12127
33000,12040
33000,12161
33000,12090
33000,12169
33000,12117
33000,12077
33000,12026
33000,12098
33000,12115
33000,12139
33000,12127
33000,12075
33000,12082
33000,12152
33000,12056
33000,12163
33000,12120
33000,12061
33000,12156
33000,12209
33000,12189
33000,12166
33000,12132
33000,12032
33000,12064
33000,12178
33000,12212
33000,12173
33000,12165
33000,12219
33000,12082
33000,12098
33000,12057
33000,12104
33000,12209
33000,12119
33000,12160
33000,12204
33000,12167
33000,12067
34000,12487
34000,12469
34000,12454
34000,12496
34000,12590
34000,12412
34000,12465
34000,12585
34000,12587
34000,12509
34000,12499
34000,12560
34000,12430
34000,12433
34000,12499
34000,12463
34000,12475
34000,12531
34000,12472
34000,12495
34000,12428
34000,12552
34000,12450
34000,12408
34000,12645
34000,12433
34000,12603
34000,12487
34000,12481
34000,12539
34000,12479
34000,12544
34000,12499
34000,12421
34000,12588
34000,12421
34000,12512
34000,12574
34000,12458
34000,12621
34000,12486
34000,12507
34000,12458
34000,12422
34000,12403
34000,12571
34000,12588
34000,12517
34000,12494
34000,12506
35000,12873
35000,13030
35000,12956
35000,12764
35000,12898
35000,12919
35000,12872
35000,12855
35000,12896
35000,12898
35000,12814
35000,12815
35000,12971
35000,12860
35000,12936
35000,12837
35000,12910
35000,12927
35000,12853
35000,12906
35000,12862
35000,12890
35000,12802
35000,12893
35000,12837
35000,12890
35000,12835
35000,12876
35000,12899
35000,12945
35000,12862
35000,12856
35000,12813
35000,12938
35000,12917
35000,12883
35000,12932
35000,12909
35000,12874
35000,12856
35000,12849
35000,12909
35000,12894
35000,12802
35000,12814
35000,12936
35000,12841
35000,12868
35000,12927
35000,12826
36000,13168
36000,13174
36000,13205
36000,13223
36000,13283
36000,13204
36000,13258
36000,13157
36000,13217
36000,13289
36000,13350
36000,13198
36000,13283
36000,13304
36000,13199
36000,13266
36000,13211
36000,13251
36000,13223
36000,13265
36000,13264
36000,13261
36000,13311
36000,13275
36000,13297
36000,13224
36000,13288
36000,13220
36000,13234
36000,13213
36000,13210
36000,13276
36000,13157
36000,13293
36000,13261
36000,13210
36000,13286
36000,13239
36000,13272
36000,13286
36000,13300
36000,13275
36000,13237
36000,13151
36000,13296
36000,13238
36000,13263
36000,13166
36000,13203
36000,13278
37000,13630
37000,13651
37000,13644
37000,13713
37000,13625
37000,13606
37000,13641
37000,13502
37000,13612
37000,13671
37000,13664
37000,13575
37000,13645
37000,13588
37000,13551
37000,13650
37000,13615
37000,13555
37000,13607
37000,13581
37000,13638
37000,13626
37000,13700
37000,13614
37000,13650
37000,13540
37000,13699
37000,13587
37000,13616
37000,13552
37000,13659
37000,13631
37000,13642
37000,13653
37000,13578
37000,13663
37000,13616
37000,13576
37000,13599
37000,13598
37000,13660
37000,13606
37000,13661
37000,13568
37000,13602
37000,13579
37000,13669
37000,13547
37000,13588
37000,13505
38000,13941
38000,13929
38000,13979
38000,14056
38000,13903
38000,13944
38000,13762
38000,13933
38000,13991
38000,14006
38000,13996
38000,13952
38000,13867
38000,14000
38000,13968
38000,14038
38000,13970
38000,13920
38000,13982
38000,13977
38000,13930
38000,13989
38000,14058
38000,14007
38000,13995
38000,14052
38000,14081
38000,13975
38000,13959
38000,14120
38000,13859
38000,14018
38000,13851
38000,13932
38000,13945
38000,14060
38000,13814
38000,14025
38000,13999
38000,14029
38000,13974
38000,13980
38000,14067
38000,13998
38000,13994
38000,13828
38000,13938
38000,14035
38000,13929
38000,14114
39000,14356
39000,14300
39000,14233
39000,14346
39000,14311
39000,14377
39000,14373
39000,14395
39000,14279
39000,14288
39000,14396
39000,14259
39000,14350
39000,14288
39000,14277
39000,14243
39000,14224
39000,14425
39000,14336
39000,14364
39000,14396
39000,14439
39000,14320
39000,14402
39000,14473
39000,14366
39000,14282
39000,14289
39000,14301
39000,14267
39000,14414
39000,14280
39000,14301
39000,14413
39000,14311
39000,14297
39000,14378
39000,14343
39000,14375
39000,14404
39000,14234
39000,14356
39000,14318
39000,14432
39000,14300
39000,14405
39000,14364
39000,14392
39000,14371
39000,14286
40000,14642
40000,14749
40000,14740
40000,14614
40000,14701
40000,14581
40000,14680
40000,14678
40000,14706
40000,14730
40000,14711
40000,14799
40000,14711
40000,14677
40000,14655
40000,14830
40000,14776
40000,14726
40000,14705
40000,14620
40000,14757
40000,14682
40000,14736
40000,14665
40000,14719
40000,14822
40000,14777
40000,14668
40000,14789
40000,14782
40000,14681
40000,14680
40000,14623
40000,14641
40000,14680
40000,14685
40000,14874
40000,14781
40000,14802
40000,14745
40000,14732
40000,14695
40000,14792
40000,14723
40000,14670
40000,14732
40000,14733
40000,14702
40000,14696
40000,14727
41000,14986
41000,15008
41000,15083
41000,15101
41000,15188
41000,15071
41000,15042
41000,15096
41000,15096
41000,15163
41000,15118
41000,15069
41000,15111
41000,15226
41000,15178
41000,15028
41000,15043
41000,15098
41000,15126
41000,15055
41000,15106
41000,15043
41000,15092
41000,15018
41000,15070
41000,15062
41000,15155
41000,15077
41000,15089
41000,15167
41000,15075
41000,14940
41000,15095
41000,15135
41000,15088
41000,15102
41000,15028
41000,15154
41000,15036
41000,15092
41000,15036
41000,15046
41000,15169
41000,15063
41000,15111
41000,15254
41000,15229
41000,15126
41000,15101
41000,15069
42000,15599
42000,15417
42000,15397
42000,15421
42000,15496
42000,15419
42000,15346
42000,15579
42000,15425
42000,15404
42000,15479
42000,15443
42000,15419
42000,15537
42000,15381
42000,15383
42000,15376
42000,15558
42000,15502
42000,15347
42000,15386
42000,15400
42000,15437
42000,15467
42000,15524
42000,15453
42000,15478
42000,15430
42000,15452
42000,15450
42000,15346
42000,15514
42000,15448
42000,15361
42000,15506
42000,15500
42000,15488
42000,15409
42000,15519
42000,15444
42000,15491
42000,15547
42000,15614
42000,15465
42000,15455
42000,15441
42000,15455
42000,15553
42000,15404
42000,15454
43000,15747
43000,15726
43000,15810
43000,15745
43000,15885
43000,15901
43000,15881
43000,15793
43000,15823
43000,15822
43000,16023
43000,15786
43000,15868
43000,15857
43000,15814
43000,15835
43000,15847
43000,15822
43000,15833
43000,15889
43000,15726
43000,15723
43000,15935
43000,15822
43000,15886
43000,15857
43000,15861
43000,15744
43000,15849
43000,15722
43000,15777
43000,15806
43000,15872
43000,15929
43000,15872
43000,15735
43000,15987
43000,15779
43000,15741
43000,15757
43000,15789
43000,15875
43000,15851
43000,15869
43000,15780
43000,15888
43000,15764
43000,15841
43000,15884
43000,15785
44000,16067
44000,16246
44000,16071
44000,16125
44000,16256
44000,16105
44000,16179
44000,16171
44000,16245
44000,16193
44000,16268
44000,16180
44000,16185
44000,16182
44000,16106
44000,16102
44000,16170
44000,16212
44000,16223
44000,16234
44000,16187
44000,16297
44000,16090
44000,16150
44000,16221
44000,16134
44000,16205
44000,16047
44000,16134
44000,16339
44000,16187
44000,16158
44000,16267
44000,16274
44000,16124
44000,16298
44000,16244
44000,16254
44000,16173
44000,16315
44000,16296
44000,16035
44000,16144
44000,16178
44000,16215
44000,16177
44000,16174
44000,16011
44000,16218
44000,16260
45000,16368
45000,16568
45000,16466
45000,16517
45000,16566
45000,16577
45000,16599
45000,16525
45000,16603
45000,16512
45000,16691
45000,16588
45000,16486
45000,16563
45000,16521
45000,16539
45000,16419
45000,16496
45000,16613
45000,16461
45000,16550
45000,16526
45000,16745
45000,16530
45000,16506
45000,16627
45000,16686
45000,16506
45000,16545
45000,16515
45000,16618
45000,16661
45000,16501
45000,16477
45000,16535
45000,16536
45000,16515
45000,16347
45000,16545
45000,16623
45000,16492
45000,16500
45000,16636
45000,16613
45000,16487
45000,16603
45000,16541
45000,16655
45000,16442
45000,16568
46000,16911
46000,17006
46000,16860
46000,16881
46000,17055
46000,16978
46000,16938
46000,17005
46000,16837
46000,16921
46000,16826
46000,16866
46000,16952
46000,16807
46000,16911
46000,16924
46000,16943
46000,16959
46000,16938
46000,17005
46000,16976
46000,16880
46000,16817
46000,17011
46000,16836
46000,16965
46000,16806
46000,16801
46000,16946
46000,16914
46000,16936
46000,16899
46000,16984
46000,16970
46000,16864
46000,16936
46000,16852
46000,16867
46000,16965
46000,16920
46000,16828
46000,16903
46000,16813
46000,16849
46000,16968
46000,16874
46000,16896
46000,16891
46000,17027
46000,16889
47000,17354
47000,17273
47000,17456
47000,17409
47000,17296
47000,17276
47000,17156
47000,17169
47000,17289
47000,17281
47000,17418
47000,17248
47000,17313
47000,17381
47000,17224
47000,17343
47000,17323
47000,17251
47000,17249
47000,17186
47000,17201
47000,17177
47000,17265
47000,17355
47000,17263
47000,17369
47000,17223
47000,17284
47000,17295
47000,17329
47000,17247
47000,17257
47000,17288
47000,17276
47000,17244
47000,17254
47000,17215
47000,17296
47000,17313
47000,17279
47000,17277
47000,17335
47000,17440
47000,17319
47000,17298
47000,17338
47000,17169
47000,17344
47000,17305
47000,17316
48000,17574
48000,17621
48000,17755
48000,17823
48000,17847
48000,17660
48000,17688
48000,17705
48000,17768
48000,17715
48000,17633
48000,17710
48000,17679
48000,17687
48000,17659
48000,17558
48000,17748
48000,17723
48000,17777
48000,17686
48000,17721
48000,17665
48000,17571
48000,17666
48000,17799
48000,17640
48000,17736
48000,17691
48000,17583
48000,17661
48000,17581
48000,17636
48000,17636
48000,17669
48000,17795
48000,17657
48000,17616
48000,17723
48000,17675
48000,17688
48000,17619
48000,17622
48000,17701
48000,17709
48000,17560
48000,17608
48000,17615
48000,17896
48000,17590
48000,17750
49000,18023
49000,18093
49000,18064
49000,18183
49000,17844
49000,18065
49000,18103
49000,18056
49000,18102
49000,17927
49000,18086
49000,18036
49000,18123
49000,17964
49000,17984
49000,18003
49000,18028
49000,17958
49000,18056
49000,18048
49000,17994
49000,18069
49000,18050
49000,18165
49000,18122
49000,18034
49000,17999
49000,17970
49000,18085
49000,18122
49000,17973
49000,18164
49000,18107
49000,18031
49000,18084
49000,18184
49000,17888
49000,17997
49000,18055
49000,18037
49000,18042
49000,18051
49000,18124
49000,18060
49000,18041
49000,18107
49000,18026
49000,18045
49000,17898
49000,18040
50000,18356
50000,18333
50000,18434
50000,18358
50000,18364
50000,18386
50000,18314
50000,18386
50000,18395
50000,18494
50000,18358
50000,18406
50000,18401
50000,18281
50000,18429
50000,18278
50000,18369
50000,18453
50000,18383
50000,18424
50000,18422
50000,18408
50000,18458
50000,18318
50000,18431
50000,18365
50000,18401
50000,18453
50000,18360
50000,18394
50000,18433
50000,18359
50000,18461
50000,18207
50000,18371
50000,18403
50000,18330
50000,18476
50000,18259
50000,18265
50000,18390
50000,18326
50000,18433
50000,18498
50000,18335
50000,18404
50000,18371
50000,18417
50000,18281
50000,18378
51000,18676
51000,18736
51000,18856
51000,18830
51000,18702
51000,18804
51000,18752
51000,18783
51000,18796
51000,18793
51000,18731
51000,18825
51000,18832
51000,18677
51000,18796
51000,18767
51000,18727
51000,18746
51000,18815
51000,18793
51000,18805
51000,18862
51000,18717
51000,18777
51000,18745
51000,18807
51000,18965
51000,18808
51000,18805
51000,18659
51000,18797
51000,18780
51000,18909
51000,18730
51000,18762
51000,18793
51000,18815
51000,18887
51000,18839
51000,18747
51000,18717
51000,18610
51000,18689
51000,18688
51000,18733
51000,18780
51000,18861
51000,18807
51000,18828
51000,18800
52000,19089
52000,19059
52000,19061
52000,19131
52000,19132
52000,19144
52000,19091
52000,19099
52000,19011
52000,19230
52000,19208
52000,19086
52000,19144
52000,19184
52000,19242
52000,19185
52000,19080
52000,19160
52000,19100
52000,19139
52000,19236
52000,19230
52000,19056
52000,19154
52000,19082
52000,19176
52000,19184
52000,19268
52000,19155
52000,19164
52000,19076
52000,19158
52000,19064
52000,19264
52000,18961
52000,19171
52000,19172
52000,19146
52000,19011
52000,19157
52000,19194
52000,19228
52000,19179
52000,19220
52000,19145
52000,19169
52000,19111
52000,19123
52000,19041
52000,19072
53000,19586
53000,19492
53000,19528
53000,19597
53000,19523
53000,19502
53000,19412
53000,19447
53000,19591
53000,19563
53000,19461
53000,19527
53000,19488
53000,19302
53000,19410
53000,19553
53000,19521
53000,19500
53000,19424
53000,19424
53000,19403
53000,19470
53000,19412
53000,19549
53000,19490
53000,19610
53000,19556
53000,19483
53000,19403
53000,19619
53000,19492
53000,19507
53000,19478
53000,19590
53000,19465
53000,19524
53000,19426
53000,19325
53000,19521
53000,19296
53000,19354
53000,19631
53000,19442
53000,19560
53000,19554
53000,19603
53000,19550
53000,19564
53000,19561
53000,19539
54000,19945
54000,19838
54000,19743
54000,19801
54000,19931
54000,19786
54000,19802
54000,19784
54000,19879
54000,19788
54000,19798
54000,20033
54000,19878
54000,19907
54000,19893
54000,19903
54000,19842
54000,19848
54000,19760
54000,19900
54000,19922
54000,19854
54000,20050
54000,19784
54000,19815
54000,19804
54000,20009
54000,19879
54000,19798
54000,19824
54000,19910
54000,19759
54000,19911
54000,19815
54000,20025
54000,19848
54000,19831
54000,19835
54000,19684
54000,19879
54000,19835
54000,19981
54000,19812
54000,19913
54000,19938
54000,19758
54000,19812
54000,19842
54000,19829
54000,20007
55000,20137
55000,20210
55000,20371
55000,20296
55000,20341
55000,20400
55000,20201
55000,20132
55000,20262
55000,20214
55000,20097
55000,20402
55000,20262
55000,20331
55000,20158
55000,20264
55000,20169
55000,20156
55000,20307
55000,20371
55000,20255
55000,20311
55000,20266
55000,20329
55000,20196
55000,20194
55000,20401
55000,20200
55000,20327
55000,20406
55000,20301
55000,20292
55000,20174
55000,20062
55000,20207
55000,20286
55000,20251
55000,20143
55000,20235
55000,20131
55000,20195
55000,20407
55000,20204
55000,20224
55000,20327
55000,20268
55000,20295
55000,20191
55000,20348
55000,20218
56000,20672
56000,20425
56000,20566
56000,20518
56000,20667
56000,20601
56000,20627
56000,20714
56000,20620
56000,20669
56000,20713
56000,20720
56000,20484
56000,20618
56000,20574
56000,20542
56000,20558
56000,20678
56000,20703
56000,20605
56000,20777
56000,20582
56000,20706
56000,20652
56000,20593
56000,20751
56000,20500
56000,20506
56000,20514
56000,20515
56000,20614
56000,20621
56000,20500
56000,20664
56000,20501
56000,20589
56000,20635
56000,20734
56000,20453
56000,20630
56000,20545
56000,20640
56000,20483
56000,20540
56000,20584
56000,20587
56000,20681
56000,20531
56000,20649
56000,20457
57000,21005
57000,20993
57000,20939
57000,20995
57000,20943
57000,20958
57000,21036
57000,21028
57000,20958
57000,21008
57000,21166
57000,20980
57000,20934
57000,21009
57000,20896
57000,20887
57000,20986
57000,21035
57000,20861
57000,21018
57000,20838
57000,20919
57000,20837
57000,20975
57000,20866
57000,21039
57000,20985
57000,20877
57000,20992
57000,21076
57000,21033
57000,20915
57000,20871
57000,21009
57000,20950
57000,20947
57000,21027
57000,20888
57000,21114
57000,21013
57000,20970
57000,21009
57000,20991
57000,21024
57000,20963
57000,21033
57000,21041
57000,20907
57000,20969
57000,20892
58000,21385
58000,21300
58000,21368
58000,21366
58000,21311
58000,21312
58000,21369
58000,21325
58000,21354
58000,21403
58000,21333
58000,21319
58000,21317
58000,21363
58000,21398
58000,21345
58000,21303
58000,21192
58000,21357
58000,21519
58000,21359
58000,21273
58000,21247
58000,21411
58000,21409
58000,21137
58000,21293
58000,21378
58000,21289
58000,21306
58000,21281
58000,21289
58000,21393
58000,21336
58000,21371
58000,21422
58000,21282
58000,21431
58000,21253
58000,21308
58000,21303
58000,21353
58000,21305
58000,21490
58000,21399
58000,21248
58000,21364
58000,21373
58000,21423
58000,21451
59000,21733
59000,21660
59000,21810
59000,21630
59000,21821
59000,21682
59000,21784
59000,21585
59000,21662
59000,21728
59000,21854
59000,21850
59000,21683
59000,21661
59000,21772
59000,21792
59000,21820
59000,21607
59000,21632
59000,21636
59000,21695
59000,21676
59000,21656
59000,21570
59000,21734
59000,21812
59000,21708
59000,21588
59000,21615
59000,21710
59000,21652
59000,21681
59000,21821
59000,21714
59000,21769
59000,21750
59000,21693
59000,21703
59000,21666
59000,21754
59000,21825
59000,21576
59000,21814
59000,21675
59000,21754
59000,21810
59000,21677
59000,21647
59000,21665
59000,21657
60000,22052
60000,22099
60000,21889
60000,22134
60000,22158
60000,22054
60000,22131
60000,22121
60000,22088
60000,22119
60000,22024
60000,22147
60000,21984
60000,21854
60000,22061
60000,22144
60000,21950
60000,21933
60000,22095
60000,22156
60000,22167
60000,22101
60000,21990
60000,21923
60000,22072
60000,21906
60000,22047
60000,22144
60000,22164
60000,22205
60000,22090
60000,22083
60000,22113
60000,21989
60000,22179
60000,22041
60000,22038
60000,22027
60000,22012
60000,22024
60000,22005
60000,22191
60000,22014
60000,22098
60000,22070
60000,22040
60000,22098
60000,22161
60000,22103
60000,22210
61000,22486
61000,22338
61000,22462
61000,22437
61000,22525
61000,22475
61000,22345
61000,22500
61000,22393
61000,22422
61000,22509
61000,22339
61000,22538
61000,22469
61000,22352
61000,22505
61000,22454
61000,22541
61000,22401
61000,22356
61000,22407
61000,22408
61000,22446
61000,22329
61000,22385
61000,22564
61000,22494
61000,22443
61000,22305
61000,22449
61000,22453
61000,22413
61000,22467
61000,22413
61000,22445
61000,22365
61000,22354
61000,22516
61000,22339
61000,22526
61000,22411
61000,22391
61000,22318
61000,22530
61000,22512
61000,22395
61000,22461
61000,22505
61000,22453
61000,22489
62000,22775
62000,22777
62000,22827
62000,22710
62000,22815
62000,22755
62000,22776
62000,22809
62000,22791
62000,22885
62000,22813
62000,22835
62000,22785
62000,22709
62000,22870
62000,22860
62000,22765
62000,22674
62000,22843
62000,22715
62000,22790
62000,22840
62000,22636
62000,22887
62000,22915
62000,22807
62000,22854
62000,22716
62000,22788
62000,22929
62000,22844
62000,22995
62000,22819
62000,22869
62000,22957
62000,22755
62000,22832
62000,22791
62000,22832
62000,22756
62000,23019
62000,22793
62000,22832
62000,22779
62000,22787
62000,22745
62000,22918
62000,22663
62000,22729
62000,22734
63000,23195
63000,23194
63000,23228
63000,23199
63000,23185
63000,23067
63000,23144
63000,23213
63000,23078
63000,23186
63000,23219
63000,23176
63000,23185
63000,23189
63000,23300
63000,23192
63000,23161
63000,23099
63000,22983
63000,23272
63000,23185
63000,23258
63000,23263
63000,23175
63000,23203
63000,23030
63000,22983
63000,23258
63000,23232
63000,23143
63000,23189
63000,23184
63000,23094
63000,23126
63000,23100
63000,23070
63000,23250
63000,23190
63000,23266
63000,23120
63000,23247
63000,23165
63000,23116
63000,23274
63000,23076
63000,23213
63000,23201
63000,23113
63000,23152
63000,23230
64000,23561
64000,23483
64000,23740
64000,23544
64000,23537
64000,23404
64000,23568
64000,23585
64000,23509
64000,23605
64000,23665
64000,23682
64000,23487
64000,23490
64000,23505
64000,23531
64000,23672
64000,23508
64000,23482
64000,23553
64000,23578
64000,23536
64000,23602
64000,23567
64000,23587
64000,23585
64000,23395
64000,23674
64000,23547
64000,23521
64000,23589
64000,23528
64000,23499
64000,23654
64000,23583
64000,23585
64000,23497
64000,23536
64000,23397
64000,23368
64000,23559
64000,23477
64000,23532
64000,23563
64000,23495
64000,23454
64000,23614
64000,23589
64000,23450
64000,23498
65000,23958
65000,23831
65000,23878
65000,23909
65000,23732
65000,24009
65000,23851
65000,23949
65000,23956
65000,23902
65000,23913
65000,23953
65000,23753
65000,23842
65000,23944
65000,23878
65000,23937
65000,23882
65000,24022
65000,24015
65000,23908
65000,23841
65000,23962
65000,24019
65000,23902
65000,23975
65000,23896
65000,23877
65000,23888
65000,23859
65000,24036
65000,23905
65000,24031
65000,23957
65000,23831
65000,23818
65000,23886
65000,23958
65000,23863
65000,23860
65000,23971
65000,23871
65000,23856
65000,23993
65000,23805
65000,23903
65000,23787
65000,23949
65000,23870
65000,23856
66000,24409
66000,24115
66000,24486
66000,24324
66000,24267
66000,24404
66000,24237
66000,24320
66000,24319
66000,24207
66000,24318
66000,24360
66000,24404
66000,24144
66000,24289
66000,24118
66000,24305
66000,24198
66000,24392
66000,24367
66000,24355
66000,24311
66000,24168
66000,24290
66000,24236
66000,24324
66000,24357
66000,24265
66000,24271
66000,24228
66000,24293
66000,24270
66000,24307
66000,24222
66000,24154
66000,24227
66000,24432
66000,24258
66000,24320
66000,24010
66000,24286
66000,24319
66000,24224
66000,24289
66000,24141
66000,24268
66000,24170
66000,24288
66000,24304
66000,24264
67000,24869
67000,24578
67000,24824
67000,24737
67000,24706
67000,24724
67000,24547
67000,24493
67000,24559
67000,24702
67000,24595
67000,24658
67000,24541
67000,24593
67000,24649
67000,24640
67000,24763
67000,24627
67000,24702
67000,24739
67000,24499
67000,24571
67000,24558
67000,24468
67000,24799
67000,24569
67000,24699
67000,24786
67000,24685
67000,24698
67000,24515
67000,24731
67000,24574
67000,24722
67000,24584
67000,24677
67000,24646
67000,24523
67000,24770
67000,24675
67000,24678
67000,24674
67000,24708
67000,24736
67000,24656
67000,24626
67000,24698
67000,24648
67000,24657
67000,24729
68000,24976
68000,25039
68000,25032
68000,24977
68000,24989
68000,24990
68000,25017
68000,25091
68000,25046
68000,24988
68000,24944
68000,25001
68000,24969
68000,25028
68000,25159
68000,25091
68000,24961
68000,24909
68000,24935
68000,24997
68000,25049
68000,25013
68000,24903
68000,25108
68000,24931
68000,25115
68000,25021
68000,24990
68000,25035
68000,25007
68000,24996
68000,24980
68000,25074
68000,25053
68000,25157
68000,25024
68000,24942
68000,24995
68000,25028
68000,25054
68000,25104
68000,25089
68000,25045
68000,24972
68000,24981
68000,25035
68000,24969
68000,25066
68000,24924
68000,24995
69000,25375
69000,25303
69000,25462
69000,25358
69000,25391
69000,25324
69000,25361
69000,25442
69000,25312
69000,25366
69000,25359
69000,25420
69000,25425
69000,25298
69000,25306
69000,25199
69000,25357
69000,25438
69000,25388
69000,25432
69000,25359
69000,25351
69000,25383
69000,25333
69000,25608
69000,25297
69000,25343
69000,25368
69000,25470
69000,25180
69000,25369
69000,25548
69000,25433
69000,25355
69000,25322
69000,25524
69000,25450
69000,25387
69000,25380
69000,25272
69000,25382
69000,25414
69000,25338
69000,25343
69000,25255
69000,25337
69000,25401
69000,25343
69000,25404
69000,25296
70000,25797
70000,25803
70000,25772
70000,25771
70000,25802
70000,25668
70000,25870
70000,25819
70000,25702
70000,25790
70000,25783
70000,25906
70000,25564
70000,25682
70000,25740
70000,25789
70000,25737
70000,25783
70000,25664
70000,25712
70000,25865
70000,25817
70000,25754
70000,25813
70000,25702
70000,25817
70000,25786
70000,25817
70000,25708
70000,25791
70000,25738
70000,25814
70000,25592
70000,25833
70000,25835
70000,25828
70000,25972
70000,25789
70000,25786
70000,25556
70000,25718
70000,25697
70000,25679
70000,25680
70000,25832
70000,25683
70000,25842
70000,25870
70000,25605
70000,25720
71000,26021
71000,26167
71000,26192
71000,26213
71000,26175
71000,26005
71000,26104
71000,26356
71000,26141
71000,26054
71000,26106
71000,26152
71000,26213
71000,26074
71000,26076
71000,26090
71000,26154
71000,25899
71000,26054
71000,26124
71000,26240
71000,26096
71000,26046
71000,26221
71000,26215
71000,26047
71000,26131
71000,26164
71000,26162
71000,26302
71000,26062
71000,26053
71000,26068
71000,26151
71000,26018
71000,26207
71000,26119
71000,26176
71000,26075
71000,26155
71000,26083
71000,26122
71000,26018
71000,26215
71000,26122
71000,26163
71000,26233
71000,26066
71000,26232
71000,26063
72000,26531
72000,26514
72000,26388
72000,26478
72000,26407
72000,26558
72000,26503
72000,26632
72000,26467
72000,26415
72000,26399
72000,26568
72000,26402
72000,26512
72000,26443
72000,26443
72000,26487
72000,26462
72000,26615
72000,26461
72000,26457
72000,26409
72000,26450
72000,26485
72000,26610
72000,26540
72000,26548
72000,26588
72000,26539
72000,26485
72000,26508
72000,26503
72000,26499
72000,26409
72000,26444
72000,26421
72000,26446
72000,26457
72000,26459
72000,26470
72000,26542
72000,26406
72000,26542
72000,26516
72000,26417
72000,26533
72000,26525
72000,26478
72000,26606
72000,26468
73000,26846
73000,26874
73000,26846
73000,26930
73000,26808
73000,26937
73000,26972
73000,26925
73000,26837
73000,26939
73000,26877
73000,26924
73000,26882
73000,27002
73000,26946
73000,26851
73000,26847
73000,26716
73000,26859
73000,26815
73000,26920
73000,26964
73000,26805
73000,26916
73000,26966
73000,26820
73000,26976
73000,26786
73000,26781
73000,26911
73000,26763
73000,26786
73000,26828
73000,27045
73000,27045
73000,26902
73000,26973
73000,26879
73000,26956
73000,26867
73000,26895
73000,26970
73000,26828
73000,26745
73000,26794
73000,26937
73000,26789
73000,26869
73000,26967
73000,26930
74000,27215
74000,27122
74000,27269
74000,27052
74000,27424
74000,27268
74000,27260
74000,27255
74000,27291
74000,27157
74000,27074
74000,27210
74000,27219
74000,27194
74000,27262
74000,27250
74000,27144
74000,27271
74000,27156
74000,27229
74000,27152
74000,27248
74000,27342
74000,27297
74000,27225
74000,27134
74000,27069
74000,27193
74000,27250
74000,27284
74000,27137
74000,27273
74000,27183
74000,27147
74000,27220
74000,27001
74000,27327
74000,27195
74000,27187
74000,27110
74000,27258
74000,27138
74000,27225
74000,27113
74000,27056
74000,27211
74000,27075
74000,27191
74000,27182
74000,27173
75000,27661
75000,27667
75000,27405
75000,27637
75000,27600
75000,27587
75000,27554
75000,27612
75000,27744
75000,27483
75000,27535
75000,27638
75000,27655
75000,27664
75000,27498
75000,27456
75000,27711
75000,27403
75000,27568
75000,27718
75000,27583
75000,27711
75000,27583
75000,27579
75000,27579
75000,27595
75000,27544
75000,27789
75000,27620
75000,27656
75000,27691
75000,27550
75000,27452
75000,27612
75000,27610
75000,27541
75000,27653
75000,27444
75000,27503
75000,27552
75000,27647
75000,27444
75000,27589
75000,27678
75000,27651
75000,27819
75000,27464
75000,27490
75000,27616
75000,27641
76000,27789
76000,28246
76000,27991
76000,27942
76000,28028
76000,27920
76000,27825
76000,27894
76000,27819
76000,27992
76000,28120
76000,27931
76000,28024
76000,27925
76000,27928
76000,28188
76000,28157
76000,27793
76000,28152
76000,27964
76000,28047
76000,27973
76000,28063
76000,27875
76000,27896
76000,27861
76000,27970
76000,27943
76000,27713
76000,28031
76000,27894
76000,28080
76000,27882
76000,27983
76000,27984
76000,27819
76000,28107
76000,28071
76000,27893
76000,27962
76000,28001
76000,27917
76000,28001
76000,27922
76000,27824
76000,27970
76000,27861
76000,27941
76000,27985
76000,27918
77000,28392
77000,28390
77000,28245
77000,28214
77000,28414
77000,28367
77000,28301
77000,28250
77000,28341
77000,28278
77000,28310
77000,28454
77000,28354
77000,28289
77000,28295
77000,28344
77000,28209
77000,28287
77000,28556
77000,28217
77000,28542
77000,28360
77000,28272
77000,28272
77000,28321
77000,28407
77000,28434
77000,28457
77000,28356
77000,28357
77000,28330
77000,28351
77000,28228
77000,28380
77000,28295
77000,28363
77000,28321
77000,28466
77000,28213
77000,28453
77000,28258
77000,28442
77000,28172
77000,28375
77000,28175
77000,28445
77000,28438
77000,28288
77000,28339
77000,28326
78000,28725
78000,28644
78000,28717
78000,28683
78000,28671
78000,28806
78000,28714
78000,28571
78000,28552
78000,28787
78000,28647
78000,28820
78000,28695
78000,28718
78000,28730
78000,28756
78000,28868
78000,28591
78000,28635
78000,28623
78000,28703
78000,28732
78000,28714
78000,28748
78000,28622
78000,28688
78000,28623
78000,28541
78000,28601
78000,28658
78000,28690
78000,28842
78000,28665
78000,28615
78000,28611
78000,28782
78000,28933
78000,28858
78000,28662
78000,28728
78000,28900
78000,28653
78000,28735
78000,28629
78000,28550
78000,28742
78000,28705
78000,28689
78000,28610
78000,28553
79000,29058
79000,29212
79000,28917
79000,28965
79000,29016
79000,29088
79000,29170
79000,29066
79000,29013
79000,29135
79000,29108
79000,28869
79000,29033
79000,29088
79000,29062
79000,29166
79000,28994
79000,29246
79000,29071
79000,29019
79000,29031
79000,29092
79000,29083
79000,29188
79000,28986
79000,28976
79000,29059
79000,29121
79000,29147
79000,29070
79000,29057
79000,29086
79000,29053
79000,29136
79000,28991
79000,29175
79000,28874
79000,29145
79000,28917
79000,29052
79000,29020
79000,29097
79000,29114
79000,29058
79000,29047
79000,29149
79000,28973
79000,29025
79000,29057
79000,28936
80000,29521
80000,29291
80000,29308
80000,29556
80000,29364
80000,29347
80000,29559
80000,29387
80000,29512
80000,29394
80000,29614
80000,29573
80000,29439
80000,29457
80000,29572
80000,29387
80000,29383
80000,29421
80000,29513
80000,29484
80000,29492
80000,29405
80000,29362
80000,29497
80000,29483
80000,29430
80000,29337
80000,29434
80000,29537
80000,29498
80000,29368
80000,29498
80000,29310
80000,29604
80000,29442
80000,29471
80000,29297
80000,29393
80000,29376
80000,29369
80000,29543
80000,29433
80000,29277
80000,29477
80000,29370
80000,29400
80000,29545
80000,29498
80000,29469
80000,29395
81000,29943
81000,29683
81000,29807
81000,29817
81000,29906
81000,29835
81000,29922
81000,29869
81000,29801
81000,29780
81000,29941
81000,29796
81000,29775
81000,29782
81000,29763
81000,29855
81000,29802
81000,29645
81000,29812
81000,29609
81000,29634
81000,29916
81000,29797
81000,29853
81000,29868
81000,29802
81000,30015
81000,29849
81000,29731
81000,29617
81000,29814
81000,29905
81000,29712
81000,29869
81000,29902
81000,29868
81000,29818
81000,29974
81000,29710
81000,29839
81000,29680
81000,29707
81000,29750
81000,29961
81000,29878
81000,29648
81000,29869
81000,29697
81000,29765
81000,29948
82000,30103
82000,30155
82000,30230
82000,30281
82000,30120
82000,30140
82000,30315
82000,30143
82000,30291
82000,30214
82000,30159
82000,30206
82000,30210
82000,30155
82000,30066
82000,30261
82000,30144
82000,30127
82000,30220
82000,30273
82000,30183
82000,30205
82000,30277
82000,30368
82000,30010
82000,30137
82000,30146
82000,30065
82000,30254
82000,30220
82000,30144
82000,30112
82000,30060
82000,30156
82000,30181
82000,30063
82000,29962
82000,30132
82000,30093
82000,30193
82000,29915
82000,30337
82000,30138
82000,30213
82000,30125
82000,30272
82000,30153
82000,30205
82000,30232
82000,30225
83000,30402
83000,30512
83000,30617
83000,30477
83000,30504
83000,30557
83000,30597
83000,30699
83000,30529
83000,30659
83000,30622
83000,30614
83000,30589
83000,30407
83000,30579
83000,30584
83000,30536
83000,30522
83000,30616
83000,30431
83000,30412
83000,30704
83000,30546
83000,30782
83000,30568
83000,30492
83000,30468
83000,30529
83000,30445
83000,30506
83000,30518
83000,30693
83000,30499
83000,30454
83000,30552
83000,30615
83000,30395
83000,30479
83000,30519
83000,30534
83000,30575
83000,30461
83000,30544
83000,30542
83000,30558
83000,30671
83000,30483
83000,30407
83000,30547
83000,30541
84000,30846
84000,31057
84000,31021
84000,30977
84000,30794
84000,31023
84000,30847
84000,30813
84000,30951
84000,30902
84000,30995
84000,30938
84000,30946
84000,30806
84000,30857
84000,30962
84000,30868
84000,30956
84000,30798
84000,30786
84000,31020
84000,30849
84000,31076
84000,30771
84000,30947
84000,30890
84000,30741
84000,30740
84000,30769
84000,30947
84000,30972
84000,30868
84000,30818
84000,30905
84000,31005
84000,30778
84000,30965
84000,31069
84000,30855
84000,30962
84000,30718
84000,31034
84000,30826
84000,30858
84000,30858
84000,30959
84000,30935
84000,30951
84000,30920
84000,30930
85000,31357
85000,31106
85000,31178
85000,31173
85000,31267
85000,31396
85000,31091
85000,31182
85000,31254
85000,31186
85000,31147
85000,31391
85000,31372
85000,31223
85000,31162
85000,31290
85000,31132
85000,31281
85000,31321
85000,31366
85000,31204
85000,31320
85000,31285
85000,31395
85000,31282
85000,31175
85000,31317
85000,31266
85000,31197
85000,31394
85000,31093
85000,31370
85000,31296
85000,31268
85000,31092
85000,31290
85000,31056
85000,31180
85000,31334
85000,31319
85000,31231
85000,31351
85000,31259
85000,31243
85000,31200
85000,31140
85000,31236
85000,31378
85000,31299
85000,31381
86000,31645
86000,31694
86000,31818
86000,31837
86000,31792
86000,31656
86000,31599
86000,31685
86000,31694
86000,31612
86000,31567
86000,31666
86000,31701
86000,31764
86000,31825
86000,31642
86000,31751
86000,31566
86000,31557
86000,31648
86000,31624
86000,31644
86000,31584
86000,31636
86000,31560
86000,31419
86000,31680
86000,31676
86000,31474
86000,31618
86000,31659
86000,31713
86000,31576
86000,31594
86000,31725
86000,31715
86000,31631
86000,31636
86000,31656
86000,31625
86000,31690
86000,31502
86000,31729
86000,31702
86000,31427
86000,31630
86000,31627
86000,31640
86000,31578
86000,31674
87000,32070
87000,32048
87000,32008
87000,32055
87000,32127
87000,31920
87000,32128
87000,31978
87000,32196
87000,31971
87000,32123
87000,32084
87000,32137
87000,32015
87000,31798
87000,32059
87000,31966
87000,32001
87000,32158
87000,31975
87000,31988
87000,32093
87000,32069
87000,31819
87000,31751
87000,31901
87000,31941
87000,32142
87000,32001
87000,32088
87000,32072
87000,32073
87000,31922
87000,32199
87000,32098
87000,31944
87000,31987
87000,32043
87000,31962
87000,32063
87000,32104
87000,32099
87000,31940
87000,32003
87000,32093
87000,31976
87000,32026
87000,31952
87000,31858
87000,32020
88000,32254
88000,32520
88000,32258
88000,32322
88000,32351
88000,32379
88000,32592
88000,32337
88000,32397
88000,32417
88000,32373
88000,32378
88000,32280
88000,32327
88000,32367
88000,32464
88000,32480
88000,32338
88000,32340
88000,32442
88000,32323
88000,32338
88000,32325
88000,32483
88000,32359
88000,32366
88000,32352
88000,32335
88000,32336
88000,32271
88000,32493
88000,32349
88000,32375
88000,32279
88000,32505
88000,32470
88000,32424
88000,32211
88000,32520
88000,32137
88000,32333
88000,32556
88000,32201
88000,32360
88000,32254
88000,32390
88000,32333
88000,32324
88000,32530
88000,32403
89000,32567
89000,32630
89000,32761
89000,32704
89000,32833
89000,32829
89000,32695
89000,32746
89000,32777
89000,32856
89000,32752
89000,32898
89000,32759
89000,32741
89000,32811
89000,32814
89000,32705
89000,32672
89000,32763
89000,32943
89000,32723
89000,32849
89000,32740
89000,33002
89000,32843
89000,32644
89000,32683
89000,32690
89000,32785
89000,32688
89000,32764
89000,32796
89000,32741
89000,32890
89000,32667
89000,32568
89000,32700
89000,32767
89000,32724
89000,32683
89000,32857
89000,32674
89000,32765
89000,32843
89000,32657
89000,32781
89000,32746
89000,32666
89000,32699
89000,32779
90000,33164
90000,33117
90000,33086
90000,33265
90000,33118
90000,33043
90000,33217
90000,33059
90000,33161
90000,33195
90000,33027
90000,33024
90000,33096
90000,33282
90000,33070
90000,33132
90000,33072
90000,33095
90000,33152
90000,33066
90000,33030
90000,33080
90000,33051
90000,33165
90000,33060
90000,33044
90000,33094
90000,33056
90000,33231
90000,33169
90000,32999
90000,33122
90000,33048
90000,33185
90000,33119
90000,33193
90000,32987
90000,33048
90000,33055
90000,32949
90000,33018
90000,33092
90000,33169
90000,32986
90000,33182
90000,33013
90000,33074
90000,33166
90000,33058
90000,33136
91000,33383
91000,33363
91000,33447
91000,33620
91000,33571
91000,33389
91000,33563
91000,33456
91000,33405
91000,33363
91000,33358
91000,33527
91000,33486
91000,33573
91000,33553
91000,33312
91000,33503
91000,33462
91000,33449
91000,33454
91000,33486
91000,33335
91000,33648
91000,33466
91000,33408
91000,33432
91000,33460
91000,33477
91000,33411
91000,33534
91000,33486
91000,33525
91000,33485
91000,33559
91000,33600
91000,33502
91000,33474
91000,33609
91000,33479
91000,33474
91000,33395
91000,33639
91000,33401
91000,33380
91000,33472
91000,33458
91000,33477
91000,33387
91000,33719
91000,33458
92000,33766
92000,33920
92000,33798
92000,33868
92000,33755
92000,33976
92000,33783
92000,33952
92000,33729
92000,33853
92000,33923
92000,33703
92000,33779
92000,33913
92000,33882
92000,33815
92000,33736
92000,33731
92000,33859
92000,33712
92000,33745
92000,33808
92000,33859
92000,33946
92000,33900
92000,33754
92000,33693
92000,33948
92000,33804
92000,33968
92000,33893
92000,33839
92000,33853
92000,33791
92000,33764
92000,33726
92000,33764
92000,33845
92000,33975
92000,33744
92000,33842
92000,33694
92000,33898
92000,33832
92000,33882
92000,33733
92000,33920
92000,33927
92000,33625
92000,33853
93000,34249
93000,34236
93000,34103
93000,34285
93000,34062
93000,34171
93000,34184
93000,34116
93000,34270
93000,34185
93000,34260
93000,34473
93000,34167
93000,34273
93000,34314
93000,34216
93000,34310
93000,34320
93000,34213
93000,34207
93000,34300
93000,34306
93000,34089
93000,34291
93000,34136
93000,33985
93000,34152
93000,34101
93000,34239
93000,34136
93000,34058
93000,34066
93000,34133
93000,34407
93000,34231
93000,34059
93000,34286
93000,34255
93000,34284
93000,34383
93000,34145
93000,34290
93000,34132
93000,34351
93000,34264
93000,34186
93000,34255
93000,34078
93000,34381
93000,34351
94000,34516
94000,34459
94000,34731
94000,34626
94000,34497
94000,34616
94000,34420
94000,34592
94000,34648
94000,34664
94000,34549
94000,34509
94000,34626
94000,34464
94000,34688
94000,34525
94000,34674
94000,34637
94000,34468
94000,34733
94000,34541
94000,34749
94000,34574
94000,34656
94000,34409
94000,34599
94000,34539
94000,34548
94000,34558
94000,34563
94000,34785
94000,34675
94000,34539
94000,34539
94000,34543
94000,34524
94000,34591
94000,34479
94000,34572
94000,34548
94000,34642
94000,34533
94000,34574
94000,34589
94000,34565
94000,34537
94000,34782
94000,34527
94000,34465
94000,34669
95000,34861
95000,34953
95000,34833
95000,35005
95000,34992
95000,34949
95000,34795
95000,35021
95000,34829
95000,35064
95000,34897
95000,35054
95000,34877
95000,34848
95000,34763
95000,35040
95000,34905
95000,34816
95000,34946
95000,35086
95000,34757
95000,34951
95000,35119
95000,34789
95000,34785
95000,35217
95000,34879
95000,34910
95000,34918
95000,34843
95000,35031
95000,34908
95000,34839
95000,34935
95000,34908
95000,34990
95000,35069
95000,34972
95000,34962
95000,34978
95000,35055
95000,34881
95000,35017
95000,34970
95000,34880
95000,34943
95000,35021
95000,34962
95000,34893
95000,34973
96000,35368
96000,35452
96000,35337
96000,35501
96000,35280
96000,35208
96000,35316
96000,35293
96000,35374
96000,35357
96000,35450
96000,35230
96000,35418
96000,35259
96000,35353
96000,35385
96000,35283
96000,35414
96000,35207
96000,35289
96000,35037
96000,35287
96000,35327
96000,35432
96000,35255
96000,35261
96000,35374
96000,35330
96000,35289
96000,35543
96000,35489
96000,35249
96000,35267
96000,35281
96000,35363
96000,35233
96000,35304
96000,35352
96000,35443
96000,35378
96000,35232
96000,35169
96000,35403
96000,35368
96000,35223
96000,35342
96000,35291
96000,35263
96000,35291
96000,35396
97000,35778
97000,35582
97000,35653
97000,35731
97000,35790
97000,35624
97000,35680
97000,35624
97000,35827
97000,35701
97000,35598
97000,35535
97000,35686
97000,35758
97000,35744
97000,35823
97000,35793
97000,35649
97000,35642
97000,35769
97000,35688
97000,35803
97000,35761
97000,35658
97000,35661
97000,35721
97000,35592
97000,35789
97000,35507
97000,35643
97000,35697
97000,35739
97000,35757
97000,35742
97000,35572
97000,35786
97000,35525
97000,35668
97000,35570
97000,35758
97000,35740
97000,35681
97000,35857
97000,35702
97000,35728
97000,35641
97000,35597
97000,35694
97000,35455
97000,35783
98000,35988
98000,36031
98000,36161
98000,36262
98000,36013
98000,35991
98000,36066
98000,35989
98000,35939
98000,35931
98000,36043
98000,36081
98000,36155
98000,36146
98000,36137
98000,35895
98000,36175
98000,36100
98000,36104
98000,36015
98000,36157
98000,35933
98000,35894
98000,36092
98000,36017
98000,36092
98000,36109
98000,35954
98000,36229
98000,36170
98000,36112
98000,36077
98000,36014
98000,36008
98000,35890
98000,36038
98000,36013
98000,36003
98000,36161
98000,35826
98000,36096
98000,35994
98000,36121
98000,36218
98000,36039
98000,36008
98000,36134
98000,36075
98000,35966
98000,36028
99000,36350
99000,36355
99000,36386
99000,36270
99000,36376
99000,36288
99000,36343
99000,36614
99000,36342
99000,36361
99000,36401
99000,36502
99000,36379
99000,36350
99000,36360
99000,36312
99000,36429
99000,36525
99000,36444
99000,36295
99000,36433
99000,36327
99000,36559
99000,36372
99000,36442
99000,36539
99000,36450
99000,36487
99000,36560
99000,36405
99000,36248
99000,36412
99000,36534
99000,36481
99000,36396
99000,36364
99000,36385
99000,36442
99000,36454
99000,36548
99000,36390
99000,36330
99000,36385
99000,36431
99000,36499
99000,36368
99000,36513
99000,36434
99000,36368
99000,36383
100000,36782
100000,36760
100000,36614
100000,36622
100000,36839
100000,36872
100000,36695
100000,36837
100000,36676
100000,36809
100000,36568
100000,36808
100000,36766
100000,36788
100000,36808
100000,36869
100000,36941
100000,36894
100000,36887
100000,36885
100000,36748
100000,36707
100000,36816
100000,36932
100000,36728
100000,36878
100000,36924
100000,36752
100000,36808
100000,36676
100000,36745
100000,36644
100000,36671
100000,36650
100000,36821
100000,36704
100000,36621
100000,36724
100000,36790
100000,36936
100000,36755
100000,36808
100000,36752
100000,36672
100000,36835
100000,36795
100000,36829
100000,36803
100000,36711
100000,36782
